{
    "type": "FeatureCollection",
    "features": [
        {
            "type": "Feature",
            "geometry": {
                "type": "Polygon",
                "coordinates": [
                    [
                        [
                            120.54912983600002,
                            14.74075461700005
                        ],
                        [
                            120.55219625900008,
                            14.705209836000051
                        ],
                        [
                            120.50527629400005,
                            14.692398725000032
                        ],
                        [
                            120.40956802700009,
                            14.700078456000028
                        ],
                        [
                            120.40032200500002,
                            14.711798445000056
                        ],
                        [
                            120.4514834470001,
                            14.74328850300003
                        ],
                        [
                            120.48768967500007,
                            14.754822206000028
                        ],
                        [
                            120.519016039,
                            14.75644799500003
                        ],
                        [
                            120.54912983600002,
                            14.74075461700005
                        ]
                    ]
                ]
            },
            "properties": {
                "Shape_Leng": 0.424301289301,
                "Shape_Area": 0.00645297270977,
                "ADM3_EN": "Abucay",
                "ADM3_PCODE": "PH030801000",
                "ADM3_REF": null,
                "ADM3ALT1EN": null,
                "ADM3ALT2EN": null,
                "ADM2_EN": "Bataan",
                "ADM2_PCODE": "PH030800000",
                "ADM1_EN": "Region III",
                "ADM1_PCODE": "PH030000000",
                "ADM0_EN": "Philippines (the)",
                "ADM0_PCODE": "PH",
                "date": "2016/06/15",
                "validOn": "2018/01/30"
            }
        },
        {
            "type": "Feature",
            "geometry": {
                "type": "Polygon",
                "coordinates": [
                    [
                        [
                            120.46406136500002,
                            14.603641839000034
                        ],
                        [
                            120.465056408,
                            14.569068486000049
                        ],
                        [
                            120.47632616600004,
                            14.539141382000025
                        ],
                        [
                            120.39182957300011,
                            14.465158013000064
                        ],
                        [
                            120.37474302800001,
                            14.524687197000048
                        ],
                        [
                            120.38998949300003,
                            14.537892413000066
                        ],
                        [
                            120.38291627700005,
                            14.568593554000074
                        ],
                        [
                            120.39280916300004,
                            14.587940439000022
                        ],
                        [
                            120.36803668300001,
                            14.625765517000048
                        ],
                        [
                            120.34635076100005,
                            14.631868223000026
                        ],
                        [
                            120.40032200500002,
                            14.711798445000056
                        ],
                        [
                            120.40956802700009,
                            14.700078456000028
                        ],
                        [
                            120.44585296600007,
                            14.639999311000054
                        ],
                        [
                            120.45994848500004,
                            14.633972138000047
                        ],
                        [
                            120.46406136500002,
                            14.603641839000034
                        ]
                    ]
                ]
            },
            "properties": {
                "Shape_Leng": 0.771231613273,
                "Shape_Area": 0.0158556249037,
                "ADM3_EN": "Bagac",
                "ADM3_PCODE": "PH030802000",
                "ADM3_REF": null,
                "ADM3ALT1EN": null,
                "ADM3ALT2EN": null,
                "ADM2_EN": "Bataan",
                "ADM2_PCODE": "PH030800000",
                "ADM1_EN": "Region III",
                "ADM1_PCODE": "PH030000000",
                "ADM0_EN": "Philippines (the)",
                "ADM0_PCODE": "PH",
                "date": "2016/06/15",
                "validOn": "2018/01/30"
            }
        },
        {
            "type": "Feature",
            "geometry": {
                "type": "Polygon",
                "coordinates": [
                    [
                        [
                            120.55912062900006,
                            14.688977959000056
                        ],
                        [
                            120.54776133900009,
                            14.663026117000072
                        ],
                        [
                            120.521420884,
                            14.635518414000046
                        ],
                        [
                            120.4792965150001,
                            14.636175930000036
                        ],
                        [
                            120.46904436400007,
                            14.601599101000033
                        ],
                        [
                            120.46406136500002,
                            14.603641839000034
                        ],
                        [
                            120.45994848500004,
                            14.633972138000047
                        ],
                        [
                            120.44585296600007,
                            14.639999311000054
                        ],
                        [
                            120.40956802700009,
                            14.700078456000028
                        ],
                        [
                            120.50527629400005,
                            14.692398725000032
                        ],
                        [
                            120.55219625900008,
                            14.705209836000051
                        ],
                        [
                            120.55912062900006,
                            14.688977959000056
                        ]
                    ]
                ]
            },
            "properties": {
                "Shape_Leng": 0.556947532077,
                "Shape_Area": 0.00751669484561,
                "ADM3_EN": "City of Balanga",
                "ADM3_PCODE": "PH030803000",
                "ADM3_REF": null,
                "ADM3ALT1EN": "Capital",
                "ADM3ALT2EN": null,
                "ADM2_EN": "Bataan",
                "ADM2_PCODE": "PH030800000",
                "ADM1_EN": "Region III",
                "ADM1_PCODE": "PH030000000",
                "ADM0_EN": "Philippines (the)",
                "ADM0_PCODE": "PH",
                "date": "2016/06/15",
                "validOn": "2018/01/30"
            }
        },
        {
            "type": "Feature",
            "geometry": {
                "type": "Polygon",
                "coordinates": [
                    [
                        [
                            120.47934569400002,
                            14.890787504000059
                        ],
                        [
                            120.47768865100011,
                            14.860554235000052
                        ],
                        [
                            120.44109522600002,
                            14.85903677400006
                        ],
                        [
                            120.40634211600002,
                            14.843403677000026
                        ],
                        [
                            120.37833608500011,
                            14.850868001000038
                        ],
                        [
                            120.33905559700008,
                            14.841486584000052
                        ],
                        [
                            120.34119403900002,
                            14.857304444000022
                        ],
                        [
                            120.40665743800002,
                            14.88570509300007
                        ],
                        [
                            120.42280570100002,
                            14.914471035000076
                        ],
                        [
                            120.4673985500001,
                            14.922759493000058
                        ],
                        [
                            120.4838347650001,
                            14.913516805000029
                        ],
                        [
                            120.47934569400002,
                            14.890787504000059
                        ]
                    ]
                ]
            },
            "properties": {
                "Shape_Leng": 0.551024208518,
                "Shape_Area": 0.00634165641549,
                "ADM3_EN": "Dinalupihan",
                "ADM3_PCODE": "PH030804000",
                "ADM3_REF": null,
                "ADM3ALT1EN": null,
                "ADM3ALT2EN": null,
                "ADM2_EN": "Bataan",
                "ADM2_PCODE": "PH030800000",
                "ADM1_EN": "Region III",
                "ADM1_PCODE": "PH030000000",
                "ADM0_EN": "Philippines (the)",
                "ADM0_PCODE": "PH",
                "date": "2016/06/15",
                "validOn": "2018/01/30"
            }
        },
        {
            "type": "Feature",
            "geometry": {
                "type": "Polygon",
                "coordinates": [
                    [
                        [
                            120.47934569400002,
                            14.890787504000059
                        ],
                        [
                            120.4920569200001,
                            14.888984074000064
                        ],
                        [
                            120.52996468200001,
                            14.832459915000072
                        ],
                        [
                            120.50365496800009,
                            14.81211038500004
                        ],
                        [
                            120.45404258500002,
                            14.806266291000043
                        ],
                        [
                            120.430288528,
                            14.762044054000057
                        ],
                        [
                            120.3956147130001,
                            14.744547584000031
                        ],
                        [
                            120.381437516,
                            14.744873626000071
                        ],
                        [
                            120.36058266300006,
                            14.777602718000026
                        ],
                        [
                            120.36109152900008,
                            14.792929272000038
                        ],
                        [
                            120.34021009000003,
                            14.817820355000038
                        ],
                        [
                            120.33905559700008,
                            14.841486584000052
                        ],
                        [
                            120.37833608500011,
                            14.850868001000038
                        ],
                        [
                            120.40634211600002,
                            14.843403677000026
                        ],
                        [
                            120.44109522600002,
                            14.85903677400006
                        ],
                        [
                            120.47768865100011,
                            14.860554235000052
                        ],
                        [
                            120.47934569400002,
                            14.890787504000059
                        ]
                    ]
                ]
            },
            "properties": {
                "Shape_Leng": 0.786950232654,
                "Shape_Area": 0.0125063525239,
                "ADM3_EN": "Hermosa",
                "ADM3_PCODE": "PH030805000",
                "ADM3_REF": null,
                "ADM3ALT1EN": null,
                "ADM3ALT2EN": null,
                "ADM2_EN": "Bataan",
                "ADM2_PCODE": "PH030800000",
                "ADM1_EN": "Region III",
                "ADM1_PCODE": "PH030000000",
                "ADM0_EN": "Philippines (the)",
                "ADM0_PCODE": "PH",
                "date": "2016/06/15",
                "validOn": "2018/01/30"
            }
        },
        {
            "type": "Feature",
            "geometry": {
                "type": "Polygon",
                "coordinates": [
                    [
                        [
                            120.61101563800003,
                            14.511469778000048
                        ],
                        [
                            120.61097262100009,
                            14.511440280000045
                        ],
                        [
                            120.61092647700002,
                            14.511408636000056
                        ],
                        [
                            120.56130444700011,
                            14.504748130000053
                        ],
                        [
                            120.47632616600004,
                            14.539141382000025
                        ],
                        [
                            120.5172574830001,
                            14.541802632000042
                        ],
                        [
                            120.55182263200004,
                            14.558990180000023
                        ],
                        [
                            120.56584382000005,
                            14.575284762000024
                        ],
                        [
                            120.59267935000003,
                            14.581285602000037
                        ],
                        [
                            120.61101563800003,
                            14.511469778000048
                        ]
                    ]
                ]
            },
            "properties": {
                "Shape_Leng": 0.424100781619,
                "Shape_Area": 0.00509013971065,
                "ADM3_EN": "Limay",
                "ADM3_PCODE": "PH030806000",
                "ADM3_REF": null,
                "ADM3ALT1EN": null,
                "ADM3ALT2EN": null,
                "ADM2_EN": "Bataan",
                "ADM2_PCODE": "PH030800000",
                "ADM1_EN": "Region III",
                "ADM1_PCODE": "PH030000000",
                "ADM0_EN": "Philippines (the)",
                "ADM0_PCODE": "PH",
                "date": "2016/06/15",
                "validOn": "2018/01/30"
            }
        },
        {
            "type": "Feature",
            "geometry": {
                "type": "Polygon",
                "coordinates": [
                    [
                        [
                            120.61092647700002,
                            14.511408636000056
                        ],
                        [
                            120.60237232400004,
                            14.461890157000028
                        ],
                        [
                            120.57636991600009,
                            14.431959074000076
                        ],
                        [
                            120.54005307500006,
                            14.421159443000022
                        ],
                        [
                            120.50669454900003,
                            14.435752036000054
                        ],
                        [
                            120.46535926700005,
                            14.42128064600007
                        ],
                        [
                            120.44478092700001,
                            14.446346042000073
                        ],
                        [
                            120.39127797600008,
                            14.464698213000077
                        ],
                        [
                            120.39136740600009,
                            14.464740164000034
                        ],
                        [
                            120.39182957300011,
                            14.465158013000064
                        ],
                        [
                            120.47632616600004,
                            14.539141382000025
                        ],
                        [
                            120.56130444700011,
                            14.504748130000053
                        ],
                        [
                            120.61092647700002,
                            14.511408636000056
                        ]
                    ]
                ]
            },
            "properties": {
                "Shape_Leng": 1.02816239365,
                "Shape_Area": 0.0162903154644,
                "ADM3_EN": "Mariveles",
                "ADM3_PCODE": "PH030807000",
                "ADM3_REF": null,
                "ADM3ALT1EN": null,
                "ADM3ALT2EN": null,
                "ADM2_EN": "Bataan",
                "ADM2_PCODE": "PH030800000",
                "ADM1_EN": "Region III",
                "ADM1_PCODE": "PH030000000",
                "ADM0_EN": "Philippines (the)",
                "ADM0_PCODE": "PH",
                "date": "2016/06/15",
                "validOn": "2018/01/30"
            }
        },
        {
            "type": "Feature",
            "geometry": {
                "type": "Polygon",
                "coordinates": [
                    [
                        [
                            120.3956147130001,
                            14.744547584000031
                        ],
                        [
                            120.42257137600006,
                            14.74342904100007
                        ],
                        [
                            120.40032200500002,
                            14.711798445000056
                        ],
                        [
                            120.34635076100005,
                            14.631868223000026
                        ],
                        [
                            120.31487632400001,
                            14.626121303000048
                        ],
                        [
                            120.29232886500006,
                            14.655530363000025
                        ],
                        [
                            120.24818179700003,
                            14.692287459000056
                        ],
                        [
                            120.2502833420001,
                            14.726266689000056
                        ],
                        [
                            120.36058266300006,
                            14.777602718000026
                        ],
                        [
                            120.381437516,
                            14.744873626000071
                        ],
                        [
                            120.3956147130001,
                            14.744547584000031
                        ]
                    ]
                ]
            },
            "properties": {
                "Shape_Leng": 0.624160909579,
                "Shape_Area": 0.0145683956152,
                "ADM3_EN": "Morong",
                "ADM3_PCODE": "PH030808000",
                "ADM3_REF": null,
                "ADM3ALT1EN": null,
                "ADM3ALT2EN": null,
                "ADM2_EN": "Bataan",
                "ADM2_PCODE": "PH030800000",
                "ADM1_EN": "Region III",
                "ADM1_PCODE": "PH030000000",
                "ADM0_EN": "Philippines (the)",
                "ADM0_PCODE": "PH",
                "date": "2016/06/15",
                "validOn": "2018/01/30"
            }
        },
        {
            "type": "Feature",
            "geometry": {
                "type": "Polygon",
                "coordinates": [
                    [
                        [
                            120.54723027900002,
                            14.786174901000038
                        ],
                        [
                            120.484387534,
                            14.784157906000075
                        ],
                        [
                            120.44484715800002,
                            14.753264496000043
                        ],
                        [
                            120.42257137600006,
                            14.74342904100007
                        ],
                        [
                            120.3956147130001,
                            14.744547584000031
                        ],
                        [
                            120.430288528,
                            14.762044054000057
                        ],
                        [
                            120.45404258500002,
                            14.806266291000043
                        ],
                        [
                            120.50365496800009,
                            14.81211038500004
                        ],
                        [
                            120.52996468200001,
                            14.832459915000072
                        ],
                        [
                            120.5495403000001,
                            14.82231540400005
                        ],
                        [
                            120.54723027900002,
                            14.786174901000038
                        ]
                    ]
                ]
            },
            "properties": {
                "Shape_Leng": 0.613383672122,
                "Shape_Area": 0.00450480925413,
                "ADM3_EN": "Orani",
                "ADM3_PCODE": "PH030809000",
                "ADM3_REF": null,
                "ADM3ALT1EN": null,
                "ADM3ALT2EN": null,
                "ADM2_EN": "Bataan",
                "ADM2_PCODE": "PH030800000",
                "ADM1_EN": "Region III",
                "ADM1_PCODE": "PH030000000",
                "ADM0_EN": "Philippines (the)",
                "ADM0_PCODE": "PH",
                "date": "2016/06/15",
                "validOn": "2018/01/30"
            }
        },
        {
            "type": "Feature",
            "geometry": {
                "type": "Polygon",
                "coordinates": [
                    [
                        [
                            120.59267935000003,
                            14.581285602000037
                        ],
                        [
                            120.56584382000005,
                            14.575284762000024
                        ],
                        [
                            120.55182263200004,
                            14.558990180000023
                        ],
                        [
                            120.5172574830001,
                            14.541802632000042
                        ],
                        [
                            120.47632616600004,
                            14.539141382000025
                        ],
                        [
                            120.465056408,
                            14.569068486000049
                        ],
                        [
                            120.46406136500002,
                            14.603641839000034
                        ],
                        [
                            120.46904436400007,
                            14.601599101000033
                        ],
                        [
                            120.50994564100006,
                            14.583172625000032
                        ],
                        [
                            120.52548158400009,
                            14.606581758000061
                        ],
                        [
                            120.52282089000005,
                            14.62540057700005
                        ],
                        [
                            120.56252775900009,
                            14.643406785000025
                        ],
                        [
                            120.57774852000011,
                            14.658174625000072
                        ],
                        [
                            120.59267935000003,
                            14.581285602000037
                        ]
                    ]
                ]
            },
            "properties": {
                "Shape_Leng": 0.563840085603,
                "Shape_Area": 0.00751869478425,
                "ADM3_EN": "Orion",
                "ADM3_PCODE": "PH030810000",
                "ADM3_REF": null,
                "ADM3ALT1EN": null,
                "ADM3ALT2EN": null,
                "ADM2_EN": "Bataan",
                "ADM2_PCODE": "PH030800000",
                "ADM1_EN": "Region III",
                "ADM1_PCODE": "PH030000000",
                "ADM0_EN": "Philippines (the)",
                "ADM0_PCODE": "PH",
                "date": "2016/06/15",
                "validOn": "2018/01/30"
            }
        },
        {
            "type": "Feature",
            "geometry": {
                "type": "Polygon",
                "coordinates": [
                    [
                        [
                            120.57774852000011,
                            14.658174625000072
                        ],
                        [
                            120.56252775900009,
                            14.643406785000025
                        ],
                        [
                            120.52282089000005,
                            14.62540057700005
                        ],
                        [
                            120.52548158400009,
                            14.606581758000061
                        ],
                        [
                            120.50994564100006,
                            14.583172625000032
                        ],
                        [
                            120.46904436400007,
                            14.601599101000033
                        ],
                        [
                            120.4792965150001,
                            14.636175930000036
                        ],
                        [
                            120.521420884,
                            14.635518414000046
                        ],
                        [
                            120.54776133900009,
                            14.663026117000072
                        ],
                        [
                            120.55912062900006,
                            14.688977959000056
                        ],
                        [
                            120.57774852000011,
                            14.658174625000072
                        ]
                    ]
                ]
            },
            "properties": {
                "Shape_Leng": 0.438888305067,
                "Shape_Area": 0.00382153830626,
                "ADM3_EN": "Pilar",
                "ADM3_PCODE": "PH030811000",
                "ADM3_REF": null,
                "ADM3ALT1EN": null,
                "ADM3ALT2EN": null,
                "ADM2_EN": "Bataan",
                "ADM2_PCODE": "PH030800000",
                "ADM1_EN": "Region III",
                "ADM1_PCODE": "PH030000000",
                "ADM0_EN": "Philippines (the)",
                "ADM0_PCODE": "PH",
                "date": "2016/06/15",
                "validOn": "2018/01/30"
            }
        },
        {
            "type": "Feature",
            "geometry": {
                "type": "Polygon",
                "coordinates": [
                    [
                        [
                            120.54723027900002,
                            14.786174901000038
                        ],
                        [
                            120.54912983600002,
                            14.74075461700005
                        ],
                        [
                            120.519016039,
                            14.75644799500003
                        ],
                        [
                            120.48768967500007,
                            14.754822206000028
                        ],
                        [
                            120.4514834470001,
                            14.74328850300003
                        ],
                        [
                            120.40032200500002,
                            14.711798445000056
                        ],
                        [
                            120.42257137600006,
                            14.74342904100007
                        ],
                        [
                            120.44484715800002,
                            14.753264496000043
                        ],
                        [
                            120.484387534,
                            14.784157906000075
                        ],
                        [
                            120.54723027900002,
                            14.786174901000038
                        ]
                    ]
                ]
            },
            "properties": {
                "Shape_Leng": 0.479975097695,
                "Shape_Area": 0.00398826657105,
                "ADM3_EN": "Samal",
                "ADM3_PCODE": "PH030812000",
                "ADM3_REF": null,
                "ADM3ALT1EN": null,
                "ADM3ALT2EN": null,
                "ADM2_EN": "Bataan",
                "ADM2_PCODE": "PH030800000",
                "ADM1_EN": "Region III",
                "ADM1_PCODE": "PH030000000",
                "ADM0_EN": "Philippines (the)",
                "ADM0_PCODE": "PH",
                "date": "2016/06/15",
                "validOn": "2018/01/30"
            }
        },
        {
            "type": "Feature",
            "geometry": {
                "type": "MultiPolygon",
                "coordinates": [
                    [
                        [
                            [
                                121.03353271100002,
                                14.911199626000041
                            ],
                            [
                                121.02078335400006,
                                14.891560991000063
                            ],
                            [
                                121.00007929900005,
                                14.894102731000032
                            ],
                            [
                                120.96296742000004,
                                14.914453782000066
                            ],
                            [
                                120.95939887400004,
                                14.949525091000055
                            ],
                            [
                                120.9890166890001,
                                14.945091191000074
                            ],
                            [
                                121.00247087900004,
                                14.957780959000047
                            ],
                            [
                                121.0345161360001,
                                14.929714999000055
                            ],
                            [
                                121.03353271100002,
                                14.911199626000041
                            ]
                        ]
                    ],
                    [
                        [
                            [
                                121.06001750700011,
                                14.948693150000054
                            ],
                            [
                                121.05187106100004,
                                14.917126073000077
                            ],
                            [
                                121.01817435700002,
                                14.956274170000029
                            ],
                            [
                                121.02629634100003,
                                14.962277589000053
                            ],
                            [
                                121.06001750700011,
                                14.948693150000054
                            ]
                        ]
                    ]
                ]
            },
            "properties": {
                "Shape_Leng": 0.563571783292,
                "Shape_Area": 0.00415053120895,
                "ADM3_EN": "Angat",
                "ADM3_PCODE": "PH031401000",
                "ADM3_REF": null,
                "ADM3ALT1EN": null,
                "ADM3ALT2EN": null,
                "ADM2_EN": "Bulacan",
                "ADM2_PCODE": "PH031400000",
                "ADM1_EN": "Region III",
                "ADM1_PCODE": "PH030000000",
                "ADM0_EN": "Philippines (the)",
                "ADM0_PCODE": "PH",
                "date": "2016/06/15",
                "validOn": "2018/01/30"
            }
        },
        {
            "type": "Feature",
            "geometry": {
                "type": "Polygon",
                "coordinates": [
                    [
                        [
                            120.92719888300007,
                            14.830164997000054
                        ],
                        [
                            120.90566397700002,
                            14.784231372000022
                        ],
                        [
                            120.89142116700009,
                            14.814842762000069
                        ],
                        [
                            120.89918273500007,
                            14.866661650000026
                        ],
                        [
                            120.90707347900002,
                            14.871764743000028
                        ],
                        [
                            120.92719888300007,
                            14.830164997000054
                        ]
                    ]
                ]
            },
            "properties": {
                "Shape_Leng": 0.291356788948,
                "Shape_Area": 0.0018036423512,
                "ADM3_EN": "Balagtas",
                "ADM3_PCODE": "PH031402000",
                "ADM3_REF": null,
                "ADM3ALT1EN": "Bigaa",
                "ADM3ALT2EN": null,
                "ADM2_EN": "Bulacan",
                "ADM2_PCODE": "PH031400000",
                "ADM1_EN": "Region III",
                "ADM1_PCODE": "PH030000000",
                "ADM0_EN": "Philippines (the)",
                "ADM0_PCODE": "PH",
                "date": "2016/06/15",
                "validOn": "2018/01/30"
            }
        },
        {
            "type": "Feature",
            "geometry": {
                "type": "Polygon",
                "coordinates": [
                    [
                        [
                            120.9225200190001,
                            14.96375106000005
                        ],
                        [
                            120.89040638100005,
                            14.920987530000048
                        ],
                        [
                            120.89328195100006,
                            14.911978075000036
                        ],
                        [
                            120.85580789700009,
                            14.922816522000062
                        ],
                        [
                            120.84911058500006,
                            14.957067304000077
                        ],
                        [
                            120.8930820060001,
                            15.015760345000047
                        ],
                        [
                            120.9225200190001,
                            14.96375106000005
                        ]
                    ]
                ]
            },
            "properties": {
                "Shape_Leng": 0.404831115341,
                "Shape_Area": 0.0038445909584,
                "ADM3_EN": "Baliuag",
                "ADM3_PCODE": "PH031403000",
                "ADM3_REF": null,
                "ADM3ALT1EN": null,
                "ADM3ALT2EN": null,
                "ADM2_EN": "Bulacan",
                "ADM2_PCODE": "PH031400000",
                "ADM1_EN": "Region III",
                "ADM1_PCODE": "PH030000000",
                "ADM0_EN": "Philippines (the)",
                "ADM0_PCODE": "PH",
                "date": "2016/06/15",
                "validOn": "2018/01/30"
            }
        },
        {
            "type": "Feature",
            "geometry": {
                "type": "Polygon",
                "coordinates": [
                    [
                        [
                            120.95096273900003,
                            14.844527219000042
                        ],
                        [
                            120.96119559300007,
                            14.78531177900004
                        ],
                        [
                            120.92218369700004,
                            14.763330215000053
                        ],
                        [
                            120.91512261900004,
                            14.766244732000075
                        ],
                        [
                            120.90566397700002,
                            14.784231372000022
                        ],
                        [
                            120.92719888300007,
                            14.830164997000054
                        ],
                        [
                            120.95096273900003,
                            14.844527219000042
                        ]
                    ]
                ]
            },
            "properties": {
                "Shape_Leng": 0.300731751657,
                "Shape_Area": 0.00221241988344,
                "ADM3_EN": "Bocaue",
                "ADM3_PCODE": "PH031404000",
                "ADM3_REF": null,
                "ADM3ALT1EN": null,
                "ADM3ALT2EN": null,
                "ADM2_EN": "Bulacan",
                "ADM2_PCODE": "PH031400000",
                "ADM1_EN": "Region III",
                "ADM1_PCODE": "PH030000000",
                "ADM0_EN": "Philippines (the)",
                "ADM0_PCODE": "PH",
                "date": "2016/06/15",
                "validOn": "2018/01/30"
            }
        },
        {
            "type": "Feature",
            "geometry": {
                "type": "Polygon",
                "coordinates": [
                    [
                        [
                            120.89142116700009,
                            14.814842762000069
                        ],
                        [
                            120.90566397700002,
                            14.784231372000022
                        ],
                        [
                            120.91512261900004,
                            14.766244732000075
                        ],
                        [
                            120.90044368500003,
                            14.747587724000027
                        ],
                        [
                            120.90287439300005,
                            14.723927337000077
                        ],
                        [
                            120.88765984000008,
                            14.70994905200007
                        ],
                        [
                            120.83682552300002,
                            14.74588532200005
                        ],
                        [
                            120.82632309200005,
                            14.770624134000059
                        ],
                        [
                            120.86617458700005,
                            14.820866962000025
                        ],
                        [
                            120.89142116700009,
                            14.814842762000069
                        ]
                    ]
                ]
            },
            "properties": {
                "Shape_Leng": 0.469541395892,
                "Shape_Area": 0.00607221215711,
                "ADM3_EN": "Bulacan",
                "ADM3_PCODE": "PH031405000",
                "ADM3_REF": null,
                "ADM3ALT1EN": null,
                "ADM3ALT2EN": null,
                "ADM2_EN": "Bulacan",
                "ADM2_PCODE": "PH031400000",
                "ADM1_EN": "Region III",
                "ADM1_PCODE": "PH030000000",
                "ADM0_EN": "Philippines (the)",
                "ADM0_PCODE": "PH",
                "date": "2016/06/15",
                "validOn": "2018/01/30"
            }
        },
        {
            "type": "Feature",
            "geometry": {
                "type": "Polygon",
                "coordinates": [
                    [
                        [
                            120.9551291890001,
                            14.956728273000067
                        ],
                        [
                            120.95939887400004,
                            14.949525091000055
                        ],
                        [
                            120.96296742000004,
                            14.914453782000066
                        ],
                        [
                            120.90560132500002,
                            14.892586728000026
                        ],
                        [
                            120.89040638100005,
                            14.920987530000048
                        ],
                        [
                            120.9225200190001,
                            14.96375106000005
                        ],
                        [
                            120.9551291890001,
                            14.956728273000067
                        ]
                    ]
                ]
            },
            "properties": {
                "Shape_Leng": 0.31363985025,
                "Shape_Area": 0.00334885682799,
                "ADM3_EN": "Bustos",
                "ADM3_PCODE": "PH031406000",
                "ADM3_REF": null,
                "ADM3ALT1EN": null,
                "ADM3ALT2EN": null,
                "ADM2_EN": "Bulacan",
                "ADM2_PCODE": "PH031400000",
                "ADM1_EN": "Region III",
                "ADM1_PCODE": "PH030000000",
                "ADM0_EN": "Philippines (the)",
                "ADM0_PCODE": "PH",
                "date": "2016/06/15",
                "validOn": "2018/01/30"
            }
        },
        {
            "type": "Feature",
            "geometry": {
                "type": "Polygon",
                "coordinates": [
                    [
                        [
                            120.80278833800003,
                            14.901639916000022
                        ],
                        [
                            120.8049779590001,
                            14.891166791000046
                        ],
                        [
                            120.78154180100012,
                            14.868383700000038
                        ],
                        [
                            120.77455784000006,
                            14.868719627000075
                        ],
                        [
                            120.73506465500009,
                            14.872973665000075
                        ],
                        [
                            120.74316107100003,
                            14.930947609000043
                        ],
                        [
                            120.79374105600004,
                            14.937171343000045
                        ],
                        [
                            120.80278833800003,
                            14.901639916000022
                        ]
                    ]
                ]
            },
            "properties": {
                "Shape_Leng": 0.326536955682,
                "Shape_Area": 0.00393096664838,
                "ADM3_EN": "Calumpit",
                "ADM3_PCODE": "PH031407000",
                "ADM3_REF": null,
                "ADM3ALT1EN": null,
                "ADM3ALT2EN": null,
                "ADM2_EN": "Bulacan",
                "ADM2_PCODE": "PH031400000",
                "ADM1_EN": "Region III",
                "ADM1_PCODE": "PH030000000",
                "ADM0_EN": "Philippines (the)",
                "ADM0_PCODE": "PH",
                "date": "2016/06/15",
                "validOn": "2018/01/30"
            }
        },
        {
            "type": "Feature",
            "geometry": {
                "type": "Polygon",
                "coordinates": [
                    [
                        [
                            120.89918273500007,
                            14.866661650000026
                        ],
                        [
                            120.89142116700009,
                            14.814842762000069
                        ],
                        [
                            120.86617458700005,
                            14.820866962000025
                        ],
                        [
                            120.85452280900006,
                            14.86526678000007
                        ],
                        [
                            120.89918273500007,
                            14.866661650000026
                        ]
                    ]
                ]
            },
            "properties": {
                "Shape_Leng": 0.250979068382,
                "Shape_Area": 0.0018740470418,
                "ADM3_EN": "Guiguinto",
                "ADM3_PCODE": "PH031408000",
                "ADM3_REF": null,
                "ADM3ALT1EN": null,
                "ADM3ALT2EN": null,
                "ADM2_EN": "Bulacan",
                "ADM2_PCODE": "PH031400000",
                "ADM1_EN": "Region III",
                "ADM1_PCODE": "PH030000000",
                "ADM0_EN": "Philippines (the)",
                "ADM0_PCODE": "PH",
                "date": "2016/06/15",
                "validOn": "2018/01/30"
            }
        },
        {
            "type": "Feature",
            "geometry": {
                "type": "Polygon",
                "coordinates": [
                    [
                        [
                            120.77455784000006,
                            14.868719627000075
                        ],
                        [
                            120.7626144300001,
                            14.83652416600006
                        ],
                        [
                            120.76721255000007,
                            14.768831383000077
                        ],
                        [
                            120.68703221300007,
                            14.773480495000058
                        ],
                        [
                            120.69810754800005,
                            14.830804838000063
                        ],
                        [
                            120.73506465500009,
                            14.872973665000075
                        ],
                        [
                            120.77455784000006,
                            14.868719627000075
                        ]
                    ]
                ]
            },
            "properties": {
                "Shape_Leng": 0.546232775666,
                "Shape_Area": 0.00700192407927,
                "ADM3_EN": "Hagonoy",
                "ADM3_PCODE": "PH031409000",
                "ADM3_REF": null,
                "ADM3ALT1EN": null,
                "ADM3ALT2EN": null,
                "ADM2_EN": "Bulacan",
                "ADM2_PCODE": "PH031400000",
                "ADM1_EN": "Region III",
                "ADM1_PCODE": "PH030000000",
                "ADM0_EN": "Philippines (the)",
                "ADM0_PCODE": "PH",
                "date": "2016/06/15",
                "validOn": "2018/01/30"
            }
        },
        {
            "type": "Feature",
            "geometry": {
                "type": "Polygon",
                "coordinates": [
                    [
                        [
                            120.85452280900006,
                            14.86526678000007
                        ],
                        [
                            120.86617458700005,
                            14.820866962000025
                        ],
                        [
                            120.82632309200005,
                            14.770624134000059
                        ],
                        [
                            120.80370175500002,
                            14.757803225000032
                        ],
                        [
                            120.80103311300002,
                            14.840341529000057
                        ],
                        [
                            120.78154180100012,
                            14.868383700000038
                        ],
                        [
                            120.8049779590001,
                            14.891166791000046
                        ],
                        [
                            120.85452280900006,
                            14.86526678000007
                        ]
                    ]
                ]
            },
            "properties": {
                "Shape_Leng": 0.618205130641,
                "Shape_Area": 0.00594809658635,
                "ADM3_EN": "City of Malolos",
                "ADM3_PCODE": "PH031410000",
                "ADM3_REF": null,
                "ADM3ALT1EN": "Capital",
                "ADM3ALT2EN": null,
                "ADM2_EN": "Bulacan",
                "ADM2_PCODE": "PH031400000",
                "ADM1_EN": "Region III",
                "ADM1_PCODE": "PH030000000",
                "ADM0_EN": "Philippines (the)",
                "ADM0_PCODE": "PH",
                "date": "2016/06/15",
                "validOn": "2018/01/30"
            }
        },
        {
            "type": "Feature",
            "geometry": {
                "type": "Polygon",
                "coordinates": [
                    [
                        [
                            121.01336976100004,
                            14.80172258500005
                        ],
                        [
                            121.028329718,
                            14.781832778000023
                        ],
                        [
                            121.023732171,
                            14.77278364600005
                        ],
                        [
                            121.0026142690001,
                            14.783637500000054
                        ],
                        [
                            120.94164780900007,
                            14.738630583000031
                        ],
                        [
                            120.92218369700004,
                            14.763330215000053
                        ],
                        [
                            120.96119559300007,
                            14.78531177900004
                        ],
                        [
                            121.01336976100004,
                            14.80172258500005
                        ]
                    ]
                ]
            },
            "properties": {
                "Shape_Leng": 0.406381821012,
                "Shape_Area": 0.0023792511482,
                "ADM3_EN": "Marilao",
                "ADM3_PCODE": "PH031411000",
                "ADM3_REF": null,
                "ADM3ALT1EN": null,
                "ADM3ALT2EN": null,
                "ADM2_EN": "Bulacan",
                "ADM2_PCODE": "PH031400000",
                "ADM1_EN": "Region III",
                "ADM1_PCODE": "PH030000000",
                "ADM0_EN": "Philippines (the)",
                "ADM0_PCODE": "PH",
                "date": "2016/06/15",
                "validOn": "2018/01/30"
            }
        },
        {
            "type": "Feature",
            "geometry": {
                "type": "Polygon",
                "coordinates": [
                    [
                        [
                            121.023732171,
                            14.77278364600005
                        ],
                        [
                            120.97852281100006,
                            14.734806719000062
                        ],
                        [
                            120.92701620000003,
                            14.736080406000042
                        ],
                        [
                            120.90044368500003,
                            14.747587724000027
                        ],
                        [
                            120.91512261900004,
                            14.766244732000075
                        ],
                        [
                            120.92218369700004,
                            14.763330215000053
                        ],
                        [
                            120.94164780900007,
                            14.738630583000031
                        ],
                        [
                            121.0026142690001,
                            14.783637500000054
                        ],
                        [
                            121.023732171,
                            14.77278364600005
                        ]
                    ]
                ]
            },
            "properties": {
                "Shape_Leng": 0.477937855112,
                "Shape_Area": 0.00266775111387,
                "ADM3_EN": "City of Meycauayan",
                "ADM3_PCODE": "PH031412000",
                "ADM3_REF": null,
                "ADM3ALT1EN": null,
                "ADM3ALT2EN": null,
                "ADM2_EN": "Bulacan",
                "ADM2_PCODE": "PH031400000",
                "ADM1_EN": "Region III",
                "ADM1_PCODE": "PH030000000",
                "ADM0_EN": "Philippines (the)",
                "ADM0_PCODE": "PH",
                "date": "2016/06/15",
                "validOn": "2018/01/30"
            }
        },
        {
            "type": "Feature",
            "geometry": {
                "type": "Polygon",
                "coordinates": [
                    [
                        [
                            121.06001750700011,
                            14.948693150000054
                        ],
                        [
                            121.09288736700012,
                            14.92221728900006
                        ],
                        [
                            121.11677614100006,
                            14.938568709000037
                        ],
                        [
                            121.1811708140001,
                            14.907626440000058
                        ],
                        [
                            121.34032747600008,
                            14.910309698000049
                        ],
                        [
                            121.33035662500004,
                            14.834802543000023
                        ],
                        [
                            121.20804184000008,
                            14.81794121400003
                        ],
                        [
                            121.16528463600002,
                            14.823417534000043
                        ],
                        [
                            121.06989460500006,
                            14.86521855500007
                        ],
                        [
                            121.03016048100005,
                            14.849776138000038
                        ],
                        [
                            121.02078335400006,
                            14.891560991000063
                        ],
                        [
                            121.03353271100002,
                            14.911199626000041
                        ],
                        [
                            121.05187106100004,
                            14.917126073000077
                        ],
                        [
                            121.06001750700011,
                            14.948693150000054
                        ]
                    ]
                ]
            },
            "properties": {
                "Shape_Leng": 1.18824427884,
                "Shape_Area": 0.0249754357682,
                "ADM3_EN": "Norzagaray",
                "ADM3_PCODE": "PH031413000",
                "ADM3_REF": null,
                "ADM3ALT1EN": null,
                "ADM3ALT2EN": null,
                "ADM2_EN": "Bulacan",
                "ADM2_PCODE": "PH031400000",
                "ADM1_EN": "Region III",
                "ADM1_PCODE": "PH030000000",
                "ADM0_EN": "Philippines (the)",
                "ADM0_PCODE": "PH",
                "date": "2016/06/15",
                "validOn": "2018/01/30"
            }
        },
        {
            "type": "Feature",
            "geometry": {
                "type": "Polygon",
                "coordinates": [
                    [
                        [
                            120.92701620000003,
                            14.736080406000042
                        ],
                        [
                            120.90287439300005,
                            14.723927337000077
                        ],
                        [
                            120.90044368500003,
                            14.747587724000027
                        ],
                        [
                            120.92701620000003,
                            14.736080406000042
                        ]
                    ]
                ]
            },
            "properties": {
                "Shape_Leng": 0.252825174174,
                "Shape_Area": 0.00136022393906,
                "ADM3_EN": "Obando",
                "ADM3_PCODE": "PH031414000",
                "ADM3_REF": null,
                "ADM3ALT1EN": null,
                "ADM3ALT2EN": null,
                "ADM2_EN": "Bulacan",
                "ADM2_PCODE": "PH031400000",
                "ADM1_EN": "Region III",
                "ADM1_PCODE": "PH030000000",
                "ADM0_EN": "Philippines (the)",
                "ADM0_PCODE": "PH",
                "date": "2016/06/15",
                "validOn": "2018/01/30"
            }
        },
        {
            "type": "Feature",
            "geometry": {
                "type": "Polygon",
                "coordinates": [
                    [
                        [
                            121.00007929900005,
                            14.894102731000032
                        ],
                        [
                            120.95096273900003,
                            14.844527219000042
                        ],
                        [
                            120.92719888300007,
                            14.830164997000054
                        ],
                        [
                            120.90707347900002,
                            14.871764743000028
                        ],
                        [
                            120.90560132500002,
                            14.892586728000026
                        ],
                        [
                            120.96296742000004,
                            14.914453782000066
                        ],
                        [
                            121.00007929900005,
                            14.894102731000032
                        ]
                    ]
                ]
            },
            "properties": {
                "Shape_Leng": 0.408509853957,
                "Shape_Area": 0.00423438726519,
                "ADM3_EN": "Pandi",
                "ADM3_PCODE": "PH031415000",
                "ADM3_REF": null,
                "ADM3ALT1EN": null,
                "ADM3ALT2EN": null,
                "ADM2_EN": "Bulacan",
                "ADM2_PCODE": "PH031400000",
                "ADM1_EN": "Region III",
                "ADM1_PCODE": "PH030000000",
                "ADM0_EN": "Philippines (the)",
                "ADM0_PCODE": "PH",
                "date": "2016/06/15",
                "validOn": "2018/01/30"
            }
        },
        {
            "type": "Feature",
            "geometry": {
                "type": "Polygon",
                "coordinates": [
                    [
                        [
                            120.80370175500002,
                            14.757803225000032
                        ],
                        [
                            120.76721255000007,
                            14.768831383000077
                        ],
                        [
                            120.7626144300001,
                            14.83652416600006
                        ],
                        [
                            120.77455784000006,
                            14.868719627000075
                        ],
                        [
                            120.78154180100012,
                            14.868383700000038
                        ],
                        [
                            120.80103311300002,
                            14.840341529000057
                        ],
                        [
                            120.80370175500002,
                            14.757803225000032
                        ]
                    ]
                ]
            },
            "properties": {
                "Shape_Leng": 0.40674518292,
                "Shape_Area": 0.00380208511382,
                "ADM3_EN": "Paombong",
                "ADM3_PCODE": "PH031416000",
                "ADM3_REF": null,
                "ADM3ALT1EN": null,
                "ADM3ALT2EN": null,
                "ADM2_EN": "Bulacan",
                "ADM2_PCODE": "PH031400000",
                "ADM1_EN": "Region III",
                "ADM1_PCODE": "PH030000000",
                "ADM0_EN": "Philippines (the)",
                "ADM0_PCODE": "PH",
                "date": "2016/06/15",
                "validOn": "2018/01/30"
            }
        },
        {
            "type": "Feature",
            "geometry": {
                "type": "Polygon",
                "coordinates": [
                    [
                        [
                            120.90560132500002,
                            14.892586728000026
                        ],
                        [
                            120.90707347900002,
                            14.871764743000028
                        ],
                        [
                            120.89918273500007,
                            14.866661650000026
                        ],
                        [
                            120.85452280900006,
                            14.86526678000007
                        ],
                        [
                            120.8049779590001,
                            14.891166791000046
                        ],
                        [
                            120.80278833800003,
                            14.901639916000022
                        ],
                        [
                            120.87696524800003,
                            14.89357816300003
                        ],
                        [
                            120.89328195100006,
                            14.911978075000036
                        ],
                        [
                            120.89040638100005,
                            14.920987530000048
                        ],
                        [
                            120.90560132500002,
                            14.892586728000026
                        ]
                    ]
                ]
            },
            "properties": {
                "Shape_Leng": 0.365590492588,
                "Shape_Area": 0.00300195551656,
                "ADM3_EN": "Plaridel",
                "ADM3_PCODE": "PH031417000",
                "ADM3_REF": null,
                "ADM3ALT1EN": null,
                "ADM3ALT2EN": null,
                "ADM2_EN": "Bulacan",
                "ADM2_PCODE": "PH031400000",
                "ADM1_EN": "Region III",
                "ADM1_PCODE": "PH030000000",
                "ADM0_EN": "Philippines (the)",
                "ADM0_PCODE": "PH",
                "date": "2016/06/15",
                "validOn": "2018/01/30"
            }
        },
        {
            "type": "Feature",
            "geometry": {
                "type": "Polygon",
                "coordinates": [
                    [
                        [
                            120.89328195100006,
                            14.911978075000036
                        ],
                        [
                            120.87696524800003,
                            14.89357816300003
                        ],
                        [
                            120.80278833800003,
                            14.901639916000022
                        ],
                        [
                            120.79374105600004,
                            14.937171343000045
                        ],
                        [
                            120.84911058500006,
                            14.957067304000077
                        ],
                        [
                            120.85580789700009,
                            14.922816522000062
                        ],
                        [
                            120.89328195100006,
                            14.911978075000036
                        ]
                    ]
                ]
            },
            "properties": {
                "Shape_Leng": 0.338701554631,
                "Shape_Area": 0.00358219693225,
                "ADM3_EN": "Pulilan",
                "ADM3_PCODE": "PH031418000",
                "ADM3_REF": null,
                "ADM3ALT1EN": null,
                "ADM3ALT2EN": null,
                "ADM2_EN": "Bulacan",
                "ADM2_PCODE": "PH031400000",
                "ADM1_EN": "Region III",
                "ADM1_PCODE": "PH030000000",
                "ADM0_EN": "Philippines (the)",
                "ADM0_PCODE": "PH",
                "date": "2016/06/15",
                "validOn": "2018/01/30"
            }
        },
        {
            "type": "Feature",
            "geometry": {
                "type": "Polygon",
                "coordinates": [
                    [
                        [
                            121.06947268200008,
                            15.106409291000034
                        ],
                        [
                            121.07453134400009,
                            15.054870896000068
                        ],
                        [
                            121.06017976900011,
                            15.007537770000056
                        ],
                        [
                            120.98550269100008,
                            15.00296820400007
                        ],
                        [
                            120.93108212300001,
                            15.039452406000066
                        ],
                        [
                            120.89808489900008,
                            15.072300916000074
                        ],
                        [
                            120.94576515100005,
                            15.119389710000064
                        ],
                        [
                            120.99378869300006,
                            15.097237664000033
                        ],
                        [
                            121.05002519600009,
                            15.118484007000063
                        ],
                        [
                            121.06947268200008,
                            15.106409291000034
                        ]
                    ]
                ]
            },
            "properties": {
                "Shape_Leng": 0.729982581129,
                "Shape_Area": 0.0140015779261,
                "ADM3_EN": "San Ildefonso",
                "ADM3_PCODE": "PH031419000",
                "ADM3_REF": null,
                "ADM3ALT1EN": null,
                "ADM3ALT2EN": null,
                "ADM2_EN": "Bulacan",
                "ADM2_PCODE": "PH031400000",
                "ADM1_EN": "Region III",
                "ADM1_PCODE": "PH030000000",
                "ADM0_EN": "Philippines (the)",
                "ADM0_PCODE": "PH",
                "date": "2016/06/15",
                "validOn": "2018/01/30"
            }
        },
        {
            "type": "Feature",
            "geometry": {
                "type": "Polygon",
                "coordinates": [
                    [
                        [
                            121.16528463600002,
                            14.823417534000043
                        ],
                        [
                            121.10445726500006,
                            14.770683126000051
                        ],
                        [
                            121.028329718,
                            14.781832778000023
                        ],
                        [
                            121.01336976100004,
                            14.80172258500005
                        ],
                        [
                            121.03016048100005,
                            14.849776138000038
                        ],
                        [
                            121.06989460500006,
                            14.86521855500007
                        ],
                        [
                            121.16528463600002,
                            14.823417534000043
                        ]
                    ]
                ]
            },
            "properties": {
                "Shape_Leng": 0.603317913105,
                "Shape_Area": 0.00905579909635,
                "ADM3_EN": "City of San Jose del Monte",
                "ADM3_PCODE": "PH031420000",
                "ADM3_REF": null,
                "ADM3ALT1EN": null,
                "ADM3ALT2EN": null,
                "ADM2_EN": "Bulacan",
                "ADM2_PCODE": "PH031400000",
                "ADM1_EN": "Region III",
                "ADM1_PCODE": "PH030000000",
                "ADM0_EN": "Philippines (the)",
                "ADM0_PCODE": "PH",
                "date": "2016/06/15",
                "validOn": "2018/01/30"
            }
        },
        {
            "type": "Feature",
            "geometry": {
                "type": "Polygon",
                "coordinates": [
                    [
                        [
                            121.1163055830001,
                            15.265820260000055
                        ],
                        [
                            121.07883883300008,
                            15.256006351000053
                        ],
                        [
                            121.08413028100006,
                            15.207849019000037
                        ],
                        [
                            121.06947268200008,
                            15.106409291000034
                        ],
                        [
                            121.05002519600009,
                            15.118484007000063
                        ],
                        [
                            120.99378869300006,
                            15.097237664000033
                        ],
                        [
                            120.94576515100005,
                            15.119389710000064
                        ],
                        [
                            120.92127848400003,
                            15.155285676000062
                        ],
                        [
                            120.92865891600002,
                            15.216318620000038
                        ],
                        [
                            120.98568132500009,
                            15.227066111000056
                        ],
                        [
                            121.00487735500008,
                            15.245915766000053
                        ],
                        [
                            121.07470719000003,
                            15.268369465000035
                        ],
                        [
                            121.1163055830001,
                            15.265820260000055
                        ]
                    ]
                ]
            },
            "properties": {
                "Shape_Leng": 0.846687176869,
                "Shape_Area": 0.0195063295464,
                "ADM3_EN": "San Miguel",
                "ADM3_PCODE": "PH031421000",
                "ADM3_REF": null,
                "ADM3ALT1EN": null,
                "ADM3ALT2EN": null,
                "ADM2_EN": "Bulacan",
                "ADM2_PCODE": "PH031400000",
                "ADM1_EN": "Region III",
                "ADM1_PCODE": "PH030000000",
                "ADM0_EN": "Philippines (the)",
                "ADM0_PCODE": "PH",
                "date": "2016/06/15",
                "validOn": "2018/01/30"
            }
        },
        {
            "type": "Feature",
            "geometry": {
                "type": "Polygon",
                "coordinates": [
                    [
                        [
                            121.06017976900011,
                            15.007537770000056
                        ],
                        [
                            121.02629634100003,
                            14.962277589000053
                        ],
                        [
                            121.01817435700002,
                            14.956274170000029
                        ],
                        [
                            121.00552307600003,
                            14.96093455600004
                        ],
                        [
                            120.98695019800005,
                            14.950843978000023
                        ],
                        [
                            120.9551291890001,
                            14.956728273000067
                        ],
                        [
                            120.9225200190001,
                            14.96375106000005
                        ],
                        [
                            120.8930820060001,
                            15.015760345000047
                        ],
                        [
                            120.93108212300001,
                            15.039452406000066
                        ],
                        [
                            120.98550269100008,
                            15.00296820400007
                        ],
                        [
                            121.06017976900011,
                            15.007537770000056
                        ]
                    ]
                ]
            },
            "properties": {
                "Shape_Leng": 0.6886851759,
                "Shape_Area": 0.00854205987977,
                "ADM3_EN": "San Rafael",
                "ADM3_PCODE": "PH031422000",
                "ADM3_REF": null,
                "ADM3ALT1EN": null,
                "ADM3ALT2EN": null,
                "ADM2_EN": "Bulacan",
                "ADM2_PCODE": "PH031400000",
                "ADM1_EN": "Region III",
                "ADM1_PCODE": "PH030000000",
                "ADM0_EN": "Philippines (the)",
                "ADM0_PCODE": "PH",
                "date": "2016/06/15",
                "validOn": "2018/01/30"
            }
        },
        {
            "type": "Feature",
            "geometry": {
                "type": "Polygon",
                "coordinates": [
                    [
                        [
                            121.00007929900005,
                            14.894102731000032
                        ],
                        [
                            121.02078335400006,
                            14.891560991000063
                        ],
                        [
                            121.03016048100005,
                            14.849776138000038
                        ],
                        [
                            121.01336976100004,
                            14.80172258500005
                        ],
                        [
                            120.96119559300007,
                            14.78531177900004
                        ],
                        [
                            120.95096273900003,
                            14.844527219000042
                        ],
                        [
                            121.00007929900005,
                            14.894102731000032
                        ]
                    ]
                ]
            },
            "properties": {
                "Shape_Leng": 0.40928148184,
                "Shape_Area": 0.00664358457186,
                "ADM3_EN": "Santa Maria",
                "ADM3_PCODE": "PH031423000",
                "ADM3_REF": null,
                "ADM3ALT1EN": null,
                "ADM3ALT2EN": null,
                "ADM2_EN": "Bulacan",
                "ADM2_PCODE": "PH031400000",
                "ADM1_EN": "Region III",
                "ADM1_PCODE": "PH030000000",
                "ADM0_EN": "Philippines (the)",
                "ADM0_PCODE": "PH",
                "date": "2016/06/15",
                "validOn": "2018/01/30"
            }
        },
        {
            "type": "Feature",
            "geometry": {
                "type": "Polygon",
                "coordinates": [
                    [
                        [
                            121.34032747600008,
                            14.910309698000049
                        ],
                        [
                            121.1811708140001,
                            14.907626440000058
                        ],
                        [
                            121.11677614100006,
                            14.938568709000037
                        ],
                        [
                            121.09288736700012,
                            14.92221728900006
                        ],
                        [
                            121.06001750700011,
                            14.948693150000054
                        ],
                        [
                            121.02629634100003,
                            14.962277589000053
                        ],
                        [
                            121.06017976900011,
                            15.007537770000056
                        ],
                        [
                            121.07453134400009,
                            15.054870896000068
                        ],
                        [
                            121.06947268200008,
                            15.106409291000034
                        ],
                        [
                            121.08413028100006,
                            15.207849019000037
                        ],
                        [
                            121.07883883300008,
                            15.256006351000053
                        ],
                        [
                            121.1163055830001,
                            15.265820260000055
                        ],
                        [
                            121.18592226300007,
                            15.265765786000031
                        ],
                        [
                            121.20653523100009,
                            15.22044085300007
                        ],
                        [
                            121.31006640500004,
                            15.191303677000064
                        ],
                        [
                            121.31965715800004,
                            15.116397642000038
                        ],
                        [
                            121.34785653300003,
                            14.996370968000065
                        ],
                        [
                            121.34032747600008,
                            14.910309698000049
                        ]
                    ]
                ]
            },
            "properties": {
                "Shape_Leng": 1.43548132681,
                "Shape_Area": 0.0833393020535,
                "ADM3_EN": "Do\u00f1a Remedios Trinidad",
                "ADM3_PCODE": "PH031424000",
                "ADM3_REF": "Dona Remedios Trinidad",
                "ADM3ALT1EN": null,
                "ADM3ALT2EN": null,
                "ADM2_EN": "Bulacan",
                "ADM2_PCODE": "PH031400000",
                "ADM1_EN": "Region III",
                "ADM1_PCODE": "PH030000000",
                "ADM0_EN": "Philippines (the)",
                "ADM0_PCODE": "PH",
                "date": "2016/06/15",
                "validOn": "2018/01/30"
            }
        },
        {
            "type": "Feature",
            "geometry": {
                "type": "Polygon",
                "coordinates": [
                    [
                        [
                            120.90025236600002,
                            15.559412985000051
                        ],
                        [
                            120.93114609300005,
                            15.529853891000073
                        ],
                        [
                            120.91670629300006,
                            15.490518445000077
                        ],
                        [
                            120.87993035500006,
                            15.463123739000025
                        ],
                        [
                            120.86337524500004,
                            15.461496853000028
                        ],
                        [
                            120.81342171800009,
                            15.471977449000065
                        ],
                        [
                            120.7894139230001,
                            15.49144515200004
                        ],
                        [
                            120.81196969200005,
                            15.516083722000076
                        ],
                        [
                            120.85924828800012,
                            15.531995769000048
                        ],
                        [
                            120.87388063900005,
                            15.56121493300003
                        ],
                        [
                            120.90025236600002,
                            15.559412985000051
                        ]
                    ]
                ]
            },
            "properties": {
                "Shape_Leng": 0.460865358568,
                "Shape_Area": 0.00802338263374,
                "ADM3_EN": "Aliaga",
                "ADM3_PCODE": "PH034901000",
                "ADM3_REF": null,
                "ADM3ALT1EN": null,
                "ADM3ALT2EN": null,
                "ADM2_EN": "Nueva Ecija",
                "ADM2_PCODE": "PH034900000",
                "ADM1_EN": "Region III",
                "ADM1_PCODE": "PH030000000",
                "ADM0_EN": "Philippines (the)",
                "ADM0_PCODE": "PH",
                "date": "2016/06/15",
                "validOn": "2018/01/30"
            }
        },
        {
            "type": "Feature",
            "geometry": {
                "type": "Polygon",
                "coordinates": [
                    [
                        [
                            121.28476349300001,
                            15.75441853700005
                        ],
                        [
                            121.32661566000002,
                            15.634159251000028
                        ],
                        [
                            121.27271379500007,
                            15.61537462800004
                        ],
                        [
                            121.23606104900011,
                            15.603212135000035
                        ],
                        [
                            121.16162045500005,
                            15.604231790000028
                        ],
                        [
                            121.13491967000004,
                            15.585213647000046
                        ],
                        [
                            121.12777195100011,
                            15.595702280000069
                        ],
                        [
                            121.11913957700006,
                            15.63463796700006
                        ],
                        [
                            121.14528823900002,
                            15.67385095700007
                        ],
                        [
                            121.22079049400008,
                            15.69254165600006
                        ],
                        [
                            121.22661736700002,
                            15.720922998000049
                        ],
                        [
                            121.28476349300001,
                            15.75441853700005
                        ]
                    ]
                ]
            },
            "properties": {
                "Shape_Leng": 0.701501802064,
                "Shape_Area": 0.0181695389988,
                "ADM3_EN": "Bongabon",
                "ADM3_PCODE": "PH034902000",
                "ADM3_REF": null,
                "ADM3ALT1EN": null,
                "ADM3ALT2EN": null,
                "ADM2_EN": "Nueva Ecija",
                "ADM2_PCODE": "PH034900000",
                "ADM1_EN": "Region III",
                "ADM1_PCODE": "PH030000000",
                "ADM0_EN": "Philippines (the)",
                "ADM0_PCODE": "PH",
                "date": "2016/06/15",
                "validOn": "2018/01/30"
            }
        },
        {
            "type": "Feature",
            "geometry": {
                "type": "Polygon",
                "coordinates": [
                    [
                        [
                            120.98436919900007,
                            15.563695800000062
                        ],
                        [
                            120.98170959700008,
                            15.54340028100006
                        ],
                        [
                            121.0306646900001,
                            15.54182423800006
                        ],
                        [
                            121.06787362000011,
                            15.526708988000053
                        ],
                        [
                            121.09287295600006,
                            15.492290095000044
                        ],
                        [
                            121.07864748400004,
                            15.45853072400007
                        ],
                        [
                            121.02421820200004,
                            15.443986426000038
                        ],
                        [
                            121.00089744800005,
                            15.454795361000038
                        ],
                        [
                            120.9517131670001,
                            15.436308680000025
                        ],
                        [
                            120.87993035500006,
                            15.463123739000025
                        ],
                        [
                            120.91670629300006,
                            15.490518445000077
                        ],
                        [
                            120.93114609300005,
                            15.529853891000073
                        ],
                        [
                            120.96621658900006,
                            15.564793824000049
                        ],
                        [
                            120.98436919900007,
                            15.563695800000062
                        ]
                    ]
                ]
            },
            "properties": {
                "Shape_Leng": 0.755995684305,
                "Shape_Area": 0.0159376887395,
                "ADM3_EN": "Cabanatuan City",
                "ADM3_PCODE": "PH034903000",
                "ADM3_REF": null,
                "ADM3ALT1EN": null,
                "ADM3ALT2EN": null,
                "ADM2_EN": "Nueva Ecija",
                "ADM2_PCODE": "PH034900000",
                "ADM1_EN": "Region III",
                "ADM1_PCODE": "PH030000000",
                "ADM0_EN": "Philippines (the)",
                "ADM0_PCODE": "PH",
                "date": "2016/06/15",
                "validOn": "2018/01/30"
            }
        },
        {
            "type": "Feature",
            "geometry": {
                "type": "Polygon",
                "coordinates": [
                    [
                        [
                            120.91069466400006,
                            15.217302066000059
                        ],
                        [
                            120.90578094700004,
                            15.212241002000042
                        ],
                        [
                            120.86542324400011,
                            15.176232549000076
                        ],
                        [
                            120.83818354700009,
                            15.201553705000038
                        ],
                        [
                            120.7901530040001,
                            15.212853917000075
                        ],
                        [
                            120.77076961800003,
                            15.267591357000072
                        ],
                        [
                            120.8424184910001,
                            15.268183747000023
                        ],
                        [
                            120.86380160700003,
                            15.293940852000048
                        ],
                        [
                            120.90451281000003,
                            15.276557748000073
                        ],
                        [
                            120.89163770000005,
                            15.225304468000047
                        ],
                        [
                            120.91069466400006,
                            15.217302066000059
                        ]
                    ]
                ]
            },
            "properties": {
                "Shape_Leng": 0.680036485785,
                "Shape_Area": 0.00944474282339,
                "ADM3_EN": "Cabiao",
                "ADM3_PCODE": "PH034904000",
                "ADM3_REF": null,
                "ADM3ALT1EN": null,
                "ADM3ALT2EN": null,
                "ADM2_EN": "Nueva Ecija",
                "ADM2_PCODE": "PH034900000",
                "ADM1_EN": "Region III",
                "ADM1_PCODE": "PH030000000",
                "ADM0_EN": "Philippines (the)",
                "ADM0_PCODE": "PH",
                "date": "2016/06/15",
                "validOn": "2018/01/30"
            }
        },
        {
            "type": "Feature",
            "geometry": {
                "type": "Polygon",
                "coordinates": [
                    [
                        [
                            121.18967127600001,
                            15.977104732000043
                        ],
                        [
                            121.16106635200003,
                            15.973717676000035
                        ],
                        [
                            121.12646286200004,
                            15.926781705000053
                        ],
                        [
                            121.1056017620001,
                            15.91767174000006
                        ],
                        [
                            121.10101392500007,
                            15.916656921000026
                        ],
                        [
                            121.05048457300006,
                            15.89655298300005
                        ],
                        [
                            121.01704493800003,
                            15.866128070000059
                        ],
                        [
                            120.96234772600008,
                            15.872741707000046
                        ],
                        [
                            120.9473368990001,
                            15.896246355000073
                        ],
                        [
                            120.90514758900008,
                            15.923211619000028
                        ],
                        [
                            120.9205294080001,
                            15.966318216000047
                        ],
                        [
                            120.87044651800011,
                            16.118870179000055
                        ],
                        [
                            120.94003228000008,
                            16.133600949000027
                        ],
                        [
                            120.98789352400001,
                            16.125824962000024
                        ],
                        [
                            121.04773934000002,
                            16.137989391000076
                        ],
                        [
                            121.08787130900009,
                            16.11399938200003
                        ],
                        [
                            121.11953343000005,
                            16.113344204000043
                        ],
                        [
                            121.17424918400002,
                            16.090108902000054
                        ],
                        [
                            121.185045048,
                            16.07174795900005
                        ],
                        [
                            121.18967127600001,
                            15.977104732000043
                        ]
                    ]
                ]
            },
            "properties": {
                "Shape_Leng": 1.06950791013,
                "Shape_Area": 0.0620165493099,
                "ADM3_EN": "Carranglan",
                "ADM3_PCODE": "PH034905000",
                "ADM3_REF": null,
                "ADM3ALT1EN": null,
                "ADM3ALT2EN": null,
                "ADM2_EN": "Nueva Ecija",
                "ADM2_PCODE": "PH034900000",
                "ADM1_EN": "Region III",
                "ADM1_PCODE": "PH030000000",
                "ADM0_EN": "Philippines (the)",
                "ADM0_PCODE": "PH",
                "date": "2016/06/15",
                "validOn": "2018/01/30"
            }
        },
        {
            "type": "Feature",
            "geometry": {
                "type": "Polygon",
                "coordinates": [
                    [
                        [
                            120.790532041,
                            15.821754222000038
                        ],
                        [
                            120.78826332100004,
                            15.801548678000074
                        ],
                        [
                            120.75383890900002,
                            15.788344487000074
                        ],
                        [
                            120.75906654100004,
                            15.73558482900006
                        ],
                        [
                            120.7142703400001,
                            15.701685651000048
                        ],
                        [
                            120.69020032700007,
                            15.730551913000056
                        ],
                        [
                            120.624449518,
                            15.762827406000042
                        ],
                        [
                            120.6150636640001,
                            15.815561238000043
                        ],
                        [
                            120.69093991700004,
                            15.831160646000058
                        ],
                        [
                            120.73089299600008,
                            15.851010298000062
                        ],
                        [
                            120.790532041,
                            15.821754222000038
                        ]
                    ]
                ]
            },
            "properties": {
                "Shape_Leng": 0.588238633855,
                "Shape_Area": 0.0150426737121,
                "ADM3_EN": "Cuyapo",
                "ADM3_PCODE": "PH034906000",
                "ADM3_REF": null,
                "ADM3ALT1EN": null,
                "ADM3ALT2EN": null,
                "ADM2_EN": "Nueva Ecija",
                "ADM2_PCODE": "PH034900000",
                "ADM1_EN": "Region III",
                "ADM1_PCODE": "PH030000000",
                "ADM0_EN": "Philippines (the)",
                "ADM0_PCODE": "PH",
                "date": "2016/06/15",
                "validOn": "2018/01/30"
            }
        },
        {
            "type": "Feature",
            "geometry": {
                "type": "Polygon",
                "coordinates": [
                    [
                        [
                            121.34011305400008,
                            15.393330788000071
                        ],
                        [
                            121.20734745900006,
                            15.429198713000062
                        ],
                        [
                            121.18029665200004,
                            15.411721267000075
                        ],
                        [
                            121.18183917300007,
                            15.436014686000021
                        ],
                        [
                            121.17447887800006,
                            15.516341950000026
                        ],
                        [
                            121.23442377700007,
                            15.53605114000004
                        ],
                        [
                            121.27271379500007,
                            15.61537462800004
                        ],
                        [
                            121.32661566000002,
                            15.634159251000028
                        ],
                        [
                            121.378521524,
                            15.485011371000041
                        ],
                        [
                            121.35835769500011,
                            15.406953526000052
                        ],
                        [
                            121.34011305400008,
                            15.393330788000071
                        ]
                    ]
                ]
            },
            "properties": {
                "Shape_Leng": 0.754825040015,
                "Shape_Area": 0.0309533864618,
                "ADM3_EN": "Gabaldon",
                "ADM3_PCODE": "PH034907000",
                "ADM3_REF": null,
                "ADM3ALT1EN": "Bitulok & Sabani",
                "ADM3ALT2EN": null,
                "ADM2_EN": "Nueva Ecija",
                "ADM2_PCODE": "PH034900000",
                "ADM1_EN": "Region III",
                "ADM1_PCODE": "PH030000000",
                "ADM0_EN": "Philippines (the)",
                "ADM0_PCODE": "PH",
                "date": "2016/06/15",
                "validOn": "2018/01/30"
            }
        },
        {
            "type": "Feature",
            "geometry": {
                "type": "Polygon",
                "coordinates": [
                    [
                        [
                            120.97210101200005,
                            15.360541088000048
                        ],
                        [
                            120.99386626400008,
                            15.339551056000062
                        ],
                        [
                            121.06646792700008,
                            15.31729679800003
                        ],
                        [
                            121.09225183800004,
                            15.311095842000043
                        ],
                        [
                            121.13975017200005,
                            15.271374453000021
                        ],
                        [
                            121.07470719000003,
                            15.268369465000035
                        ],
                        [
                            121.00487735500008,
                            15.245915766000053
                        ],
                        [
                            120.98568132500009,
                            15.227066111000056
                        ],
                        [
                            120.90578094700004,
                            15.212241002000042
                        ],
                        [
                            120.91069466400006,
                            15.217302066000059
                        ],
                        [
                            120.94163824600002,
                            15.242261976000066
                        ],
                        [
                            120.92783010000005,
                            15.308330300000023
                        ],
                        [
                            120.95932394300007,
                            15.322760631000051
                        ],
                        [
                            120.97210101200005,
                            15.360541088000048
                        ]
                    ]
                ]
            },
            "properties": {
                "Shape_Leng": 0.747748155423,
                "Shape_Area": 0.0144857377452,
                "ADM3_EN": "City of Gapan",
                "ADM3_PCODE": "PH034908000",
                "ADM3_REF": null,
                "ADM3ALT1EN": null,
                "ADM3ALT2EN": null,
                "ADM2_EN": "Nueva Ecija",
                "ADM2_PCODE": "PH034900000",
                "ADM1_EN": "Region III",
                "ADM1_PCODE": "PH030000000",
                "ADM0_EN": "Philippines (the)",
                "ADM0_PCODE": "PH",
                "date": "2016/06/15",
                "validOn": "2018/01/30"
            }
        },
        {
            "type": "Feature",
            "geometry": {
                "type": "Polygon",
                "coordinates": [
                    [
                        [
                            121.11913957700006,
                            15.63463796700006
                        ],
                        [
                            121.12777195100011,
                            15.595702280000069
                        ],
                        [
                            121.08243498900003,
                            15.582571064000035
                        ],
                        [
                            121.07450391100008,
                            15.555467148000048
                        ],
                        [
                            121.0306646900001,
                            15.54182423800006
                        ],
                        [
                            120.98170959700008,
                            15.54340028100006
                        ],
                        [
                            120.98436919900007,
                            15.563695800000062
                        ],
                        [
                            120.98995190000005,
                            15.578365323000071
                        ],
                        [
                            121.00528362600005,
                            15.587965273000066
                        ],
                        [
                            121.02670685900011,
                            15.638599352000028
                        ],
                        [
                            121.08289472600006,
                            15.628050565000024
                        ],
                        [
                            121.11913957700006,
                            15.63463796700006
                        ]
                    ]
                ]
            },
            "properties": {
                "Shape_Leng": 0.609821381978,
                "Shape_Area": 0.00913392724185,
                "ADM3_EN": "General Mamerto Natividad",
                "ADM3_PCODE": "PH034909000",
                "ADM3_REF": null,
                "ADM3ALT1EN": null,
                "ADM3ALT2EN": null,
                "ADM2_EN": "Nueva Ecija",
                "ADM2_PCODE": "PH034900000",
                "ADM1_EN": "Region III",
                "ADM1_PCODE": "PH030000000",
                "ADM0_EN": "Philippines (the)",
                "ADM0_PCODE": "PH",
                "date": "2016/06/15",
                "validOn": "2018/01/30"
            }
        },
        {
            "type": "Feature",
            "geometry": {
                "type": "Polygon",
                "coordinates": [
                    [
                        [
                            121.34011305400008,
                            15.393330788000071
                        ],
                        [
                            121.35379088200011,
                            15.345691532000046
                        ],
                        [
                            121.33389083800012,
                            15.295655260000046
                        ],
                        [
                            121.3121526440001,
                            15.19876970100006
                        ],
                        [
                            121.2509377880001,
                            15.201790574000029
                        ],
                        [
                            121.20653523100009,
                            15.22044085300007
                        ],
                        [
                            121.17957473800004,
                            15.270615693000025
                        ],
                        [
                            121.13975017200005,
                            15.271374453000021
                        ],
                        [
                            121.09225183800004,
                            15.311095842000043
                        ],
                        [
                            121.06646792700008,
                            15.31729679800003
                        ],
                        [
                            121.03384416600011,
                            15.354239346000043
                        ],
                        [
                            121.02918091600009,
                            15.392310249000047
                        ],
                        [
                            121.08253358200011,
                            15.415756901000066
                        ],
                        [
                            121.11197072000004,
                            15.403120535000028
                        ],
                        [
                            121.15859266400003,
                            15.418182382000055
                        ],
                        [
                            121.18029665200004,
                            15.411721267000075
                        ],
                        [
                            121.20734745900006,
                            15.429198713000062
                        ],
                        [
                            121.34011305400008,
                            15.393330788000071
                        ]
                    ]
                ]
            },
            "properties": {
                "Shape_Leng": 1.1628051302,
                "Shape_Area": 0.0473942397027,
                "ADM3_EN": "General Tinio",
                "ADM3_PCODE": "PH034910000",
                "ADM3_REF": null,
                "ADM3ALT1EN": "Papaya",
                "ADM3ALT2EN": null,
                "ADM2_EN": "Nueva Ecija",
                "ADM2_PCODE": "PH034900000",
                "ADM1_EN": "Region III",
                "ADM1_PCODE": "PH030000000",
                "ADM0_EN": "Philippines (the)",
                "ADM0_PCODE": "PH",
                "date": "2016/06/15",
                "validOn": "2018/01/30"
            }
        },
        {
            "type": "Feature",
            "geometry": {
                "type": "Polygon",
                "coordinates": [
                    [
                        [
                            120.83723131700003,
                            15.711978626000075
                        ],
                        [
                            120.85411813700011,
                            15.66828167400007
                        ],
                        [
                            120.82423164400006,
                            15.628252683000028
                        ],
                        [
                            120.78985375500008,
                            15.580798216000062
                        ],
                        [
                            120.74687607500005,
                            15.569260009000061
                        ],
                        [
                            120.73058588300012,
                            15.541559324000048
                        ],
                        [
                            120.74181079800007,
                            15.618811382000047
                        ],
                        [
                            120.69694031000006,
                            15.618043090000072
                        ],
                        [
                            120.65766849400006,
                            15.662499082000068
                        ],
                        [
                            120.65654515400001,
                            15.677218476000064
                        ],
                        [
                            120.7142703400001,
                            15.701685651000048
                        ],
                        [
                            120.75906654100004,
                            15.73558482900006
                        ],
                        [
                            120.80848885600005,
                            15.705978750000043
                        ],
                        [
                            120.83723131700003,
                            15.711978626000075
                        ]
                    ]
                ]
            },
            "properties": {
                "Shape_Leng": 0.883237367134,
                "Shape_Area": 0.0181518562047,
                "ADM3_EN": "Guimba",
                "ADM3_PCODE": "PH034911000",
                "ADM3_REF": null,
                "ADM3ALT1EN": null,
                "ADM3ALT2EN": null,
                "ADM2_EN": "Nueva Ecija",
                "ADM2_PCODE": "PH034900000",
                "ADM1_EN": "Region III",
                "ADM1_PCODE": "PH030000000",
                "ADM0_EN": "Philippines (the)",
                "ADM0_PCODE": "PH",
                "date": "2016/06/15",
                "validOn": "2018/01/30"
            }
        },
        {
            "type": "Feature",
            "geometry": {
                "type": "Polygon",
                "coordinates": [
                    [
                        [
                            120.85215289700011,
                            15.444240887000035
                        ],
                        [
                            120.87117027600004,
                            15.41499254200005
                        ],
                        [
                            120.93826986900001,
                            15.398601778000057
                        ],
                        [
                            120.91385686500007,
                            15.374831788000051
                        ],
                        [
                            120.9177309480001,
                            15.315446836000035
                        ],
                        [
                            120.891916,
                            15.31319
                        ],
                        [
                            120.85283174900007,
                            15.373402336000026
                        ],
                        [
                            120.81565966800008,
                            15.392221841000037
                        ],
                        [
                            120.81863684900009,
                            15.432577570000035
                        ],
                        [
                            120.85215289700011,
                            15.444240887000035
                        ]
                    ]
                ]
            },
            "properties": {
                "Shape_Leng": 0.519590109345,
                "Shape_Area": 0.00825769805182,
                "ADM3_EN": "Jaen",
                "ADM3_PCODE": "PH034912000",
                "ADM3_REF": null,
                "ADM3ALT1EN": null,
                "ADM3ALT2EN": null,
                "ADM2_EN": "Nueva Ecija",
                "ADM2_PCODE": "PH034900000",
                "ADM1_EN": "Region III",
                "ADM1_PCODE": "PH030000000",
                "ADM0_EN": "Philippines (the)",
                "ADM0_PCODE": "PH",
                "date": "2016/06/15",
                "validOn": "2018/01/30"
            }
        },
        {
            "type": "Feature",
            "geometry": {
                "type": "Polygon",
                "coordinates": [
                    [
                        [
                            121.18183917300007,
                            15.436014686000021
                        ],
                        [
                            121.11751762800009,
                            15.468371870000055
                        ],
                        [
                            121.14149944600001,
                            15.560509592000074
                        ],
                        [
                            121.13491967000004,
                            15.585213647000046
                        ],
                        [
                            121.16162045500005,
                            15.604231790000028
                        ],
                        [
                            121.23606104900011,
                            15.603212135000035
                        ],
                        [
                            121.27271379500007,
                            15.61537462800004
                        ],
                        [
                            121.23442377700007,
                            15.53605114000004
                        ],
                        [
                            121.17447887800006,
                            15.516341950000026
                        ],
                        [
                            121.18183917300007,
                            15.436014686000021
                        ]
                    ]
                ]
            },
            "properties": {
                "Shape_Leng": 0.593365385255,
                "Shape_Area": 0.0131631505797,
                "ADM3_EN": "Laur",
                "ADM3_PCODE": "PH034913000",
                "ADM3_REF": null,
                "ADM3ALT1EN": null,
                "ADM3ALT2EN": null,
                "ADM2_EN": "Nueva Ecija",
                "ADM2_PCODE": "PH034900000",
                "ADM1_EN": "Region III",
                "ADM1_PCODE": "PH030000000",
                "ADM0_EN": "Philippines (the)",
                "ADM0_PCODE": "PH",
                "date": "2016/06/15",
                "validOn": "2018/01/30"
            }
        },
        {
            "type": "Feature",
            "geometry": {
                "type": "Polygon",
                "coordinates": [
                    [
                        [
                            120.78985375500008,
                            15.580798216000062
                        ],
                        [
                            120.81196969200005,
                            15.516083722000076
                        ],
                        [
                            120.7894139230001,
                            15.49144515200004
                        ],
                        [
                            120.75066682600004,
                            15.48073080200004
                        ],
                        [
                            120.73058588300012,
                            15.541559324000048
                        ],
                        [
                            120.74687607500005,
                            15.569260009000061
                        ],
                        [
                            120.78985375500008,
                            15.580798216000062
                        ]
                    ]
                ]
            },
            "properties": {
                "Shape_Leng": 0.3997122095,
                "Shape_Area": 0.00542982988429,
                "ADM3_EN": "Licab",
                "ADM3_PCODE": "PH034914000",
                "ADM3_REF": null,
                "ADM3ALT1EN": null,
                "ADM3ALT2EN": null,
                "ADM2_EN": "Nueva Ecija",
                "ADM2_PCODE": "PH034900000",
                "ADM1_EN": "Region III",
                "ADM1_PCODE": "PH030000000",
                "ADM0_EN": "Philippines (the)",
                "ADM0_PCODE": "PH",
                "date": "2016/06/15",
                "validOn": "2018/01/30"
            }
        },
        {
            "type": "Feature",
            "geometry": {
                "type": "Polygon",
                "coordinates": [
                    [
                        [
                            121.05455228000005,
                            15.73019246900003
                        ],
                        [
                            121.02670685900011,
                            15.638599352000028
                        ],
                        [
                            121.00528362600005,
                            15.587965273000066
                        ],
                        [
                            120.98995190000005,
                            15.578365323000071
                        ],
                        [
                            120.96451571900002,
                            15.622514137000053
                        ],
                        [
                            120.9917833290001,
                            15.674181418000046
                        ],
                        [
                            120.97460250900008,
                            15.696887830000037
                        ],
                        [
                            120.992661171,
                            15.733414559000039
                        ],
                        [
                            121.05455228000005,
                            15.73019246900003
                        ]
                    ]
                ]
            },
            "properties": {
                "Shape_Leng": 0.648159694175,
                "Shape_Area": 0.00843867492862,
                "ADM3_EN": "Llanera",
                "ADM3_PCODE": "PH034915000",
                "ADM3_REF": null,
                "ADM3ALT1EN": null,
                "ADM3ALT2EN": null,
                "ADM2_EN": "Nueva Ecija",
                "ADM2_PCODE": "PH034900000",
                "ADM1_EN": "Region III",
                "ADM1_PCODE": "PH030000000",
                "ADM0_EN": "Philippines (the)",
                "ADM0_PCODE": "PH",
                "date": "2016/06/15",
                "validOn": "2018/01/30"
            }
        },
        {
            "type": "Feature",
            "geometry": {
                "type": "Polygon",
                "coordinates": [
                    [
                        [
                            120.96234772600008,
                            15.872741707000046
                        ],
                        [
                            120.95975638100003,
                            15.834057074000043
                        ],
                        [
                            120.91063906000011,
                            15.800819347000072
                        ],
                        [
                            120.860177227,
                            15.795116533000055
                        ],
                        [
                            120.84294985300005,
                            15.818641999000022
                        ],
                        [
                            120.872612623,
                            15.86806527300007
                        ],
                        [
                            120.87386427500007,
                            15.896079757000052
                        ],
                        [
                            120.90514758900008,
                            15.923211619000028
                        ],
                        [
                            120.9473368990001,
                            15.896246355000073
                        ],
                        [
                            120.96234772600008,
                            15.872741707000046
                        ]
                    ]
                ]
            },
            "properties": {
                "Shape_Leng": 0.453518441209,
                "Shape_Area": 0.00985022558569,
                "ADM3_EN": "Lupao",
                "ADM3_PCODE": "PH034916000",
                "ADM3_REF": null,
                "ADM3ALT1EN": null,
                "ADM3ALT2EN": null,
                "ADM2_EN": "Nueva Ecija",
                "ADM2_PCODE": "PH034900000",
                "ADM1_EN": "Region III",
                "ADM1_PCODE": "PH030000000",
                "ADM0_EN": "Philippines (the)",
                "ADM0_PCODE": "PH",
                "date": "2016/06/15",
                "validOn": "2018/01/30"
            }
        },
        {
            "type": "Feature",
            "geometry": {
                "type": "Polygon",
                "coordinates": [
                    [
                        [
                            120.91063906000011,
                            15.800819347000072
                        ],
                        [
                            120.9415476590001,
                            15.772382677000053
                        ],
                        [
                            120.96614924900007,
                            15.726446792000047
                        ],
                        [
                            120.94973123000011,
                            15.684666374000074
                        ],
                        [
                            120.93545552100011,
                            15.677673850000076
                        ],
                        [
                            120.92640037000001,
                            15.682966199000077
                        ],
                        [
                            120.90623500800007,
                            15.672465681000062
                        ],
                        [
                            120.85411813700011,
                            15.66828167400007
                        ],
                        [
                            120.83723131700003,
                            15.711978626000075
                        ],
                        [
                            120.86173854800006,
                            15.741623670000024
                        ],
                        [
                            120.860177227,
                            15.795116533000055
                        ],
                        [
                            120.91063906000011,
                            15.800819347000072
                        ]
                    ]
                ]
            },
            "properties": {
                "Shape_Leng": 0.683948001648,
                "Shape_Area": 0.0109147887879,
                "ADM3_EN": "Science City of Mu\u00f1oz",
                "ADM3_PCODE": "PH034917000",
                "ADM3_REF": "Science City of Munoz",
                "ADM3ALT1EN": null,
                "ADM3ALT2EN": null,
                "ADM2_EN": "Nueva Ecija",
                "ADM2_PCODE": "PH034900000",
                "ADM1_EN": "Region III",
                "ADM1_PCODE": "PH030000000",
                "ADM0_EN": "Philippines (the)",
                "ADM0_PCODE": "PH",
                "date": "2016/06/15",
                "validOn": "2018/01/30"
            }
        },
        {
            "type": "Feature",
            "geometry": {
                "type": "Polygon",
                "coordinates": [
                    [
                        [
                            120.624449518,
                            15.762827406000042
                        ],
                        [
                            120.69020032700007,
                            15.730551913000056
                        ],
                        [
                            120.7142703400001,
                            15.701685651000048
                        ],
                        [
                            120.65654515400001,
                            15.677218476000064
                        ],
                        [
                            120.628450971,
                            15.731305624000072
                        ],
                        [
                            120.624449518,
                            15.762827406000042
                        ]
                    ]
                ]
            },
            "properties": {
                "Shape_Leng": 0.292992071269,
                "Shape_Area": 0.00392372113925,
                "ADM3_EN": "Nampicuan",
                "ADM3_PCODE": "PH034918000",
                "ADM3_REF": null,
                "ADM3ALT1EN": null,
                "ADM3ALT2EN": null,
                "ADM2_EN": "Nueva Ecija",
                "ADM2_PCODE": "PH034900000",
                "ADM1_EN": "Region III",
                "ADM1_PCODE": "PH030000000",
                "ADM0_EN": "Philippines (the)",
                "ADM0_PCODE": "PH",
                "date": "2016/06/15",
                "validOn": "2018/01/30"
            }
        },
        {
            "type": "Feature",
            "geometry": {
                "type": "Polygon",
                "coordinates": [
                    [
                        [
                            121.12777195100011,
                            15.595702280000069
                        ],
                        [
                            121.13491967000004,
                            15.585213647000046
                        ],
                        [
                            121.14149944600001,
                            15.560509592000074
                        ],
                        [
                            121.11751762800009,
                            15.468371870000055
                        ],
                        [
                            121.18183917300007,
                            15.436014686000021
                        ],
                        [
                            121.18029665200004,
                            15.411721267000075
                        ],
                        [
                            121.15859266400003,
                            15.418182382000055
                        ],
                        [
                            121.11197072000004,
                            15.403120535000028
                        ],
                        [
                            121.08253358200011,
                            15.415756901000066
                        ],
                        [
                            121.0659372770001,
                            15.427124623000054
                        ],
                        [
                            121.0883478610001,
                            15.443425293000075
                        ],
                        [
                            121.09287295600006,
                            15.492290095000044
                        ],
                        [
                            121.06787362000011,
                            15.526708988000053
                        ],
                        [
                            121.0306646900001,
                            15.54182423800006
                        ],
                        [
                            121.07450391100008,
                            15.555467148000048
                        ],
                        [
                            121.08243498900003,
                            15.582571064000035
                        ],
                        [
                            121.12777195100011,
                            15.595702280000069
                        ]
                    ]
                ]
            },
            "properties": {
                "Shape_Leng": 0.866606769606,
                "Shape_Area": 0.0110523655691,
                "ADM3_EN": "Palayan City",
                "ADM3_PCODE": "PH034919000",
                "ADM3_REF": null,
                "ADM3ALT1EN": "Capital",
                "ADM3ALT2EN": null,
                "ADM2_EN": "Nueva Ecija",
                "ADM2_PCODE": "PH034900000",
                "ADM1_EN": "Region III",
                "ADM1_PCODE": "PH030000000",
                "ADM0_EN": "Philippines (the)",
                "ADM0_PCODE": "PH",
                "date": "2016/06/15",
                "validOn": "2018/01/30"
            }
        },
        {
            "type": "Feature",
            "geometry": {
                "type": "Polygon",
                "coordinates": [
                    [
                        [
                            121.28476349300001,
                            15.75441853700005
                        ],
                        [
                            121.22661736700002,
                            15.720922998000049
                        ],
                        [
                            121.18516331,
                            15.708809818000077
                        ],
                        [
                            121.13928131300008,
                            15.72898331700003
                        ],
                        [
                            121.08491808400004,
                            15.73469632900003
                        ],
                        [
                            121.06115942000008,
                            15.786765693000063
                        ],
                        [
                            121.060746515,
                            15.821525907000023
                        ],
                        [
                            121.01704493800003,
                            15.866128070000059
                        ],
                        [
                            121.05048457300006,
                            15.89655298300005
                        ],
                        [
                            121.10101392500007,
                            15.916656921000026
                        ],
                        [
                            121.10030533600002,
                            15.870150787000057
                        ],
                        [
                            121.16303780100009,
                            15.813797376000025
                        ],
                        [
                            121.18461679300003,
                            15.843495292000057
                        ],
                        [
                            121.14161968700012,
                            15.859365407000041
                        ],
                        [
                            121.10664289700003,
                            15.887317774000053
                        ],
                        [
                            121.1056017620001,
                            15.91767174000006
                        ],
                        [
                            121.12646286200004,
                            15.926781705000053
                        ],
                        [
                            121.16106635200003,
                            15.973717676000035
                        ],
                        [
                            121.18967127600001,
                            15.977104732000043
                        ],
                        [
                            121.19399818500005,
                            15.922087606000048
                        ],
                        [
                            121.28476349300001,
                            15.75441853700005
                        ]
                    ]
                ]
            },
            "properties": {
                "Shape_Leng": 2.5233568032,
                "Shape_Area": 0.0354068677505,
                "ADM3_EN": "Pantabangan",
                "ADM3_PCODE": "PH034920000",
                "ADM3_REF": null,
                "ADM3ALT1EN": null,
                "ADM3ALT2EN": null,
                "ADM2_EN": "Nueva Ecija",
                "ADM2_PCODE": "PH034900000",
                "ADM1_EN": "Region III",
                "ADM1_PCODE": "PH030000000",
                "ADM0_EN": "Philippines (the)",
                "ADM0_PCODE": "PH",
                "date": "2016/06/15",
                "validOn": "2018/01/30"
            }
        },
        {
            "type": "Feature",
            "geometry": {
                "type": "Polygon",
                "coordinates": [
                    [
                        [
                            121.08253358200011,
                            15.415756901000066
                        ],
                        [
                            121.02918091600009,
                            15.392310249000047
                        ],
                        [
                            121.03384416600011,
                            15.354239346000043
                        ],
                        [
                            121.06646792700008,
                            15.31729679800003
                        ],
                        [
                            120.99386626400008,
                            15.339551056000062
                        ],
                        [
                            120.97210101200005,
                            15.360541088000048
                        ],
                        [
                            120.98766457700003,
                            15.39477628800006
                        ],
                        [
                            121.02448087900007,
                            15.42727175500005
                        ],
                        [
                            121.0659372770001,
                            15.427124623000054
                        ],
                        [
                            121.08253358200011,
                            15.415756901000066
                        ]
                    ]
                ]
            },
            "properties": {
                "Shape_Leng": 0.546234416718,
                "Shape_Area": 0.00531012390414,
                "ADM3_EN": "Pe\u00f1aranda",
                "ADM3_PCODE": "PH034921000",
                "ADM3_REF": "Penaranda",
                "ADM3ALT1EN": null,
                "ADM3ALT2EN": null,
                "ADM2_EN": "Nueva Ecija",
                "ADM2_PCODE": "PH034900000",
                "ADM1_EN": "Region III",
                "ADM1_PCODE": "PH030000000",
                "ADM0_EN": "Philippines (the)",
                "ADM0_PCODE": "PH",
                "date": "2016/06/15",
                "validOn": "2018/01/30"
            }
        },
        {
            "type": "Feature",
            "geometry": {
                "type": "Polygon",
                "coordinates": [
                    [
                        [
                            120.82423164400006,
                            15.628252683000028
                        ],
                        [
                            120.83010484300007,
                            15.608926369000073
                        ],
                        [
                            120.87388063900005,
                            15.56121493300003
                        ],
                        [
                            120.85924828800012,
                            15.531995769000048
                        ],
                        [
                            120.81196969200005,
                            15.516083722000076
                        ],
                        [
                            120.78985375500008,
                            15.580798216000062
                        ],
                        [
                            120.82423164400006,
                            15.628252683000028
                        ]
                    ]
                ]
            },
            "properties": {
                "Shape_Leng": 0.394635042611,
                "Shape_Area": 0.00540118970922,
                "ADM3_EN": "Quezon",
                "ADM3_PCODE": "PH034922000",
                "ADM3_REF": null,
                "ADM3ALT1EN": null,
                "ADM3ALT2EN": null,
                "ADM2_EN": "Nueva Ecija",
                "ADM2_PCODE": "PH034900000",
                "ADM1_EN": "Region III",
                "ADM1_PCODE": "PH030000000",
                "ADM0_EN": "Philippines (the)",
                "ADM0_PCODE": "PH",
                "date": "2016/06/15",
                "validOn": "2018/01/30"
            }
        },
        {
            "type": "Feature",
            "geometry": {
                "type": "Polygon",
                "coordinates": [
                    [
                        [
                            121.22661736700002,
                            15.720922998000049
                        ],
                        [
                            121.22079049400008,
                            15.69254165600006
                        ],
                        [
                            121.14528823900002,
                            15.67385095700007
                        ],
                        [
                            121.11913957700006,
                            15.63463796700006
                        ],
                        [
                            121.08289472600006,
                            15.628050565000024
                        ],
                        [
                            121.02670685900011,
                            15.638599352000028
                        ],
                        [
                            121.05455228000005,
                            15.73019246900003
                        ],
                        [
                            121.08491808400004,
                            15.73469632900003
                        ],
                        [
                            121.13928131300008,
                            15.72898331700003
                        ],
                        [
                            121.18516331,
                            15.708809818000077
                        ],
                        [
                            121.22661736700002,
                            15.720922998000049
                        ]
                    ]
                ]
            },
            "properties": {
                "Shape_Leng": 0.630609060291,
                "Shape_Area": 0.011335338632,
                "ADM3_EN": "Rizal",
                "ADM3_PCODE": "PH034923000",
                "ADM3_REF": null,
                "ADM3ALT1EN": null,
                "ADM3ALT2EN": null,
                "ADM2_EN": "Nueva Ecija",
                "ADM2_PCODE": "PH034900000",
                "ADM1_EN": "Region III",
                "ADM1_PCODE": "PH030000000",
                "ADM0_EN": "Philippines (the)",
                "ADM0_PCODE": "PH",
                "date": "2016/06/15",
                "validOn": "2018/01/30"
            }
        },
        {
            "type": "Feature",
            "geometry": {
                "type": "Polygon",
                "coordinates": [
                    [
                        [
                            120.81565966800008,
                            15.392221841000037
                        ],
                        [
                            120.85283174900007,
                            15.373402336000026
                        ],
                        [
                            120.891916,
                            15.31319
                        ],
                        [
                            120.86380160700003,
                            15.293940852000048
                        ],
                        [
                            120.8424184910001,
                            15.268183747000023
                        ],
                        [
                            120.77076961800003,
                            15.267591357000072
                        ],
                        [
                            120.73540473100002,
                            15.25724563600005
                        ],
                        [
                            120.75572014200009,
                            15.319438281000032
                        ],
                        [
                            120.7384524040001,
                            15.333535906000066
                        ],
                        [
                            120.74187423800004,
                            15.381475093000063
                        ],
                        [
                            120.75392125000008,
                            15.40082727500004
                        ],
                        [
                            120.81565966800008,
                            15.392221841000037
                        ]
                    ]
                ]
            },
            "properties": {
                "Shape_Leng": 0.739091311743,
                "Shape_Area": 0.0152551756135,
                "ADM3_EN": "San Antonio",
                "ADM3_PCODE": "PH034924000",
                "ADM3_REF": null,
                "ADM3ALT1EN": null,
                "ADM3ALT2EN": null,
                "ADM2_EN": "Nueva Ecija",
                "ADM2_PCODE": "PH034900000",
                "ADM1_EN": "Region III",
                "ADM1_PCODE": "PH030000000",
                "ADM0_EN": "Philippines (the)",
                "ADM0_PCODE": "PH",
                "date": "2016/06/15",
                "validOn": "2018/01/30"
            }
        },
        {
            "type": "Feature",
            "geometry": {
                "type": "Polygon",
                "coordinates": [
                    [
                        [
                            120.9177309480001,
                            15.315446836000035
                        ],
                        [
                            120.92783010000005,
                            15.308330300000023
                        ],
                        [
                            120.94163824600002,
                            15.242261976000066
                        ],
                        [
                            120.91069466400006,
                            15.217302066000059
                        ],
                        [
                            120.89163770000005,
                            15.225304468000047
                        ],
                        [
                            120.90451281000003,
                            15.276557748000073
                        ],
                        [
                            120.86380160700003,
                            15.293940852000048
                        ],
                        [
                            120.891916,
                            15.31319
                        ],
                        [
                            120.9177309480001,
                            15.315446836000035
                        ]
                    ]
                ]
            },
            "properties": {
                "Shape_Leng": 0.382037550498,
                "Shape_Area": 0.00402073047032,
                "ADM3_EN": "San Isidro",
                "ADM3_PCODE": "PH034925000",
                "ADM3_REF": null,
                "ADM3ALT1EN": null,
                "ADM3ALT2EN": null,
                "ADM2_EN": "Nueva Ecija",
                "ADM2_PCODE": "PH034900000",
                "ADM1_EN": "Region III",
                "ADM1_PCODE": "PH030000000",
                "ADM0_EN": "Philippines (the)",
                "ADM0_PCODE": "PH",
                "date": "2016/06/15",
                "validOn": "2018/01/30"
            }
        },
        {
            "type": "Feature",
            "geometry": {
                "type": "Polygon",
                "coordinates": [
                    [
                        [
                            121.01704493800003,
                            15.866128070000059
                        ],
                        [
                            121.060746515,
                            15.821525907000023
                        ],
                        [
                            121.06115942000008,
                            15.786765693000063
                        ],
                        [
                            121.08491808400004,
                            15.73469632900003
                        ],
                        [
                            121.05455228000005,
                            15.73019246900003
                        ],
                        [
                            120.992661171,
                            15.733414559000039
                        ],
                        [
                            120.97460250900008,
                            15.696887830000037
                        ],
                        [
                            120.94973123000011,
                            15.684666374000074
                        ],
                        [
                            120.96614924900007,
                            15.726446792000047
                        ],
                        [
                            120.9415476590001,
                            15.772382677000053
                        ],
                        [
                            120.91063906000011,
                            15.800819347000072
                        ],
                        [
                            120.95975638100003,
                            15.834057074000043
                        ],
                        [
                            120.96234772600008,
                            15.872741707000046
                        ],
                        [
                            121.01704493800003,
                            15.866128070000059
                        ]
                    ]
                ]
            },
            "properties": {
                "Shape_Leng": 0.785787629077,
                "Shape_Area": 0.0161890681705,
                "ADM3_EN": "San Jose City",
                "ADM3_PCODE": "PH034926000",
                "ADM3_REF": null,
                "ADM3ALT1EN": null,
                "ADM3ALT2EN": null,
                "ADM2_EN": "Nueva Ecija",
                "ADM2_PCODE": "PH034900000",
                "ADM1_EN": "Region III",
                "ADM1_PCODE": "PH030000000",
                "ADM0_EN": "Philippines (the)",
                "ADM0_PCODE": "PH",
                "date": "2016/06/15",
                "validOn": "2018/01/30"
            }
        },
        {
            "type": "Feature",
            "geometry": {
                "type": "Polygon",
                "coordinates": [
                    [
                        [
                            120.98766457700003,
                            15.39477628800006
                        ],
                        [
                            120.97210101200005,
                            15.360541088000048
                        ],
                        [
                            120.95932394300007,
                            15.322760631000051
                        ],
                        [
                            120.92783010000005,
                            15.308330300000023
                        ],
                        [
                            120.9177309480001,
                            15.315446836000035
                        ],
                        [
                            120.91385686500007,
                            15.374831788000051
                        ],
                        [
                            120.93826986900001,
                            15.398601778000057
                        ],
                        [
                            120.98766457700003,
                            15.39477628800006
                        ]
                    ]
                ]
            },
            "properties": {
                "Shape_Leng": 0.38399569114,
                "Shape_Area": 0.00427383894458,
                "ADM3_EN": "San Leonardo",
                "ADM3_PCODE": "PH034927000",
                "ADM3_REF": null,
                "ADM3ALT1EN": null,
                "ADM3ALT2EN": null,
                "ADM2_EN": "Nueva Ecija",
                "ADM2_PCODE": "PH034900000",
                "ADM1_EN": "Region III",
                "ADM1_PCODE": "PH030000000",
                "ADM0_EN": "Philippines (the)",
                "ADM0_PCODE": "PH",
                "date": "2016/06/15",
                "validOn": "2018/01/30"
            }
        },
        {
            "type": "Feature",
            "geometry": {
                "type": "Polygon",
                "coordinates": [
                    [
                        [
                            121.0659372770001,
                            15.427124623000054
                        ],
                        [
                            121.02448087900007,
                            15.42727175500005
                        ],
                        [
                            120.98766457700003,
                            15.39477628800006
                        ],
                        [
                            120.93826986900001,
                            15.398601778000057
                        ],
                        [
                            120.87117027600004,
                            15.41499254200005
                        ],
                        [
                            120.85215289700011,
                            15.444240887000035
                        ],
                        [
                            120.86337524500004,
                            15.461496853000028
                        ],
                        [
                            120.87993035500006,
                            15.463123739000025
                        ],
                        [
                            120.9517131670001,
                            15.436308680000025
                        ],
                        [
                            121.00089744800005,
                            15.454795361000038
                        ],
                        [
                            121.02421820200004,
                            15.443986426000038
                        ],
                        [
                            121.07864748400004,
                            15.45853072400007
                        ],
                        [
                            121.09287295600006,
                            15.492290095000044
                        ],
                        [
                            121.0883478610001,
                            15.443425293000075
                        ],
                        [
                            121.0659372770001,
                            15.427124623000054
                        ]
                    ]
                ]
            },
            "properties": {
                "Shape_Leng": 0.817103364154,
                "Shape_Area": 0.00901986883949,
                "ADM3_EN": "Santa Rosa",
                "ADM3_PCODE": "PH034928000",
                "ADM3_REF": null,
                "ADM3ALT1EN": null,
                "ADM3ALT2EN": null,
                "ADM2_EN": "Nueva Ecija",
                "ADM2_PCODE": "PH034900000",
                "ADM1_EN": "Region III",
                "ADM1_PCODE": "PH030000000",
                "ADM0_EN": "Philippines (the)",
                "ADM0_PCODE": "PH",
                "date": "2016/06/15",
                "validOn": "2018/01/30"
            }
        },
        {
            "type": "Feature",
            "geometry": {
                "type": "Polygon",
                "coordinates": [
                    [
                        [
                            120.93545552100011,
                            15.677673850000076
                        ],
                        [
                            120.91728471800002,
                            15.644346292000023
                        ],
                        [
                            120.91866552800002,
                            15.604107064000061
                        ],
                        [
                            120.90025236600002,
                            15.559412985000051
                        ],
                        [
                            120.87388063900005,
                            15.56121493300003
                        ],
                        [
                            120.83010484300007,
                            15.608926369000073
                        ],
                        [
                            120.82423164400006,
                            15.628252683000028
                        ],
                        [
                            120.85411813700011,
                            15.66828167400007
                        ],
                        [
                            120.90623500800007,
                            15.672465681000062
                        ],
                        [
                            120.92640037000001,
                            15.682966199000077
                        ],
                        [
                            120.93545552100011,
                            15.677673850000076
                        ]
                    ]
                ]
            },
            "properties": {
                "Shape_Leng": 0.608616014796,
                "Shape_Area": 0.00726317278159,
                "ADM3_EN": "Santo Domingo",
                "ADM3_PCODE": "PH034929000",
                "ADM3_REF": null,
                "ADM3ALT1EN": null,
                "ADM3ALT2EN": null,
                "ADM2_EN": "Nueva Ecija",
                "ADM2_PCODE": "PH034900000",
                "ADM1_EN": "Region III",
                "ADM1_PCODE": "PH030000000",
                "ADM0_EN": "Philippines (the)",
                "ADM0_PCODE": "PH",
                "date": "2016/06/15",
                "validOn": "2018/01/30"
            }
        },
        {
            "type": "Feature",
            "geometry": {
                "type": "Polygon",
                "coordinates": [
                    [
                        [
                            120.98995190000005,
                            15.578365323000071
                        ],
                        [
                            120.98436919900007,
                            15.563695800000062
                        ],
                        [
                            120.96621658900006,
                            15.564793824000049
                        ],
                        [
                            120.93114609300005,
                            15.529853891000073
                        ],
                        [
                            120.90025236600002,
                            15.559412985000051
                        ],
                        [
                            120.91866552800002,
                            15.604107064000061
                        ],
                        [
                            120.91728471800002,
                            15.644346292000023
                        ],
                        [
                            120.93545552100011,
                            15.677673850000076
                        ],
                        [
                            120.94973123000011,
                            15.684666374000074
                        ],
                        [
                            120.97460250900008,
                            15.696887830000037
                        ],
                        [
                            120.9917833290001,
                            15.674181418000046
                        ],
                        [
                            120.96451571900002,
                            15.622514137000053
                        ],
                        [
                            120.98995190000005,
                            15.578365323000071
                        ]
                    ]
                ]
            },
            "properties": {
                "Shape_Leng": 0.804243533383,
                "Shape_Area": 0.0111045265399,
                "ADM3_EN": "Talavera",
                "ADM3_PCODE": "PH034930000",
                "ADM3_REF": null,
                "ADM3ALT1EN": null,
                "ADM3ALT2EN": null,
                "ADM2_EN": "Nueva Ecija",
                "ADM2_PCODE": "PH034900000",
                "ADM1_EN": "Region III",
                "ADM1_PCODE": "PH030000000",
                "ADM0_EN": "Philippines (the)",
                "ADM0_PCODE": "PH",
                "date": "2016/06/15",
                "validOn": "2018/01/30"
            }
        },
        {
            "type": "Feature",
            "geometry": {
                "type": "Polygon",
                "coordinates": [
                    [
                        [
                            120.84294985300005,
                            15.818641999000022
                        ],
                        [
                            120.860177227,
                            15.795116533000055
                        ],
                        [
                            120.86173854800006,
                            15.741623670000024
                        ],
                        [
                            120.83723131700003,
                            15.711978626000075
                        ],
                        [
                            120.80848885600005,
                            15.705978750000043
                        ],
                        [
                            120.75906654100004,
                            15.73558482900006
                        ],
                        [
                            120.75383890900002,
                            15.788344487000074
                        ],
                        [
                            120.78826332100004,
                            15.801548678000074
                        ],
                        [
                            120.790532041,
                            15.821754222000038
                        ],
                        [
                            120.81905751900001,
                            15.793215701000065
                        ],
                        [
                            120.84294985300005,
                            15.818641999000022
                        ]
                    ]
                ]
            },
            "properties": {
                "Shape_Leng": 0.473152543039,
                "Shape_Area": 0.00901440690454,
                "ADM3_EN": "Talugtug",
                "ADM3_PCODE": "PH034931000",
                "ADM3_REF": null,
                "ADM3ALT1EN": null,
                "ADM3ALT2EN": null,
                "ADM2_EN": "Nueva Ecija",
                "ADM2_PCODE": "PH034900000",
                "ADM1_EN": "Region III",
                "ADM1_PCODE": "PH030000000",
                "ADM0_EN": "Philippines (the)",
                "ADM0_PCODE": "PH",
                "date": "2016/06/15",
                "validOn": "2018/01/30"
            }
        },
        {
            "type": "Feature",
            "geometry": {
                "type": "Polygon",
                "coordinates": [
                    [
                        [
                            120.86337524500004,
                            15.461496853000028
                        ],
                        [
                            120.85215289700011,
                            15.444240887000035
                        ],
                        [
                            120.81863684900009,
                            15.432577570000035
                        ],
                        [
                            120.81565966800008,
                            15.392221841000037
                        ],
                        [
                            120.75392125000008,
                            15.40082727500004
                        ],
                        [
                            120.7616061870001,
                            15.435547245000066
                        ],
                        [
                            120.74376207000012,
                            15.45088491000007
                        ],
                        [
                            120.75066682600004,
                            15.48073080200004
                        ],
                        [
                            120.7894139230001,
                            15.49144515200004
                        ],
                        [
                            120.81342171800009,
                            15.471977449000065
                        ],
                        [
                            120.86337524500004,
                            15.461496853000028
                        ]
                    ]
                ]
            },
            "properties": {
                "Shape_Leng": 0.451962067422,
                "Shape_Area": 0.00652262779227,
                "ADM3_EN": "Zaragoza",
                "ADM3_PCODE": "PH034932000",
                "ADM3_REF": null,
                "ADM3ALT1EN": null,
                "ADM3ALT2EN": null,
                "ADM2_EN": "Nueva Ecija",
                "ADM2_PCODE": "PH034900000",
                "ADM1_EN": "Region III",
                "ADM1_PCODE": "PH030000000",
                "ADM0_EN": "Philippines (the)",
                "ADM0_PCODE": "PH",
                "date": "2016/06/15",
                "validOn": "2018/01/30"
            }
        },
        {
            "type": "Feature",
            "geometry": {
                "type": "Polygon",
                "coordinates": [
                    [
                        [
                            120.623465527,
                            15.175674680000043
                        ],
                        [
                            120.62867474100005,
                            15.129305749000025
                        ],
                        [
                            120.60058322900011,
                            15.119668199000046
                        ],
                        [
                            120.59723459600002,
                            15.108419555000069
                        ],
                        [
                            120.57362791300011,
                            15.129543977000026
                        ],
                        [
                            120.44950805200006,
                            15.151067770000054
                        ],
                        [
                            120.44977598600008,
                            15.175672598000062
                        ],
                        [
                            120.57103388300004,
                            15.22242435100003
                        ],
                        [
                            120.58261167100011,
                            15.17037166800003
                        ],
                        [
                            120.623465527,
                            15.175674680000043
                        ]
                    ]
                ]
            },
            "properties": {
                "Shape_Leng": 0.610863156861,
                "Shape_Area": 0.0101779379238,
                "ADM3_EN": "Angeles City",
                "ADM3_PCODE": "PH035401000",
                "ADM3_REF": null,
                "ADM3ALT1EN": null,
                "ADM3ALT2EN": null,
                "ADM2_EN": "Pampanga",
                "ADM2_PCODE": "PH035400000",
                "ADM1_EN": "Region III",
                "ADM1_PCODE": "PH030000000",
                "ADM0_EN": "Philippines (the)",
                "ADM0_PCODE": "PH",
                "date": "2016/06/15",
                "validOn": "2018/01/30"
            }
        },
        {
            "type": "Feature",
            "geometry": {
                "type": "Polygon",
                "coordinates": [
                    [
                        [
                            120.87263100700011,
                            14.981723423000062
                        ],
                        [
                            120.77246186800005,
                            14.924464991000036
                        ],
                        [
                            120.73333087200001,
                            14.928257064000036
                        ],
                        [
                            120.73067044400011,
                            14.947920649000025
                        ],
                        [
                            120.74813139200012,
                            14.978946113000063
                        ],
                        [
                            120.87263100700011,
                            14.981723423000062
                        ]
                    ]
                ]
            },
            "properties": {
                "Shape_Leng": 0.40664485256,
                "Shape_Area": 0.00483859834305,
                "ADM3_EN": "Apalit",
                "ADM3_PCODE": "PH035402000",
                "ADM3_REF": null,
                "ADM3ALT1EN": null,
                "ADM3ALT2EN": null,
                "ADM2_EN": "Pampanga",
                "ADM2_PCODE": "PH035400000",
                "ADM1_EN": "Region III",
                "ADM1_PCODE": "PH030000000",
                "ADM0_EN": "Philippines (the)",
                "ADM0_PCODE": "PH",
                "date": "2016/06/15",
                "validOn": "2018/01/30"
            }
        },
        {
            "type": "Feature",
            "geometry": {
                "type": "Polygon",
                "coordinates": [
                    [
                        [
                            120.86542324400011,
                            15.176232549000076
                        ],
                        [
                            120.8560837230001,
                            15.14342051400007
                        ],
                        [
                            120.78974277200007,
                            15.114062808000028
                        ],
                        [
                            120.6929473140001,
                            15.150559529000077
                        ],
                        [
                            120.64721445400005,
                            15.188716495000051
                        ],
                        [
                            120.69390162200011,
                            15.190098232000025
                        ],
                        [
                            120.7421527570001,
                            15.256829392000043
                        ],
                        [
                            120.7901530040001,
                            15.212853917000075
                        ],
                        [
                            120.86542324400011,
                            15.176232549000076
                        ]
                    ]
                ]
            },
            "properties": {
                "Shape_Leng": 0.67378693418,
                "Shape_Area": 0.0157373671101,
                "ADM3_EN": "Arayat",
                "ADM3_PCODE": "PH035403000",
                "ADM3_REF": null,
                "ADM3ALT1EN": null,
                "ADM3ALT2EN": null,
                "ADM2_EN": "Pampanga",
                "ADM2_PCODE": "PH035400000",
                "ADM1_EN": "Region III",
                "ADM1_PCODE": "PH030000000",
                "ADM0_EN": "Philippines (the)",
                "ADM0_PCODE": "PH",
                "date": "2016/06/15",
                "validOn": "2018/01/30"
            }
        },
        {
            "type": "Feature",
            "geometry": {
                "type": "Polygon",
                "coordinates": [
                    [
                        [
                            120.6951918740001,
                            15.005025381000053
                        ],
                        [
                            120.69342931900007,
                            14.996453651000024
                        ],
                        [
                            120.66107724200003,
                            14.96755458900003
                        ],
                        [
                            120.62533876200007,
                            15.000655600000073
                        ],
                        [
                            120.58580701400001,
                            15.050473787000044
                        ],
                        [
                            120.59723459600002,
                            15.108419555000069
                        ],
                        [
                            120.60058322900011,
                            15.119668199000046
                        ],
                        [
                            120.60895791900009,
                            15.082882877000031
                        ],
                        [
                            120.6951918740001,
                            15.005025381000053
                        ]
                    ]
                ]
            },
            "properties": {
                "Shape_Leng": 0.558961713598,
                "Shape_Area": 0.00702346037961,
                "ADM3_EN": "Bacolor",
                "ADM3_PCODE": "PH035404000",
                "ADM3_REF": null,
                "ADM3ALT1EN": null,
                "ADM3ALT2EN": null,
                "ADM2_EN": "Pampanga",
                "ADM2_PCODE": "PH035400000",
                "ADM1_EN": "Region III",
                "ADM1_PCODE": "PH030000000",
                "ADM0_EN": "Philippines (the)",
                "ADM0_PCODE": "PH",
                "date": "2016/06/15",
                "validOn": "2018/01/30"
            }
        },
        {
            "type": "Feature",
            "geometry": {
                "type": "Polygon",
                "coordinates": [
                    [
                        [
                            120.87985681300006,
                            15.01334577800003
                        ],
                        [
                            120.82956987300008,
                            15.02838685000006
                        ],
                        [
                            120.7969363850001,
                            15.078988135000031
                        ],
                        [
                            120.78974277200007,
                            15.114062808000028
                        ],
                        [
                            120.8560837230001,
                            15.14342051400007
                        ],
                        [
                            120.86542324400011,
                            15.176232549000076
                        ],
                        [
                            120.90346552800008,
                            15.213618034000035
                        ],
                        [
                            120.94784750500003,
                            15.136836239000047
                        ],
                        [
                            120.90273443900003,
                            15.085797942000056
                        ],
                        [
                            120.90889529800006,
                            15.022694277000028
                        ],
                        [
                            120.87985681300006,
                            15.01334577800003
                        ]
                    ]
                ]
            },
            "properties": {
                "Shape_Leng": 0.923376021105,
                "Shape_Area": 0.017487780344,
                "ADM3_EN": "Candaba",
                "ADM3_PCODE": "PH035405000",
                "ADM3_REF": null,
                "ADM3ALT1EN": null,
                "ADM3ALT2EN": null,
                "ADM2_EN": "Pampanga",
                "ADM2_PCODE": "PH035400000",
                "ADM1_EN": "Region III",
                "ADM1_PCODE": "PH030000000",
                "ADM0_EN": "Philippines (the)",
                "ADM0_PCODE": "PH",
                "date": "2016/06/15",
                "validOn": "2018/01/30"
            }
        },
        {
            "type": "Feature",
            "geometry": {
                "type": "Polygon",
                "coordinates": [
                    [
                        [
                            120.53621967900006,
                            15.021041694000075
                        ],
                        [
                            120.55691267100008,
                            14.983845304000056
                        ],
                        [
                            120.49085503200001,
                            14.889881961000071
                        ],
                        [
                            120.42091735000008,
                            14.99012314600003
                        ],
                        [
                            120.4219665490001,
                            15.029677780000043
                        ],
                        [
                            120.49254389400005,
                            15.03763993900003
                        ],
                        [
                            120.53621967900006,
                            15.021041694000075
                        ]
                    ]
                ]
            },
            "properties": {
                "Shape_Leng": 0.619081716205,
                "Shape_Area": 0.0113320167072,
                "ADM3_EN": "Floridablanca",
                "ADM3_PCODE": "PH035406000",
                "ADM3_REF": null,
                "ADM3ALT1EN": null,
                "ADM3ALT2EN": null,
                "ADM2_EN": "Pampanga",
                "ADM2_PCODE": "PH035400000",
                "ADM1_EN": "Region III",
                "ADM1_PCODE": "PH030000000",
                "ADM0_EN": "Philippines (the)",
                "ADM0_PCODE": "PH",
                "date": "2016/06/15",
                "validOn": "2018/01/30"
            }
        },
        {
            "type": "Feature",
            "geometry": {
                "type": "Polygon",
                "coordinates": [
                    [
                        [
                            120.56694494300007,
                            15.020855206000022
                        ],
                        [
                            120.62533876200007,
                            15.000655600000073
                        ],
                        [
                            120.66107724200003,
                            14.96755458900003
                        ],
                        [
                            120.63428127000009,
                            14.942405783000027
                        ],
                        [
                            120.61486840200007,
                            14.95778505100003
                        ],
                        [
                            120.55691267100008,
                            14.983845304000056
                        ],
                        [
                            120.53621967900006,
                            15.021041694000075
                        ],
                        [
                            120.56694494300007,
                            15.020855206000022
                        ]
                    ]
                ]
            },
            "properties": {
                "Shape_Leng": 0.434789743278,
                "Shape_Area": 0.00376778086631,
                "ADM3_EN": "Guagua",
                "ADM3_PCODE": "PH035407000",
                "ADM3_REF": null,
                "ADM3ALT1EN": null,
                "ADM3ALT2EN": null,
                "ADM2_EN": "Pampanga",
                "ADM2_PCODE": "PH035400000",
                "ADM1_EN": "Region III",
                "ADM1_PCODE": "PH030000000",
                "ADM0_EN": "Philippines (the)",
                "ADM0_PCODE": "PH",
                "date": "2016/06/15",
                "validOn": "2018/01/30"
            }
        },
        {
            "type": "Feature",
            "geometry": {
                "type": "Polygon",
                "coordinates": [
                    [
                        [
                            120.61486840200007,
                            14.95778505100003
                        ],
                        [
                            120.60021874600011,
                            14.830295621000062
                        ],
                        [
                            120.52996468200001,
                            14.832459915000072
                        ],
                        [
                            120.49085503200001,
                            14.889881961000071
                        ],
                        [
                            120.55691267100008,
                            14.983845304000056
                        ],
                        [
                            120.61486840200007,
                            14.95778505100003
                        ]
                    ]
                ]
            },
            "properties": {
                "Shape_Leng": 0.697935295204,
                "Shape_Area": 0.0138603209662,
                "ADM3_EN": "Lubao",
                "ADM3_PCODE": "PH035408000",
                "ADM3_REF": null,
                "ADM3ALT1EN": null,
                "ADM3ALT2EN": null,
                "ADM2_EN": "Pampanga",
                "ADM2_PCODE": "PH035400000",
                "ADM1_EN": "Region III",
                "ADM1_PCODE": "PH030000000",
                "ADM0_EN": "Philippines (the)",
                "ADM0_PCODE": "PH",
                "date": "2016/06/15",
                "validOn": "2018/01/30"
            }
        },
        {
            "type": "Feature",
            "geometry": {
                "type": "Polygon",
                "coordinates": [
                    [
                        [
                            120.6166080480001,
                            15.262939516000074
                        ],
                        [
                            120.63295860200003,
                            15.187977114000034
                        ],
                        [
                            120.623465527,
                            15.175674680000043
                        ],
                        [
                            120.58261167100011,
                            15.17037166800003
                        ],
                        [
                            120.57103388300004,
                            15.22242435100003
                        ],
                        [
                            120.44977598600008,
                            15.175672598000062
                        ],
                        [
                            120.44756009000002,
                            15.20325202600003
                        ],
                        [
                            120.52199098000006,
                            15.226423853000028
                        ],
                        [
                            120.56732752500011,
                            15.263818960000037
                        ],
                        [
                            120.6166080480001,
                            15.262939516000074
                        ]
                    ]
                ]
            },
            "properties": {
                "Shape_Leng": 0.662198907704,
                "Shape_Area": 0.00820527010875,
                "ADM3_EN": "Mabalacat City",
                "ADM3_PCODE": "PH035409000",
                "ADM3_REF": null,
                "ADM3ALT1EN": null,
                "ADM3ALT2EN": null,
                "ADM2_EN": "Pampanga",
                "ADM2_PCODE": "PH035400000",
                "ADM1_EN": "Region III",
                "ADM1_PCODE": "PH030000000",
                "ADM0_EN": "Philippines (the)",
                "ADM0_PCODE": "PH",
                "date": "2016/06/15",
                "validOn": "2018/01/30"
            }
        },
        {
            "type": "Feature",
            "geometry": {
                "type": "Polygon",
                "coordinates": [
                    [
                        [
                            120.73067044400011,
                            14.947920649000025
                        ],
                        [
                            120.73333087200001,
                            14.928257064000036
                        ],
                        [
                            120.7238794540001,
                            14.888175082000032
                        ],
                        [
                            120.65049409300002,
                            14.881554182000059
                        ],
                        [
                            120.66297957200004,
                            14.795742726000071
                        ],
                        [
                            120.68662271500011,
                            14.773103611000067
                        ],
                        [
                            120.65453697500004,
                            14.768146356000045
                        ],
                        [
                            120.62046547600005,
                            14.812593499000059
                        ],
                        [
                            120.6424361710001,
                            14.934458801000062
                        ],
                        [
                            120.73067044400011,
                            14.947920649000025
                        ]
                    ]
                ]
            },
            "properties": {
                "Shape_Leng": 0.959999849285,
                "Shape_Area": 0.00757865857782,
                "ADM3_EN": "Macabebe",
                "ADM3_PCODE": "PH035410000",
                "ADM3_REF": null,
                "ADM3ALT1EN": null,
                "ADM3ALT2EN": null,
                "ADM2_EN": "Pampanga",
                "ADM2_PCODE": "PH035400000",
                "ADM1_EN": "Region III",
                "ADM1_PCODE": "PH030000000",
                "ADM0_EN": "Philippines (the)",
                "ADM0_PCODE": "PH",
                "date": "2016/06/15",
                "validOn": "2018/01/30"
            }
        },
        {
            "type": "Feature",
            "geometry": {
                "type": "Polygon",
                "coordinates": [
                    [
                        [
                            120.7421527570001,
                            15.256829392000043
                        ],
                        [
                            120.69390162200011,
                            15.190098232000025
                        ],
                        [
                            120.64721445400005,
                            15.188716495000051
                        ],
                        [
                            120.63295860200003,
                            15.187977114000034
                        ],
                        [
                            120.6166080480001,
                            15.262939516000074
                        ],
                        [
                            120.65281420400004,
                            15.273419936000039
                        ],
                        [
                            120.7421527570001,
                            15.256829392000043
                        ]
                    ]
                ]
            },
            "properties": {
                "Shape_Leng": 0.474172565784,
                "Shape_Area": 0.00815274695085,
                "ADM3_EN": "Magalang",
                "ADM3_PCODE": "PH035411000",
                "ADM3_REF": null,
                "ADM3ALT1EN": null,
                "ADM3ALT2EN": null,
                "ADM2_EN": "Pampanga",
                "ADM2_PCODE": "PH035400000",
                "ADM1_EN": "Region III",
                "ADM1_PCODE": "PH030000000",
                "ADM0_EN": "Philippines (the)",
                "ADM0_PCODE": "PH",
                "date": "2016/06/15",
                "validOn": "2018/01/30"
            }
        },
        {
            "type": "Feature",
            "geometry": {
                "type": "Polygon",
                "coordinates": [
                    [
                        [
                            120.7238794540001,
                            14.888175082000032
                        ],
                        [
                            120.68662271500011,
                            14.773103611000067
                        ],
                        [
                            120.66297957200004,
                            14.795742726000071
                        ],
                        [
                            120.65049409300002,
                            14.881554182000059
                        ],
                        [
                            120.7238794540001,
                            14.888175082000032
                        ]
                    ]
                ]
            },
            "properties": {
                "Shape_Leng": 0.43363848914,
                "Shape_Area": 0.00567683321886,
                "ADM3_EN": "Masantol",
                "ADM3_PCODE": "PH035412000",
                "ADM3_REF": null,
                "ADM3ALT1EN": null,
                "ADM3ALT2EN": null,
                "ADM2_EN": "Pampanga",
                "ADM2_PCODE": "PH035400000",
                "ADM1_EN": "Region III",
                "ADM1_PCODE": "PH030000000",
                "ADM0_EN": "Philippines (the)",
                "ADM0_PCODE": "PH",
                "date": "2016/06/15",
                "validOn": "2018/01/30"
            }
        },
        {
            "type": "Feature",
            "geometry": {
                "type": "Polygon",
                "coordinates": [
                    [
                        [
                            120.6929473140001,
                            15.150559529000077
                        ],
                        [
                            120.77455712100004,
                            15.063991067000075
                        ],
                        [
                            120.7570996280001,
                            15.037779406000027
                        ],
                        [
                            120.72781443400004,
                            15.031172926000067
                        ],
                        [
                            120.72699065600011,
                            15.031077183000036
                        ],
                        [
                            120.69220699300001,
                            15.052828592000026
                        ],
                        [
                            120.62867474100005,
                            15.129305749000025
                        ],
                        [
                            120.623465527,
                            15.175674680000043
                        ],
                        [
                            120.63295860200003,
                            15.187977114000034
                        ],
                        [
                            120.64721445400005,
                            15.188716495000051
                        ],
                        [
                            120.6929473140001,
                            15.150559529000077
                        ]
                    ]
                ]
            },
            "properties": {
                "Shape_Leng": 0.620014532132,
                "Shape_Area": 0.0104558294153,
                "ADM3_EN": "Mexico",
                "ADM3_PCODE": "PH035413000",
                "ADM3_REF": null,
                "ADM3ALT1EN": null,
                "ADM3ALT2EN": null,
                "ADM2_EN": "Pampanga",
                "ADM2_PCODE": "PH035400000",
                "ADM1_EN": "Region III",
                "ADM1_PCODE": "PH030000000",
                "ADM0_EN": "Philippines (the)",
                "ADM0_PCODE": "PH",
                "date": "2016/06/15",
                "validOn": "2018/01/30"
            }
        },
        {
            "type": "Feature",
            "geometry": {
                "type": "Polygon",
                "coordinates": [
                    [
                        [
                            120.74813139200012,
                            14.978946113000063
                        ],
                        [
                            120.73067044400011,
                            14.947920649000025
                        ],
                        [
                            120.6424361710001,
                            14.934458801000062
                        ],
                        [
                            120.63428127000009,
                            14.942405783000027
                        ],
                        [
                            120.66107724200003,
                            14.96755458900003
                        ],
                        [
                            120.69342931900007,
                            14.996453651000024
                        ],
                        [
                            120.73033934500006,
                            15.005687660000035
                        ],
                        [
                            120.74813139200012,
                            14.978946113000063
                        ]
                    ]
                ]
            },
            "properties": {
                "Shape_Leng": 0.490899529188,
                "Shape_Area": 0.00437043232859,
                "ADM3_EN": "Minalin",
                "ADM3_PCODE": "PH035414000",
                "ADM3_REF": null,
                "ADM3ALT1EN": null,
                "ADM3ALT2EN": null,
                "ADM2_EN": "Pampanga",
                "ADM2_PCODE": "PH035400000",
                "ADM1_EN": "Region III",
                "ADM1_PCODE": "PH030000000",
                "ADM0_EN": "Philippines (the)",
                "ADM0_PCODE": "PH",
                "date": "2016/06/15",
                "validOn": "2018/01/30"
            }
        },
        {
            "type": "Feature",
            "geometry": {
                "type": "Polygon",
                "coordinates": [
                    [
                        [
                            120.44977598600008,
                            15.175672598000062
                        ],
                        [
                            120.44950805200006,
                            15.151067770000054
                        ],
                        [
                            120.57362791300011,
                            15.129543977000026
                        ],
                        [
                            120.59723459600002,
                            15.108419555000069
                        ],
                        [
                            120.58580701400001,
                            15.050473787000044
                        ],
                        [
                            120.56694494300007,
                            15.020855206000022
                        ],
                        [
                            120.53621967900006,
                            15.021041694000075
                        ],
                        [
                            120.49254389400005,
                            15.03763993900003
                        ],
                        [
                            120.4219665490001,
                            15.029677780000043
                        ],
                        [
                            120.406873,
                            15.074102701000072
                        ],
                        [
                            120.36503970000001,
                            15.108136663000039
                        ],
                        [
                            120.36759662500003,
                            15.167097115000047
                        ],
                        [
                            120.44756009000002,
                            15.20325202600003
                        ],
                        [
                            120.44977598600008,
                            15.175672598000062
                        ]
                    ]
                ]
            },
            "properties": {
                "Shape_Leng": 0.89088109368,
                "Shape_Area": 0.0249795039541,
                "ADM3_EN": "Porac",
                "ADM3_PCODE": "PH035415000",
                "ADM3_REF": null,
                "ADM3ALT1EN": null,
                "ADM3ALT2EN": null,
                "ADM2_EN": "Pampanga",
                "ADM2_PCODE": "PH035400000",
                "ADM1_EN": "Region III",
                "ADM1_PCODE": "PH030000000",
                "ADM0_EN": "Philippines (the)",
                "ADM0_PCODE": "PH",
                "date": "2016/06/15",
                "validOn": "2018/01/30"
            }
        },
        {
            "type": "Feature",
            "geometry": {
                "type": "Polygon",
                "coordinates": [
                    [
                        [
                            120.62867474100005,
                            15.129305749000025
                        ],
                        [
                            120.69220699300001,
                            15.052828592000026
                        ],
                        [
                            120.72699065600011,
                            15.031077183000036
                        ],
                        [
                            120.6951918740001,
                            15.005025381000053
                        ],
                        [
                            120.60895791900009,
                            15.082882877000031
                        ],
                        [
                            120.60058322900011,
                            15.119668199000046
                        ],
                        [
                            120.62867474100005,
                            15.129305749000025
                        ]
                    ]
                ]
            },
            "properties": {
                "Shape_Leng": 0.454432478761,
                "Shape_Area": 0.00589313104967,
                "ADM3_EN": "City of San Fernando",
                "ADM3_PCODE": "PH035416000",
                "ADM3_REF": null,
                "ADM3ALT1EN": "Capital",
                "ADM3ALT2EN": null,
                "ADM2_EN": "Pampanga",
                "ADM2_PCODE": "PH035400000",
                "ADM1_EN": "Region III",
                "ADM1_PCODE": "PH030000000",
                "ADM0_EN": "Philippines (the)",
                "ADM0_PCODE": "PH",
                "date": "2016/06/15",
                "validOn": "2018/01/30"
            }
        },
        {
            "type": "Feature",
            "geometry": {
                "type": "Polygon",
                "coordinates": [
                    [
                        [
                            120.87985681300006,
                            15.01334577800003
                        ],
                        [
                            120.87376274100006,
                            14.981939552000028
                        ],
                        [
                            120.7570996280001,
                            15.037779406000027
                        ],
                        [
                            120.77455712100004,
                            15.063991067000075
                        ],
                        [
                            120.7969363850001,
                            15.078988135000031
                        ],
                        [
                            120.82956987300008,
                            15.02838685000006
                        ],
                        [
                            120.87985681300006,
                            15.01334577800003
                        ]
                    ]
                ]
            },
            "properties": {
                "Shape_Leng": 0.500896275879,
                "Shape_Area": 0.00403939823971,
                "ADM3_EN": "San Luis",
                "ADM3_PCODE": "PH035417000",
                "ADM3_REF": null,
                "ADM3ALT1EN": null,
                "ADM3ALT2EN": null,
                "ADM2_EN": "Pampanga",
                "ADM2_PCODE": "PH035400000",
                "ADM1_EN": "Region III",
                "ADM1_PCODE": "PH030000000",
                "ADM0_EN": "Philippines (the)",
                "ADM0_PCODE": "PH",
                "date": "2016/06/15",
                "validOn": "2018/01/30"
            }
        },
        {
            "type": "Feature",
            "geometry": {
                "type": "Polygon",
                "coordinates": [
                    [
                        [
                            120.7570996280001,
                            15.037779406000027
                        ],
                        [
                            120.87376274100006,
                            14.981939552000028
                        ],
                        [
                            120.87263100700011,
                            14.981723423000062
                        ],
                        [
                            120.74813139200012,
                            14.978946113000063
                        ],
                        [
                            120.73033934500006,
                            15.005687660000035
                        ],
                        [
                            120.72781443400004,
                            15.031172926000067
                        ],
                        [
                            120.7570996280001,
                            15.037779406000027
                        ]
                    ]
                ]
            },
            "properties": {
                "Shape_Leng": 0.419546405617,
                "Shape_Area": 0.00463431614363,
                "ADM3_EN": "San Simon",
                "ADM3_PCODE": "PH035418000",
                "ADM3_REF": null,
                "ADM3ALT1EN": null,
                "ADM3ALT2EN": null,
                "ADM2_EN": "Pampanga",
                "ADM2_PCODE": "PH035400000",
                "ADM1_EN": "Region III",
                "ADM1_PCODE": "PH030000000",
                "ADM0_EN": "Philippines (the)",
                "ADM0_PCODE": "PH",
                "date": "2016/06/15",
                "validOn": "2018/01/30"
            }
        },
        {
            "type": "Feature",
            "geometry": {
                "type": "Polygon",
                "coordinates": [
                    [
                        [
                            120.78974277200007,
                            15.114062808000028
                        ],
                        [
                            120.7969363850001,
                            15.078988135000031
                        ],
                        [
                            120.77455712100004,
                            15.063991067000075
                        ],
                        [
                            120.6929473140001,
                            15.150559529000077
                        ],
                        [
                            120.78974277200007,
                            15.114062808000028
                        ]
                    ]
                ]
            },
            "properties": {
                "Shape_Leng": 0.313757197345,
                "Shape_Area": 0.00314844938595,
                "ADM3_EN": "Santa Ana",
                "ADM3_PCODE": "PH035419000",
                "ADM3_REF": null,
                "ADM3ALT1EN": null,
                "ADM3ALT2EN": null,
                "ADM2_EN": "Pampanga",
                "ADM2_PCODE": "PH035400000",
                "ADM1_EN": "Region III",
                "ADM1_PCODE": "PH030000000",
                "ADM0_EN": "Philippines (the)",
                "ADM0_PCODE": "PH",
                "date": "2016/06/15",
                "validOn": "2018/01/30"
            }
        },
        {
            "type": "Feature",
            "geometry": {
                "type": "Polygon",
                "coordinates": [
                    [
                        [
                            120.62533876200007,
                            15.000655600000073
                        ],
                        [
                            120.56694494300007,
                            15.020855206000022
                        ],
                        [
                            120.58580701400001,
                            15.050473787000044
                        ],
                        [
                            120.62533876200007,
                            15.000655600000073
                        ]
                    ]
                ]
            },
            "properties": {
                "Shape_Leng": 0.216259245425,
                "Shape_Area": 0.00181884970411,
                "ADM3_EN": "Santa Rita",
                "ADM3_PCODE": "PH035420000",
                "ADM3_REF": null,
                "ADM3ALT1EN": null,
                "ADM3ALT2EN": null,
                "ADM2_EN": "Pampanga",
                "ADM2_PCODE": "PH035400000",
                "ADM1_EN": "Region III",
                "ADM1_PCODE": "PH030000000",
                "ADM0_EN": "Philippines (the)",
                "ADM0_PCODE": "PH",
                "date": "2016/06/15",
                "validOn": "2018/01/30"
            }
        },
        {
            "type": "Feature",
            "geometry": {
                "type": "Polygon",
                "coordinates": [
                    [
                        [
                            120.72781443400004,
                            15.031172926000067
                        ],
                        [
                            120.73033934500006,
                            15.005687660000035
                        ],
                        [
                            120.69342931900007,
                            14.996453651000024
                        ],
                        [
                            120.6951918740001,
                            15.005025381000053
                        ],
                        [
                            120.72699065600011,
                            15.031077183000036
                        ],
                        [
                            120.72781443400004,
                            15.031172926000067
                        ]
                    ]
                ]
            },
            "properties": {
                "Shape_Leng": 0.193621712076,
                "Shape_Area": 0.00116474771622,
                "ADM3_EN": "Santo Tomas",
                "ADM3_PCODE": "PH035421000",
                "ADM3_REF": null,
                "ADM3ALT1EN": null,
                "ADM3ALT2EN": null,
                "ADM2_EN": "Pampanga",
                "ADM2_PCODE": "PH035400000",
                "ADM1_EN": "Region III",
                "ADM1_PCODE": "PH030000000",
                "ADM0_EN": "Philippines (the)",
                "ADM0_PCODE": "PH",
                "date": "2016/06/15",
                "validOn": "2018/01/30"
            }
        },
        {
            "type": "Feature",
            "geometry": {
                "type": "Polygon",
                "coordinates": [
                    [
                        [
                            120.63428127000009,
                            14.942405783000027
                        ],
                        [
                            120.6424361710001,
                            14.934458801000062
                        ],
                        [
                            120.62046547600005,
                            14.812593499000059
                        ],
                        [
                            120.60021874600011,
                            14.830295621000062
                        ],
                        [
                            120.61486840200007,
                            14.95778505100003
                        ],
                        [
                            120.63428127000009,
                            14.942405783000027
                        ]
                    ]
                ]
            },
            "properties": {
                "Shape_Leng": 0.489091455217,
                "Shape_Area": 0.0033667013211,
                "ADM3_EN": "Sasmuan",
                "ADM3_PCODE": "PH035422000",
                "ADM3_REF": null,
                "ADM3ALT1EN": "Sexmoan",
                "ADM3ALT2EN": null,
                "ADM2_EN": "Pampanga",
                "ADM2_PCODE": "PH035400000",
                "ADM1_EN": "Region III",
                "ADM1_PCODE": "PH030000000",
                "ADM0_EN": "Philippines (the)",
                "ADM0_PCODE": "PH",
                "date": "2016/06/15",
                "validOn": "2018/01/30"
            }
        },
        {
            "type": "Feature",
            "geometry": {
                "type": "Polygon",
                "coordinates": [
                    [
                        [
                            120.62231146800002,
                            15.773243401000059
                        ],
                        [
                            120.64170017100002,
                            15.699918340000067
                        ],
                        [
                            120.61484352600007,
                            15.703650044000028
                        ],
                        [
                            120.59811965600011,
                            15.70932857200006
                        ],
                        [
                            120.59914247900008,
                            15.773595215000057
                        ],
                        [
                            120.62231146800002,
                            15.773243401000059
                        ]
                    ]
                ]
            },
            "properties": {
                "Shape_Leng": 0.232791288718,
                "Shape_Area": 0.00214497228854,
                "ADM3_EN": "Anao",
                "ADM3_PCODE": "PH036901000",
                "ADM3_REF": null,
                "ADM3ALT1EN": null,
                "ADM3ALT2EN": null,
                "ADM2_EN": "Tarlac",
                "ADM2_PCODE": "PH036900000",
                "ADM1_EN": "Region III",
                "ADM1_PCODE": "PH030000000",
                "ADM0_EN": "Philippines (the)",
                "ADM0_PCODE": "PH",
                "date": "2016/06/15",
                "validOn": "2018/01/30"
            }
        },
        {
            "type": "Feature",
            "geometry": {
                "type": "Polygon",
                "coordinates": [
                    [
                        [
                            120.60921231200007,
                            15.324793937000038
                        ],
                        [
                            120.6166080480001,
                            15.262939516000074
                        ],
                        [
                            120.56732752500011,
                            15.263818960000037
                        ],
                        [
                            120.41835810200007,
                            15.181353086000058
                        ],
                        [
                            120.36759662500003,
                            15.167097115000047
                        ],
                        [
                            120.33616555100002,
                            15.235095099000034
                        ],
                        [
                            120.43155211300007,
                            15.275751425000067
                        ],
                        [
                            120.51416380800003,
                            15.288367901000072
                        ],
                        [
                            120.60921231200007,
                            15.324793937000038
                        ]
                    ]
                ]
            },
            "properties": {
                "Shape_Leng": 0.780921366307,
                "Shape_Area": 0.0174543712411,
                "ADM3_EN": "Bamban",
                "ADM3_PCODE": "PH036902000",
                "ADM3_REF": null,
                "ADM3ALT1EN": null,
                "ADM3ALT2EN": null,
                "ADM2_EN": "Tarlac",
                "ADM2_PCODE": "PH036900000",
                "ADM1_EN": "Region III",
                "ADM1_PCODE": "PH030000000",
                "ADM0_EN": "Philippines (the)",
                "ADM0_PCODE": "PH",
                "date": "2016/06/15",
                "validOn": "2018/01/30"
            }
        },
        {
            "type": "Feature",
            "geometry": {
                "type": "Polygon",
                "coordinates": [
                    [
                        [
                            120.46759425200003,
                            15.722242866000045
                        ],
                        [
                            120.48786207800003,
                            15.698438224000029
                        ],
                        [
                            120.47312641200006,
                            15.657731048000073
                        ],
                        [
                            120.40261150800006,
                            15.62836687400005
                        ],
                        [
                            120.32026513400001,
                            15.622826373000066
                        ],
                        [
                            120.4136298190001,
                            15.751902104000067
                        ],
                        [
                            120.46759425200003,
                            15.722242866000045
                        ]
                    ]
                ]
            },
            "properties": {
                "Shape_Leng": 0.576127733581,
                "Shape_Area": 0.0110762852499,
                "ADM3_EN": "Camiling",
                "ADM3_PCODE": "PH036903000",
                "ADM3_REF": null,
                "ADM3ALT1EN": null,
                "ADM3ALT2EN": null,
                "ADM2_EN": "Tarlac",
                "ADM2_PCODE": "PH036900000",
                "ADM1_EN": "Region III",
                "ADM1_PCODE": "PH030000000",
                "ADM0_EN": "Philippines (the)",
                "ADM0_PCODE": "PH",
                "date": "2016/06/15",
                "validOn": "2018/01/30"
            }
        },
        {
            "type": "Feature",
            "geometry": {
                "type": "Polygon",
                "coordinates": [
                    [
                        [
                            120.52205396400007,
                            15.405059595000068
                        ],
                        [
                            120.6020263260001,
                            15.408805874000052
                        ],
                        [
                            120.60921231200007,
                            15.324793937000038
                        ],
                        [
                            120.51416380800003,
                            15.288367901000072
                        ],
                        [
                            120.43155211300007,
                            15.275751425000067
                        ],
                        [
                            120.33616555100002,
                            15.235095099000034
                        ],
                        [
                            120.2413135270001,
                            15.314832387000024
                        ],
                        [
                            120.46597774600002,
                            15.424707715000068
                        ],
                        [
                            120.52205396400007,
                            15.405059595000068
                        ]
                    ]
                ]
            },
            "properties": {
                "Shape_Leng": 0.925046895676,
                "Shape_Area": 0.0375760596095,
                "ADM3_EN": "Capas",
                "ADM3_PCODE": "PH036904000",
                "ADM3_REF": null,
                "ADM3ALT1EN": null,
                "ADM3ALT2EN": null,
                "ADM2_EN": "Tarlac",
                "ADM2_PCODE": "PH036900000",
                "ADM1_EN": "Region III",
                "ADM1_PCODE": "PH030000000",
                "ADM0_EN": "Philippines (the)",
                "ADM0_PCODE": "PH",
                "date": "2016/06/15",
                "validOn": "2018/01/30"
            }
        },
        {
            "type": "Feature",
            "geometry": {
                "type": "Polygon",
                "coordinates": [
                    [
                        [
                            120.65992643300001,
                            15.413100806000045
                        ],
                        [
                            120.74140045100012,
                            15.358813220000059
                        ],
                        [
                            120.74884701700012,
                            15.288149819000068
                        ],
                        [
                            120.70041309500004,
                            15.263124283000025
                        ],
                        [
                            120.6166080480001,
                            15.262939516000074
                        ],
                        [
                            120.60921231200007,
                            15.324793937000038
                        ],
                        [
                            120.6020263260001,
                            15.408805874000052
                        ],
                        [
                            120.65992643300001,
                            15.413100806000045
                        ]
                    ]
                ]
            },
            "properties": {
                "Shape_Leng": 0.622422412755,
                "Shape_Area": 0.0179346903142,
                "ADM3_EN": "Concepcion",
                "ADM3_PCODE": "PH036905000",
                "ADM3_REF": null,
                "ADM3ALT1EN": null,
                "ADM3ALT2EN": null,
                "ADM2_EN": "Tarlac",
                "ADM2_PCODE": "PH036900000",
                "ADM1_EN": "Region III",
                "ADM1_PCODE": "PH030000000",
                "ADM0_EN": "Philippines (the)",
                "ADM0_PCODE": "PH",
                "date": "2016/06/15",
                "validOn": "2018/01/30"
            }
        },
        {
            "type": "Feature",
            "geometry": {
                "type": "Polygon",
                "coordinates": [
                    [
                        [
                            120.62936909400003,
                            15.650440015000072
                        ],
                        [
                            120.63265150900008,
                            15.570544160000054
                        ],
                        [
                            120.6155901620001,
                            15.549884127000041
                        ],
                        [
                            120.56275320300006,
                            15.565038381000022
                        ],
                        [
                            120.52117628000008,
                            15.545019627000045
                        ],
                        [
                            120.48896100700006,
                            15.61923278100005
                        ],
                        [
                            120.60965773300006,
                            15.64713948700006
                        ],
                        [
                            120.62936909400003,
                            15.650440015000072
                        ]
                    ]
                ]
            },
            "properties": {
                "Shape_Leng": 0.503624241716,
                "Shape_Area": 0.010309649241,
                "ADM3_EN": "Gerona",
                "ADM3_PCODE": "PH036906000",
                "ADM3_REF": null,
                "ADM3ALT1EN": null,
                "ADM3ALT2EN": null,
                "ADM2_EN": "Tarlac",
                "ADM2_PCODE": "PH036900000",
                "ADM1_EN": "Region III",
                "ADM1_PCODE": "PH030000000",
                "ADM0_EN": "Philippines (the)",
                "ADM0_PCODE": "PH",
                "date": "2016/06/15",
                "validOn": "2018/01/30"
            }
        },
        {
            "type": "Feature",
            "geometry": {
                "type": "Polygon",
                "coordinates": [
                    [
                        [
                            120.73152774400012,
                            15.527064144000065
                        ],
                        [
                            120.76236231700011,
                            15.417785005000042
                        ],
                        [
                            120.74140045100012,
                            15.358813220000059
                        ],
                        [
                            120.65992643300001,
                            15.413100806000045
                        ],
                        [
                            120.70411616800004,
                            15.479351570000063
                        ],
                        [
                            120.67659619000005,
                            15.521484560000033
                        ],
                        [
                            120.73152774400012,
                            15.527064144000065
                        ]
                    ]
                ]
            },
            "properties": {
                "Shape_Leng": 0.584397298478,
                "Shape_Area": 0.00974276030827,
                "ADM3_EN": "La Paz",
                "ADM3_PCODE": "PH036907000",
                "ADM3_REF": null,
                "ADM3ALT1EN": null,
                "ADM3ALT2EN": null,
                "ADM2_EN": "Tarlac",
                "ADM2_PCODE": "PH036900000",
                "ADM1_EN": "Region III",
                "ADM1_PCODE": "PH030000000",
                "ADM0_EN": "Philippines (the)",
                "ADM0_PCODE": "PH",
                "date": "2016/06/15",
                "validOn": "2018/01/30"
            }
        },
        {
            "type": "Feature",
            "geometry": {
                "type": "Polygon",
                "coordinates": [
                    [
                        [
                            120.38997690000008,
                            15.504898023000067
                        ],
                        [
                            120.34047442600001,
                            15.520949550000068
                        ],
                        [
                            120.18330680400004,
                            15.488963045000048
                        ],
                        [
                            120.223042,
                            15.576052722000043
                        ],
                        [
                            120.2640465500001,
                            15.59769398800006
                        ],
                        [
                            120.32026513400001,
                            15.622826373000066
                        ],
                        [
                            120.40261150800006,
                            15.62836687400005
                        ],
                        [
                            120.41062710400001,
                            15.565912430000026
                        ],
                        [
                            120.38997690000008,
                            15.504898023000067
                        ]
                    ]
                ]
            },
            "properties": {
                "Shape_Leng": 0.70286910592,
                "Shape_Area": 0.02022755366,
                "ADM3_EN": "Mayantoc",
                "ADM3_PCODE": "PH036908000",
                "ADM3_REF": null,
                "ADM3ALT1EN": null,
                "ADM3ALT2EN": null,
                "ADM2_EN": "Tarlac",
                "ADM2_PCODE": "PH036900000",
                "ADM1_EN": "Region III",
                "ADM1_PCODE": "PH030000000",
                "ADM0_EN": "Philippines (the)",
                "ADM0_PCODE": "PH",
                "date": "2016/06/15",
                "validOn": "2018/01/30"
            }
        },
        {
            "type": "Feature",
            "geometry": {
                "type": "Polygon",
                "coordinates": [
                    [
                        [
                            120.48786207800003,
                            15.698438224000029
                        ],
                        [
                            120.46759425200003,
                            15.722242866000045
                        ],
                        [
                            120.55103785800009,
                            15.763746918000038
                        ],
                        [
                            120.5741227630001,
                            15.813969975000077
                        ],
                        [
                            120.59914247900008,
                            15.773595215000057
                        ],
                        [
                            120.59811965600011,
                            15.70932857200006
                        ],
                        [
                            120.48786207800003,
                            15.698438224000029
                        ]
                    ]
                ]
            },
            "properties": {
                "Shape_Leng": 0.454077376266,
                "Shape_Area": 0.00857887724492,
                "ADM3_EN": "Moncada",
                "ADM3_PCODE": "PH036909000",
                "ADM3_REF": null,
                "ADM3ALT1EN": null,
                "ADM3ALT2EN": null,
                "ADM2_EN": "Tarlac",
                "ADM2_PCODE": "PH036900000",
                "ADM1_EN": "Region III",
                "ADM1_PCODE": "PH030000000",
                "ADM0_EN": "Philippines (the)",
                "ADM0_PCODE": "PH",
                "date": "2016/06/15",
                "validOn": "2018/01/30"
            }
        },
        {
            "type": "Feature",
            "geometry": {
                "type": "Polygon",
                "coordinates": [
                    [
                        [
                            120.61484352600007,
                            15.703650044000028
                        ],
                        [
                            120.60965773300006,
                            15.64713948700006
                        ],
                        [
                            120.48896100700006,
                            15.61923278100005
                        ],
                        [
                            120.47312641200006,
                            15.657731048000073
                        ],
                        [
                            120.48786207800003,
                            15.698438224000029
                        ],
                        [
                            120.59811965600011,
                            15.70932857200006
                        ],
                        [
                            120.61484352600007,
                            15.703650044000028
                        ]
                    ]
                ]
            },
            "properties": {
                "Shape_Leng": 0.476919256908,
                "Shape_Area": 0.00898923524356,
                "ADM3_EN": "Paniqui",
                "ADM3_PCODE": "PH036910000",
                "ADM3_REF": null,
                "ADM3ALT1EN": null,
                "ADM3ALT2EN": null,
                "ADM2_EN": "Tarlac",
                "ADM2_PCODE": "PH036900000",
                "ADM1_EN": "Region III",
                "ADM1_PCODE": "PH030000000",
                "ADM0_EN": "Philippines (the)",
                "ADM0_PCODE": "PH",
                "date": "2016/06/15",
                "validOn": "2018/01/30"
            }
        },
        {
            "type": "Feature",
            "geometry": {
                "type": "Polygon",
                "coordinates": [
                    [
                        [
                            120.6839461080001,
                            15.630727482000054
                        ],
                        [
                            120.63265150900008,
                            15.570544160000054
                        ],
                        [
                            120.62936909400003,
                            15.650440015000072
                        ],
                        [
                            120.65820326000005,
                            15.66168930200007
                        ],
                        [
                            120.6839461080001,
                            15.630727482000054
                        ]
                    ]
                ]
            },
            "properties": {
                "Shape_Leng": 0.256591487,
                "Shape_Area": 0.00270688661154,
                "ADM3_EN": "Pura",
                "ADM3_PCODE": "PH036911000",
                "ADM3_REF": null,
                "ADM3ALT1EN": null,
                "ADM3ALT2EN": null,
                "ADM2_EN": "Tarlac",
                "ADM2_PCODE": "PH036900000",
                "ADM1_EN": "Region III",
                "ADM1_PCODE": "PH030000000",
                "ADM0_EN": "Philippines (the)",
                "ADM0_PCODE": "PH",
                "date": "2016/06/15",
                "validOn": "2018/01/30"
            }
        },
        {
            "type": "Feature",
            "geometry": {
                "type": "Polygon",
                "coordinates": [
                    [
                        [
                            120.64170017100002,
                            15.699918340000067
                        ],
                        [
                            120.65820326000005,
                            15.66168930200007
                        ],
                        [
                            120.62936909400003,
                            15.650440015000072
                        ],
                        [
                            120.60965773300006,
                            15.64713948700006
                        ],
                        [
                            120.61484352600007,
                            15.703650044000028
                        ],
                        [
                            120.64170017100002,
                            15.699918340000067
                        ]
                    ]
                ]
            },
            "properties": {
                "Shape_Leng": 0.220231884669,
                "Shape_Area": 0.00216948887059,
                "ADM3_EN": "Ramos",
                "ADM3_PCODE": "PH036912000",
                "ADM3_REF": null,
                "ADM3ALT1EN": null,
                "ADM3ALT2EN": null,
                "ADM2_EN": "Tarlac",
                "ADM2_PCODE": "PH036900000",
                "ADM1_EN": "Region III",
                "ADM1_PCODE": "PH030000000",
                "ADM0_EN": "Philippines (the)",
                "ADM0_PCODE": "PH",
                "date": "2016/06/15",
                "validOn": "2018/01/30"
            }
        },
        {
            "type": "Feature",
            "geometry": {
                "type": "Polygon",
                "coordinates": [
                    [
                        [
                            120.4136298190001,
                            15.751902104000067
                        ],
                        [
                            120.32026513400001,
                            15.622826373000066
                        ],
                        [
                            120.2640465500001,
                            15.59769398800006
                        ],
                        [
                            120.31116236500009,
                            15.644613677000052
                        ],
                        [
                            120.36227633300007,
                            15.735466716000076
                        ],
                        [
                            120.4136298190001,
                            15.751902104000067
                        ]
                    ]
                ]
            },
            "properties": {
                "Shape_Leng": 0.564148651789,
                "Shape_Area": 0.00600797239587,
                "ADM3_EN": "San Clemente",
                "ADM3_PCODE": "PH036913000",
                "ADM3_REF": null,
                "ADM3ALT1EN": null,
                "ADM3ALT2EN": null,
                "ADM2_EN": "Tarlac",
                "ADM2_PCODE": "PH036900000",
                "ADM1_EN": "Region III",
                "ADM1_PCODE": "PH030000000",
                "ADM0_EN": "Philippines (the)",
                "ADM0_PCODE": "PH",
                "date": "2016/06/15",
                "validOn": "2018/01/30"
            }
        },
        {
            "type": "Feature",
            "geometry": {
                "type": "Polygon",
                "coordinates": [
                    [
                        [
                            120.62231146800002,
                            15.773243401000059
                        ],
                        [
                            120.59914247900008,
                            15.773595215000057
                        ],
                        [
                            120.5741227630001,
                            15.813969975000077
                        ],
                        [
                            120.62231146800002,
                            15.773243401000059
                        ]
                    ]
                ]
            },
            "properties": {
                "Shape_Leng": 0.23496577885,
                "Shape_Area": 0.0027565377425,
                "ADM3_EN": "San Manuel",
                "ADM3_PCODE": "PH036914000",
                "ADM3_REF": null,
                "ADM3ALT1EN": null,
                "ADM3ALT2EN": null,
                "ADM2_EN": "Tarlac",
                "ADM2_PCODE": "PH036900000",
                "ADM1_EN": "Region III",
                "ADM1_PCODE": "PH030000000",
                "ADM0_EN": "Philippines (the)",
                "ADM0_PCODE": "PH",
                "date": "2016/06/15",
                "validOn": "2018/01/30"
            }
        },
        {
            "type": "Feature",
            "geometry": {
                "type": "Polygon",
                "coordinates": [
                    [
                        [
                            120.47312641200006,
                            15.657731048000073
                        ],
                        [
                            120.48896100700006,
                            15.61923278100005
                        ],
                        [
                            120.52117628000008,
                            15.545019627000045
                        ],
                        [
                            120.50566359200002,
                            15.538100418000056
                        ],
                        [
                            120.38997690000008,
                            15.504898023000067
                        ],
                        [
                            120.41062710400001,
                            15.565912430000026
                        ],
                        [
                            120.40261150800006,
                            15.62836687400005
                        ],
                        [
                            120.47312641200006,
                            15.657731048000073
                        ]
                    ]
                ]
            },
            "properties": {
                "Shape_Leng": 0.529916299737,
                "Shape_Area": 0.0110765567069,
                "ADM3_EN": "Santa Ignacia",
                "ADM3_PCODE": "PH036915000",
                "ADM3_REF": null,
                "ADM3ALT1EN": null,
                "ADM3ALT2EN": null,
                "ADM2_EN": "Tarlac",
                "ADM2_PCODE": "PH036900000",
                "ADM1_EN": "Region III",
                "ADM1_PCODE": "PH030000000",
                "ADM0_EN": "Philippines (the)",
                "ADM0_PCODE": "PH",
                "date": "2016/06/15",
                "validOn": "2018/01/30"
            }
        },
        {
            "type": "Feature",
            "geometry": {
                "type": "Polygon",
                "coordinates": [
                    [
                        [
                            120.6155901620001,
                            15.549884127000041
                        ],
                        [
                            120.67659619000005,
                            15.521484560000033
                        ],
                        [
                            120.70411616800004,
                            15.479351570000063
                        ],
                        [
                            120.65992643300001,
                            15.413100806000045
                        ],
                        [
                            120.6020263260001,
                            15.408805874000052
                        ],
                        [
                            120.52205396400007,
                            15.405059595000068
                        ],
                        [
                            120.50566359200002,
                            15.538100418000056
                        ],
                        [
                            120.52117628000008,
                            15.545019627000045
                        ],
                        [
                            120.56275320300006,
                            15.565038381000022
                        ],
                        [
                            120.6155901620001,
                            15.549884127000041
                        ]
                    ]
                ]
            },
            "properties": {
                "Shape_Leng": 0.742542245063,
                "Shape_Area": 0.022105225035,
                "ADM3_EN": "City of Tarlac",
                "ADM3_PCODE": "PH036916000",
                "ADM3_REF": null,
                "ADM3ALT1EN": "Capital",
                "ADM3ALT2EN": null,
                "ADM2_EN": "Tarlac",
                "ADM2_PCODE": "PH036900000",
                "ADM1_EN": "Region III",
                "ADM1_PCODE": "PH030000000",
                "ADM0_EN": "Philippines (the)",
                "ADM0_PCODE": "PH",
                "date": "2016/06/15",
                "validOn": "2018/01/30"
            }
        },
        {
            "type": "Feature",
            "geometry": {
                "type": "Polygon",
                "coordinates": [
                    [
                        [
                            120.73152774400012,
                            15.527064144000065
                        ],
                        [
                            120.67659619000005,
                            15.521484560000033
                        ],
                        [
                            120.6155901620001,
                            15.549884127000041
                        ],
                        [
                            120.63265150900008,
                            15.570544160000054
                        ],
                        [
                            120.6839461080001,
                            15.630727482000054
                        ],
                        [
                            120.74181079800007,
                            15.618811382000047
                        ],
                        [
                            120.73152774400012,
                            15.527064144000065
                        ]
                    ]
                ]
            },
            "properties": {
                "Shape_Leng": 0.500818815323,
                "Shape_Area": 0.00923974092058,
                "ADM3_EN": "Victoria",
                "ADM3_PCODE": "PH036917000",
                "ADM3_REF": null,
                "ADM3ALT1EN": null,
                "ADM3ALT2EN": null,
                "ADM2_EN": "Tarlac",
                "ADM2_PCODE": "PH036900000",
                "ADM1_EN": "Region III",
                "ADM1_PCODE": "PH030000000",
                "ADM0_EN": "Philippines (the)",
                "ADM0_PCODE": "PH",
                "date": "2016/06/15",
                "validOn": "2018/01/30"
            }
        },
        {
            "type": "Feature",
            "geometry": {
                "type": "Polygon",
                "coordinates": [
                    [
                        [
                            120.52205396400007,
                            15.405059595000068
                        ],
                        [
                            120.46597774600002,
                            15.424707715000068
                        ],
                        [
                            120.2413135270001,
                            15.314832387000024
                        ],
                        [
                            120.16519461000007,
                            15.361773752000033
                        ],
                        [
                            120.18330680400004,
                            15.488963045000048
                        ],
                        [
                            120.34047442600001,
                            15.520949550000068
                        ],
                        [
                            120.38997690000008,
                            15.504898023000067
                        ],
                        [
                            120.50566359200002,
                            15.538100418000056
                        ],
                        [
                            120.52205396400007,
                            15.405059595000068
                        ]
                    ]
                ]
            },
            "properties": {
                "Shape_Leng": 1.0839797009,
                "Shape_Area": 0.0501697072756,
                "ADM3_EN": "San Jose",
                "ADM3_PCODE": "PH036918000",
                "ADM3_REF": null,
                "ADM3ALT1EN": null,
                "ADM3ALT2EN": null,
                "ADM2_EN": "Tarlac",
                "ADM2_PCODE": "PH036900000",
                "ADM1_EN": "Region III",
                "ADM1_PCODE": "PH030000000",
                "ADM0_EN": "Philippines (the)",
                "ADM0_PCODE": "PH",
                "date": "2016/06/15",
                "validOn": "2018/01/30"
            }
        },
        {
            "type": "Feature",
            "geometry": {
                "type": "Polygon",
                "coordinates": [
                    [
                        [
                            120.16532977500003,
                            15.36319459300006
                        ],
                        [
                            120.28224524300003,
                            15.289590427000064
                        ],
                        [
                            120.33616555100002,
                            15.235095099000034
                        ],
                        [
                            120.36759662500003,
                            15.167097115000047
                        ],
                        [
                            120.35605737500009,
                            15.135023511000043
                        ],
                        [
                            120.37321399300004,
                            15.101486373000057
                        ],
                        [
                            120.21382045000007,
                            15.100339908000024
                        ],
                        [
                            120.19677176800008,
                            15.100379554000028
                        ],
                        [
                            120.2038157930001,
                            15.129247659000043
                        ],
                        [
                            120.18270737900002,
                            15.18875352300006
                        ],
                        [
                            120.08639489500001,
                            15.235979324000027
                        ],
                        [
                            120.02261150100003,
                            15.207258977000038
                        ],
                        [
                            120.0162021110001,
                            15.264447562000043
                        ],
                        [
                            119.9875535110001,
                            15.301703979000024
                        ],
                        [
                            120.04692021800008,
                            15.351124852000055
                        ],
                        [
                            120.08299319900004,
                            15.363026297000033
                        ],
                        [
                            120.16532977500003,
                            15.36319459300006
                        ]
                    ]
                ]
            },
            "properties": {
                "Shape_Leng": 1.16912552835,
                "Shape_Area": 0.0562060544519,
                "ADM3_EN": "Botolan",
                "ADM3_PCODE": "PH037101000",
                "ADM3_REF": null,
                "ADM3ALT1EN": null,
                "ADM3ALT2EN": null,
                "ADM2_EN": "Zambales",
                "ADM2_PCODE": "PH037100000",
                "ADM1_EN": "Region III",
                "ADM1_PCODE": "PH030000000",
                "ADM0_EN": "Philippines (the)",
                "ADM0_PCODE": "PH",
                "date": "2016/06/15",
                "validOn": "2018/01/30"
            }
        },
        {
            "type": "Feature",
            "geometry": {
                "type": "Polygon",
                "coordinates": [
                    [
                        [
                            120.19677176800008,
                            15.100379554000028
                        ],
                        [
                            120.14404513900001,
                            15.097815351000065
                        ],
                        [
                            120.05973355900005,
                            15.124990754000066
                        ],
                        [
                            120.04855899900008,
                            15.114043437000078
                        ],
                        [
                            120.02261150100003,
                            15.207258977000038
                        ],
                        [
                            120.08639489500001,
                            15.235979324000027
                        ],
                        [
                            120.18270737900002,
                            15.18875352300006
                        ],
                        [
                            120.2038157930001,
                            15.129247659000043
                        ],
                        [
                            120.19677176800008,
                            15.100379554000028
                        ]
                    ]
                ]
            },
            "properties": {
                "Shape_Leng": 0.568200200353,
                "Shape_Area": 0.0173113524497,
                "ADM3_EN": "Cabangan",
                "ADM3_PCODE": "PH037102000",
                "ADM3_REF": null,
                "ADM3ALT1EN": null,
                "ADM3ALT2EN": null,
                "ADM2_EN": "Zambales",
                "ADM2_PCODE": "PH037100000",
                "ADM1_EN": "Region III",
                "ADM1_PCODE": "PH030000000",
                "ADM0_EN": "Philippines (the)",
                "ADM0_PCODE": "PH",
                "date": "2016/06/15",
                "validOn": "2018/01/30"
            }
        },
        {
            "type": "Feature",
            "geometry": {
                "type": "Polygon",
                "coordinates": [
                    [
                        [
                            120.215071996,
                            15.681738971000073
                        ],
                        [
                            120.2640465500001,
                            15.59769398800006
                        ],
                        [
                            120.22258195600011,
                            15.57523956700004
                        ],
                        [
                            120.14138754800001,
                            15.573484949000033
                        ],
                        [
                            120.11847636700008,
                            15.55737083300005
                        ],
                        [
                            120.069792935,
                            15.583188214000074
                        ],
                        [
                            120.03155790400001,
                            15.569271510000021
                        ],
                        [
                            119.98294166500011,
                            15.592312307000043
                        ],
                        [
                            119.96763941100005,
                            15.576870234000069
                        ],
                        [
                            119.91716319400007,
                            15.596178311000074
                        ],
                        [
                            119.90474981900002,
                            15.620130864000032
                        ],
                        [
                            119.93559766300007,
                            15.687203410000052
                        ],
                        [
                            120.09035737500005,
                            15.697824137000055
                        ],
                        [
                            120.215071996,
                            15.681738971000073
                        ]
                    ]
                ]
            },
            "properties": {
                "Shape_Leng": 0.966867480978,
                "Shape_Area": 0.0357298594164,
                "ADM3_EN": "Candelaria",
                "ADM3_PCODE": "PH037103000",
                "ADM3_REF": null,
                "ADM3ALT1EN": null,
                "ADM3ALT2EN": null,
                "ADM2_EN": "Zambales",
                "ADM2_PCODE": "PH037100000",
                "ADM1_EN": "Region III",
                "ADM1_PCODE": "PH030000000",
                "ADM0_EN": "Philippines (the)",
                "ADM0_PCODE": "PH",
                "date": "2016/06/15",
                "validOn": "2018/01/30"
            }
        },
        {
            "type": "Feature",
            "geometry": {
                "type": "Polygon",
                "coordinates": [
                    [
                        [
                            120.33075398000005,
                            14.932004928000026
                        ],
                        [
                            120.22017349400005,
                            14.933505059000026
                        ],
                        [
                            120.21519072700005,
                            14.888830356000028
                        ],
                        [
                            120.13616437000007,
                            14.877854949000039
                        ],
                        [
                            120.1207605400001,
                            14.90322896300006
                        ],
                        [
                            120.1601384600001,
                            14.94929464200004
                        ],
                        [
                            120.19432577500004,
                            14.966059520000044
                        ],
                        [
                            120.25164250300008,
                            14.972834369000054
                        ],
                        [
                            120.33075398000005,
                            14.932004928000026
                        ]
                    ]
                ]
            },
            "properties": {
                "Shape_Leng": 0.547922533201,
                "Shape_Area": 0.00874334667394,
                "ADM3_EN": "Castillejos",
                "ADM3_PCODE": "PH037104000",
                "ADM3_REF": null,
                "ADM3ALT1EN": null,
                "ADM3ALT2EN": null,
                "ADM2_EN": "Zambales",
                "ADM2_PCODE": "PH037100000",
                "ADM1_EN": "Region III",
                "ADM1_PCODE": "PH030000000",
                "ADM0_EN": "Philippines (the)",
                "ADM0_PCODE": "PH",
                "date": "2016/06/15",
                "validOn": "2018/01/30"
            }
        },
        {
            "type": "Feature",
            "geometry": {
                "type": "Polygon",
                "coordinates": [
                    [
                        [
                            120.16838659000007,
                            15.395327532000067
                        ],
                        [
                            120.16532977500003,
                            15.36319459300006
                        ],
                        [
                            120.08299319900004,
                            15.363026297000033
                        ],
                        [
                            120.04692021800008,
                            15.351124852000055
                        ],
                        [
                            119.9875535110001,
                            15.301703979000024
                        ],
                        [
                            119.96745294700008,
                            15.343288895000057
                        ],
                        [
                            119.92873917200006,
                            15.386262086000045
                        ],
                        [
                            119.96605043900001,
                            15.398269190000065
                        ],
                        [
                            120.0407817470001,
                            15.400547259000064
                        ],
                        [
                            120.16838659000007,
                            15.395327532000067
                        ]
                    ]
                ]
            },
            "properties": {
                "Shape_Leng": 0.648294584856,
                "Shape_Area": 0.0118137104456,
                "ADM3_EN": "Iba",
                "ADM3_PCODE": "PH037105000",
                "ADM3_REF": null,
                "ADM3ALT1EN": "Capital",
                "ADM3ALT2EN": null,
                "ADM2_EN": "Zambales",
                "ADM2_PCODE": "PH037100000",
                "ADM1_EN": "Region III",
                "ADM1_PCODE": "PH030000000",
                "ADM0_EN": "Philippines (the)",
                "ADM0_PCODE": "PH",
                "date": "2016/06/15",
                "validOn": "2018/01/30"
            }
        },
        {
            "type": "Feature",
            "geometry": {
                "type": "Polygon",
                "coordinates": [
                    [
                        [
                            120.22258195600011,
                            15.57523956700004
                        ],
                        [
                            120.19082940100009,
                            15.519115079000073
                        ],
                        [
                            120.02136839100001,
                            15.48722248200005
                        ],
                        [
                            119.98366516800002,
                            15.473633326000026
                        ],
                        [
                            119.94559942300009,
                            15.479305254000053
                        ],
                        [
                            119.94562616900009,
                            15.47935312800007
                        ],
                        [
                            119.94562715000006,
                            15.479356991000031
                        ],
                        [
                            119.96154224600002,
                            15.504217231000041
                        ],
                        [
                            119.93997353000009,
                            15.558144939000044
                        ],
                        [
                            119.91345169200008,
                            15.59672910100005
                        ],
                        [
                            119.91428990300005,
                            15.597103192000077
                        ],
                        [
                            119.91716319400007,
                            15.596178311000074
                        ],
                        [
                            119.96763941100005,
                            15.576870234000069
                        ],
                        [
                            119.98294166500011,
                            15.592312307000043
                        ],
                        [
                            120.03155790400001,
                            15.569271510000021
                        ],
                        [
                            120.069792935,
                            15.583188214000074
                        ],
                        [
                            120.11847636700008,
                            15.55737083300005
                        ],
                        [
                            120.14138754800001,
                            15.573484949000033
                        ],
                        [
                            120.22258195600011,
                            15.57523956700004
                        ]
                    ]
                ]
            },
            "properties": {
                "Shape_Leng": 1.18826917869,
                "Shape_Area": 0.0209258372872,
                "ADM3_EN": "Masinloc",
                "ADM3_PCODE": "PH037106000",
                "ADM3_REF": null,
                "ADM3ALT1EN": null,
                "ADM3ALT2EN": null,
                "ADM2_EN": "Zambales",
                "ADM2_PCODE": "PH037100000",
                "ADM1_EN": "Region III",
                "ADM1_PCODE": "PH030000000",
                "ADM0_EN": "Philippines (the)",
                "ADM0_PCODE": "PH",
                "date": "2016/06/15",
                "validOn": "2018/01/30"
            }
        },
        {
            "type": "Feature",
            "geometry": {
                "type": "Polygon",
                "coordinates": [
                    [
                        [
                            120.34618065900008,
                            14.860527562000073
                        ],
                        [
                            120.34021009000003,
                            14.817820355000038
                        ],
                        [
                            120.3593488030001,
                            14.776626151000073
                        ],
                        [
                            120.27799578200006,
                            14.744176702000061
                        ],
                        [
                            120.25780643200005,
                            14.76451903800006
                        ],
                        [
                            120.28409053900009,
                            14.800739975000056
                        ],
                        [
                            120.24586485400005,
                            14.849855493000064
                        ],
                        [
                            120.28122666100012,
                            14.896660255000029
                        ],
                        [
                            120.34549383100011,
                            14.910387398000069
                        ],
                        [
                            120.34618065900008,
                            14.860527562000073
                        ]
                    ]
                ]
            },
            "properties": {
                "Shape_Leng": 0.982620022197,
                "Shape_Area": 0.0118467208917,
                "ADM3_EN": "Olongapo City",
                "ADM3_PCODE": "PH037107000",
                "ADM3_REF": null,
                "ADM3ALT1EN": null,
                "ADM3ALT2EN": null,
                "ADM2_EN": "Zambales",
                "ADM2_PCODE": "PH037100000",
                "ADM1_EN": "Region III",
                "ADM1_PCODE": "PH030000000",
                "ADM0_EN": "Philippines (the)",
                "ADM0_PCODE": "PH",
                "date": "2016/06/15",
                "validOn": "2018/01/30"
            }
        },
        {
            "type": "Feature",
            "geometry": {
                "type": "Polygon",
                "coordinates": [
                    [
                        [
                            120.16838659000007,
                            15.395327532000067
                        ],
                        [
                            120.0407817470001,
                            15.400547259000064
                        ],
                        [
                            119.96605043900001,
                            15.398269190000065
                        ],
                        [
                            119.92873917200006,
                            15.386262086000045
                        ],
                        [
                            119.92859641600012,
                            15.386109316000045
                        ],
                        [
                            119.92847748000008,
                            15.385983809000038
                        ],
                        [
                            119.89009185200007,
                            15.431010754000056
                        ],
                        [
                            119.91441569900007,
                            15.443786707000072
                        ],
                        [
                            119.89982846100008,
                            15.477667778000068
                        ],
                        [
                            119.94559942300009,
                            15.479305254000053
                        ],
                        [
                            119.98366516800002,
                            15.473633326000026
                        ],
                        [
                            120.02136839100001,
                            15.48722248200005
                        ],
                        [
                            120.19082940100009,
                            15.519115079000073
                        ],
                        [
                            120.16838659000007,
                            15.395327532000067
                        ]
                    ]
                ]
            },
            "properties": {
                "Shape_Leng": 0.958372964907,
                "Shape_Area": 0.0259935032505,
                "ADM3_EN": "Palauig",
                "ADM3_PCODE": "PH037108000",
                "ADM3_REF": null,
                "ADM3ALT1EN": null,
                "ADM3ALT2EN": null,
                "ADM2_EN": "Zambales",
                "ADM2_PCODE": "PH037100000",
                "ADM1_EN": "Region III",
                "ADM1_PCODE": "PH030000000",
                "ADM0_EN": "Philippines (the)",
                "ADM0_PCODE": "PH",
                "date": "2016/06/15",
                "validOn": "2018/01/30"
            }
        },
        {
            "type": "Feature",
            "geometry": {
                "type": "Polygon",
                "coordinates": [
                    [
                        [
                            120.12696332700011,
                            14.975137801000074
                        ],
                        [
                            120.1601384600001,
                            14.94929464200004
                        ],
                        [
                            120.1207605400001,
                            14.90322896300006
                        ],
                        [
                            120.13616437000007,
                            14.877854949000039
                        ],
                        [
                            120.15937748300007,
                            14.738406130000044
                        ],
                        [
                            120.07877066200001,
                            14.834019424000076
                        ],
                        [
                            120.05787483100005,
                            14.879493453000066
                        ],
                        [
                            120.0628836200001,
                            14.97808929000007
                        ],
                        [
                            120.12696332700011,
                            14.975137801000074
                        ]
                    ]
                ]
            },
            "properties": {
                "Shape_Leng": 1.01878527147,
                "Shape_Area": 0.0140474980193,
                "ADM3_EN": "San Antonio",
                "ADM3_PCODE": "PH037109000",
                "ADM3_REF": null,
                "ADM3ALT1EN": null,
                "ADM3ALT2EN": null,
                "ADM2_EN": "Zambales",
                "ADM2_PCODE": "PH037100000",
                "ADM1_EN": "Region III",
                "ADM1_PCODE": "PH030000000",
                "ADM0_EN": "Philippines (the)",
                "ADM0_PCODE": "PH",
                "date": "2016/06/15",
                "validOn": "2018/01/30"
            }
        },
        {
            "type": "Feature",
            "geometry": {
                "type": "Polygon",
                "coordinates": [
                    [
                        [
                            120.19677176800008,
                            15.100379554000028
                        ],
                        [
                            120.21382045000007,
                            15.100339908000024
                        ],
                        [
                            120.18101144500008,
                            15.041956692000042
                        ],
                        [
                            120.13947837600006,
                            15.043061482000041
                        ],
                        [
                            120.05740744400009,
                            15.030141737000065
                        ],
                        [
                            120.04855899900008,
                            15.114043437000078
                        ],
                        [
                            120.05973355900005,
                            15.124990754000066
                        ],
                        [
                            120.14404513900001,
                            15.097815351000065
                        ],
                        [
                            120.19677176800008,
                            15.100379554000028
                        ]
                    ]
                ]
            },
            "properties": {
                "Shape_Leng": 0.520494033464,
                "Shape_Area": 0.00961366645034,
                "ADM3_EN": "San Felipe",
                "ADM3_PCODE": "PH037110000",
                "ADM3_REF": null,
                "ADM3ALT1EN": null,
                "ADM3ALT2EN": null,
                "ADM2_EN": "Zambales",
                "ADM2_PCODE": "PH037100000",
                "ADM1_EN": "Region III",
                "ADM1_PCODE": "PH030000000",
                "ADM0_EN": "Philippines (the)",
                "ADM0_PCODE": "PH",
                "date": "2016/06/15",
                "validOn": "2018/01/30"
            }
        },
        {
            "type": "Feature",
            "geometry": {
                "type": "Polygon",
                "coordinates": [
                    [
                        [
                            120.43378821300007,
                            14.966655139000068
                        ],
                        [
                            120.40170784700001,
                            14.950102448000052
                        ],
                        [
                            120.33075398000005,
                            14.932004928000026
                        ],
                        [
                            120.25164250300008,
                            14.972834369000054
                        ],
                        [
                            120.19432577500004,
                            14.966059520000044
                        ],
                        [
                            120.1601384600001,
                            14.94929464200004
                        ],
                        [
                            120.12696332700011,
                            14.975137801000074
                        ],
                        [
                            120.17168954700003,
                            15.000976799000057
                        ],
                        [
                            120.18101144500008,
                            15.041956692000042
                        ],
                        [
                            120.21382045000007,
                            15.100339908000024
                        ],
                        [
                            120.37321399300004,
                            15.101486373000057
                        ],
                        [
                            120.406873,
                            15.074102701000072
                        ],
                        [
                            120.422285224,
                            15.041691793000041
                        ],
                        [
                            120.42091735000008,
                            14.99012314600003
                        ],
                        [
                            120.43378821300007,
                            14.966655139000068
                        ]
                    ]
                ]
            },
            "properties": {
                "Shape_Leng": 0.885557220692,
                "Shape_Area": 0.035810222417,
                "ADM3_EN": "San Marcelino",
                "ADM3_PCODE": "PH037111000",
                "ADM3_REF": null,
                "ADM3ALT1EN": null,
                "ADM3ALT2EN": null,
                "ADM2_EN": "Zambales",
                "ADM2_PCODE": "PH037100000",
                "ADM1_EN": "Region III",
                "ADM1_PCODE": "PH030000000",
                "ADM0_EN": "Philippines (the)",
                "ADM0_PCODE": "PH",
                "date": "2016/06/15",
                "validOn": "2018/01/30"
            }
        },
        {
            "type": "Feature",
            "geometry": {
                "type": "Polygon",
                "coordinates": [
                    [
                        [
                            120.18101144500008,
                            15.041956692000042
                        ],
                        [
                            120.17168954700003,
                            15.000976799000057
                        ],
                        [
                            120.12696332700011,
                            14.975137801000074
                        ],
                        [
                            120.0628836200001,
                            14.97808929000007
                        ],
                        [
                            120.05740744400009,
                            15.030141737000065
                        ],
                        [
                            120.13947837600006,
                            15.043061482000041
                        ],
                        [
                            120.18101144500008,
                            15.041956692000042
                        ]
                    ]
                ]
            },
            "properties": {
                "Shape_Leng": 0.371717954841,
                "Shape_Area": 0.00612357143084,
                "ADM3_EN": "San Narciso",
                "ADM3_PCODE": "PH037112000",
                "ADM3_REF": null,
                "ADM3ALT1EN": null,
                "ADM3ALT2EN": null,
                "ADM2_EN": "Zambales",
                "ADM2_PCODE": "PH037100000",
                "ADM1_EN": "Region III",
                "ADM1_PCODE": "PH030000000",
                "ADM0_EN": "Philippines (the)",
                "ADM0_PCODE": "PH",
                "date": "2016/06/15",
                "validOn": "2018/01/30"
            }
        },
        {
            "type": "Feature",
            "geometry": {
                "type": "Polygon",
                "coordinates": [
                    [
                        [
                            120.215071996,
                            15.681738971000073
                        ],
                        [
                            120.09035737500005,
                            15.697824137000055
                        ],
                        [
                            119.93559766300007,
                            15.687203410000052
                        ],
                        [
                            119.86918836400002,
                            15.73583370700004
                        ],
                        [
                            119.90936622000004,
                            15.754257368000026
                        ],
                        [
                            119.90178234400003,
                            15.807124243000032
                        ],
                        [
                            119.97349795700006,
                            15.804924678000077
                        ],
                        [
                            119.99890120200007,
                            15.819663963000039
                        ],
                        [
                            120.01961753500007,
                            15.872207125000045
                        ],
                        [
                            120.06062831300005,
                            15.843698523000057
                        ],
                        [
                            120.14429317400004,
                            15.826197594000064
                        ],
                        [
                            120.15845308700011,
                            15.771714149000047
                        ],
                        [
                            120.215071996,
                            15.681738971000073
                        ]
                    ]
                ]
            },
            "properties": {
                "Shape_Leng": 1.30084790389,
                "Shape_Area": 0.038753995368,
                "ADM3_EN": "Santa Cruz",
                "ADM3_PCODE": "PH037113000",
                "ADM3_REF": null,
                "ADM3ALT1EN": null,
                "ADM3ALT2EN": null,
                "ADM2_EN": "Zambales",
                "ADM2_PCODE": "PH037100000",
                "ADM1_EN": "Region III",
                "ADM1_PCODE": "PH030000000",
                "ADM0_EN": "Philippines (the)",
                "ADM0_PCODE": "PH",
                "date": "2016/06/15",
                "validOn": "2018/01/30"
            }
        },
        {
            "type": "Feature",
            "geometry": {
                "type": "Polygon",
                "coordinates": [
                    [
                        [
                            120.43378821300007,
                            14.966655139000068
                        ],
                        [
                            120.4621665190001,
                            14.928311204000067
                        ],
                        [
                            120.42280570100002,
                            14.914471035000076
                        ],
                        [
                            120.40665743800002,
                            14.88570509300007
                        ],
                        [
                            120.34618065900008,
                            14.860527562000073
                        ],
                        [
                            120.34549383100011,
                            14.910387398000069
                        ],
                        [
                            120.28122666100012,
                            14.896660255000029
                        ],
                        [
                            120.24586485400005,
                            14.849855493000064
                        ],
                        [
                            120.20762727500005,
                            14.874339490000068
                        ],
                        [
                            120.21523077200004,
                            14.809095295000077
                        ],
                        [
                            120.18954915300003,
                            14.750836982000067
                        ],
                        [
                            120.15937748300007,
                            14.738406130000044
                        ],
                        [
                            120.13616437000007,
                            14.877854949000039
                        ],
                        [
                            120.21519072700005,
                            14.888830356000028
                        ],
                        [
                            120.22017349400005,
                            14.933505059000026
                        ],
                        [
                            120.33075398000005,
                            14.932004928000026
                        ],
                        [
                            120.40170784700001,
                            14.950102448000052
                        ],
                        [
                            120.43378821300007,
                            14.966655139000068
                        ]
                    ]
                ]
            },
            "properties": {
                "Shape_Leng": 1.25668437126,
                "Shape_Area": 0.0207861541214,
                "ADM3_EN": "Subic",
                "ADM3_PCODE": "PH037114000",
                "ADM3_REF": null,
                "ADM3ALT1EN": null,
                "ADM3ALT2EN": null,
                "ADM2_EN": "Zambales",
                "ADM2_PCODE": "PH037100000",
                "ADM1_EN": "Region III",
                "ADM1_PCODE": "PH030000000",
                "ADM0_EN": "Philippines (the)",
                "ADM0_PCODE": "PH",
                "date": "2016/06/15",
                "validOn": "2018/01/30"
            }
        },
        {
            "type": "Feature",
            "geometry": {
                "type": "Polygon",
                "coordinates": [
                    [
                        [
                            121.59539397600008,
                            15.67964716800003
                        ],
                        [
                            121.54273620000004,
                            15.721768723000025
                        ],
                        [
                            121.54102816000011,
                            15.755214287000058
                        ],
                        [
                            121.5028814100001,
                            15.74054252700006
                        ],
                        [
                            121.49728267400008,
                            15.75406821200005
                        ],
                        [
                            121.51795914400009,
                            15.800406732000056
                        ],
                        [
                            121.53671305300008,
                            15.817918162000069
                        ],
                        [
                            121.55007390900005,
                            15.819310635000022
                        ],
                        [
                            121.55743017400005,
                            15.78773026600004
                        ],
                        [
                            121.57244731700007,
                            15.75646325300005
                        ],
                        [
                            121.59829702500008,
                            15.762418049000075
                        ],
                        [
                            121.63674170900003,
                            15.748979476000045
                        ],
                        [
                            121.64177879500005,
                            15.722195068000076
                        ],
                        [
                            121.63716655000007,
                            15.708217685000022
                        ],
                        [
                            121.61113166000007,
                            15.707719990000044
                        ],
                        [
                            121.61078905000011,
                            15.68405922200003
                        ],
                        [
                            121.59539397600008,
                            15.67964716800003
                        ]
                    ]
                ]
            },
            "properties": {
                "Shape_Leng": 0.676023284849,
                "Shape_Area": 0.00839840315875,
                "ADM3_EN": "Baler",
                "ADM3_PCODE": "PH037701000",
                "ADM3_REF": null,
                "ADM3ALT1EN": "Capital",
                "ADM3ALT2EN": null,
                "ADM2_EN": "Aurora",
                "ADM2_PCODE": "PH037700000",
                "ADM1_EN": "Region III",
                "ADM1_PCODE": "PH030000000",
                "ADM0_EN": "Philippines (the)",
                "ADM0_PCODE": "PH",
                "date": "2016/06/15",
                "validOn": "2018/01/30"
            }
        },
        {
            "type": "Feature",
            "geometry": {
                "type": "Polygon",
                "coordinates": [
                    [
                        [
                            122.17990209100003,
                            16.302731178000045
                        ],
                        [
                            122.19263329000012,
                            16.289910012000064
                        ],
                        [
                            122.22395421200008,
                            16.30422535300005
                        ],
                        [
                            122.22222939200003,
                            16.28281645000004
                        ],
                        [
                            122.20827416400004,
                            16.27145518800006
                        ],
                        [
                            122.20333965200007,
                            16.237566206000054
                        ],
                        [
                            122.17409683300002,
                            16.219231026000045
                        ],
                        [
                            122.15793450700005,
                            16.197154386000022
                        ],
                        [
                            122.14321843500011,
                            16.192862539000032
                        ],
                        [
                            122.11618868200003,
                            16.166308042000026
                        ],
                        [
                            122.10691271300004,
                            16.149554731000023
                        ],
                        [
                            122.07202991400004,
                            16.122365236000064
                        ],
                        [
                            122.06497176800008,
                            16.110182860000066
                        ],
                        [
                            122.0700829430001,
                            16.092578685000035
                        ],
                        [
                            122.04870730500011,
                            16.073653102000037
                        ],
                        [
                            122.03242999600002,
                            16.050370203000057
                        ],
                        [
                            121.99423399900002,
                            16.043701713000075
                        ],
                        [
                            122.0155615870001,
                            16.086624089000054
                        ],
                        [
                            122.033704295,
                            16.111832442000036
                        ],
                        [
                            122.06174642300005,
                            16.129653622000035
                        ],
                        [
                            122.09417613500011,
                            16.17158541300006
                        ],
                        [
                            122.09509441500006,
                            16.204547415000036
                        ],
                        [
                            122.11775431900003,
                            16.214213216000076
                        ],
                        [
                            122.13572612900009,
                            16.237318462000076
                        ],
                        [
                            122.13939712900003,
                            16.256261909000045
                        ],
                        [
                            122.10446615600006,
                            16.263189625000052
                        ],
                        [
                            122.08482099300011,
                            16.258823981000035
                        ],
                        [
                            122.06349797500002,
                            16.223708996000028
                        ],
                        [
                            122.06772900800001,
                            16.190797576000023
                        ],
                        [
                            122.03742231100011,
                            16.17453355400005
                        ],
                        [
                            122.020868,
                            16.18019077400004
                        ],
                        [
                            121.99819438600002,
                            16.168510294000043
                        ],
                        [
                            121.99506350100012,
                            16.17881907000003
                        ],
                        [
                            121.93290768400004,
                            16.26610251200003
                        ],
                        [
                            121.90289792400006,
                            16.314322068000024
                        ],
                        [
                            121.94121068600009,
                            16.36589176900003
                        ],
                        [
                            121.96724739100011,
                            16.31902718500004
                        ],
                        [
                            122.023893627,
                            16.313213271000052
                        ],
                        [
                            122.0617099640001,
                            16.31632012400007
                        ],
                        [
                            122.0897774880001,
                            16.312937459000068
                        ],
                        [
                            122.15406523800004,
                            16.314740382000025
                        ],
                        [
                            122.17990209100003,
                            16.302731178000045
                        ]
                    ]
                ]
            },
            "properties": {
                "Shape_Leng": 2.03880948612,
                "Shape_Area": 0.0355119317948,
                "ADM3_EN": "Casiguran",
                "ADM3_PCODE": "PH037702000",
                "ADM3_REF": null,
                "ADM3ALT1EN": null,
                "ADM3ALT2EN": null,
                "ADM2_EN": "Aurora",
                "ADM2_PCODE": "PH037700000",
                "ADM1_EN": "Region III",
                "ADM1_PCODE": "PH030000000",
                "ADM0_EN": "Philippines (the)",
                "ADM0_PCODE": "PH",
                "date": "2016/06/15",
                "validOn": "2018/01/30"
            }
        },
        {
            "type": "Feature",
            "geometry": {
                "type": "Polygon",
                "coordinates": [
                    [
                        [
                            122.17990209100003,
                            16.302731178000045
                        ],
                        [
                            122.15406523800004,
                            16.314740382000025
                        ],
                        [
                            122.0897774880001,
                            16.312937459000068
                        ],
                        [
                            122.0617099640001,
                            16.31632012400007
                        ],
                        [
                            122.023893627,
                            16.313213271000052
                        ],
                        [
                            121.96724739100011,
                            16.31902718500004
                        ],
                        [
                            121.94121068600009,
                            16.36589176900003
                        ],
                        [
                            121.96723491500006,
                            16.40023248400007
                        ],
                        [
                            122.02489034700011,
                            16.465353099000026
                        ],
                        [
                            122.05880819100003,
                            16.50925477800007
                        ],
                        [
                            122.21427288000007,
                            16.479844291000063
                        ],
                        [
                            122.23059986800001,
                            16.48400908800005
                        ],
                        [
                            122.23038198100005,
                            16.46399662700003
                        ],
                        [
                            122.19935632300007,
                            16.433834282000078
                        ],
                        [
                            122.20026639000002,
                            16.41520622400003
                        ],
                        [
                            122.21690008300004,
                            16.397524588000067
                        ],
                        [
                            122.22836002000008,
                            16.39534024900007
                        ],
                        [
                            122.22509413500006,
                            16.35704965000002
                        ],
                        [
                            122.19099715300001,
                            16.33377669500004
                        ],
                        [
                            122.191803735,
                            16.318618024000045
                        ],
                        [
                            122.17990209100003,
                            16.302731178000045
                        ]
                    ]
                ]
            },
            "properties": {
                "Shape_Leng": 1.12231152502,
                "Shape_Area": 0.0419156282991,
                "ADM3_EN": "Dilasag",
                "ADM3_PCODE": "PH037703000",
                "ADM3_REF": null,
                "ADM3ALT1EN": null,
                "ADM3ALT2EN": null,
                "ADM2_EN": "Aurora",
                "ADM2_PCODE": "PH037700000",
                "ADM1_EN": "Region III",
                "ADM1_PCODE": "PH030000000",
                "ADM0_EN": "Philippines (the)",
                "ADM0_PCODE": "PH",
                "date": "2016/06/15",
                "validOn": "2018/01/30"
            }
        },
        {
            "type": "Feature",
            "geometry": {
                "type": "Polygon",
                "coordinates": [
                    [
                        [
                            121.78577331200006,
                            16.070701143000065
                        ],
                        [
                            121.78445317900002,
                            16.106552744000055
                        ],
                        [
                            121.79130849500007,
                            16.109707033000063
                        ],
                        [
                            121.79982529900008,
                            16.141779754000027
                        ],
                        [
                            121.76492361900011,
                            16.173819910000077
                        ],
                        [
                            121.78125155300006,
                            16.19321946900004
                        ],
                        [
                            121.84589590900009,
                            16.249155589000054
                        ],
                        [
                            121.86282605800011,
                            16.271396107000044
                        ],
                        [
                            121.90289792400006,
                            16.314322068000024
                        ],
                        [
                            121.93290768400004,
                            16.26610251200003
                        ],
                        [
                            121.99506350100012,
                            16.17881907000003
                        ],
                        [
                            121.99819438600002,
                            16.168510294000043
                        ],
                        [
                            121.96712696700001,
                            16.136384588000055
                        ],
                        [
                            121.93698157800009,
                            16.125986667000063
                        ],
                        [
                            121.9073406660001,
                            16.128882692000047
                        ],
                        [
                            121.87724412000011,
                            16.123923253000044
                        ],
                        [
                            121.86155739700007,
                            16.11604703300003
                        ],
                        [
                            121.83638791200008,
                            16.09031968900007
                        ],
                        [
                            121.81304499900011,
                            16.08648317500007
                        ],
                        [
                            121.78577331200006,
                            16.070701143000065
                        ]
                    ]
                ]
            },
            "properties": {
                "Shape_Leng": 0.83430587685,
                "Shape_Area": 0.0275777313715,
                "ADM3_EN": "Dinalungan",
                "ADM3_PCODE": "PH037704000",
                "ADM3_REF": null,
                "ADM3ALT1EN": null,
                "ADM3ALT2EN": null,
                "ADM2_EN": "Aurora",
                "ADM2_PCODE": "PH037700000",
                "ADM1_EN": "Region III",
                "ADM1_PCODE": "PH030000000",
                "ADM0_EN": "Philippines (the)",
                "ADM0_PCODE": "PH",
                "date": "2016/06/15",
                "validOn": "2018/01/30"
            }
        },
        {
            "type": "Feature",
            "geometry": {
                "type": "Polygon",
                "coordinates": [
                    [
                        [
                            121.37772928100003,
                            15.487287826000056
                        ],
                        [
                            121.42512340200005,
                            15.455147316000023
                        ],
                        [
                            121.48607741700005,
                            15.470876586000031
                        ],
                        [
                            121.48844016400005,
                            15.462515176000068
                        ],
                        [
                            121.47391470500008,
                            15.434661646000052
                        ],
                        [
                            121.47074375300008,
                            15.416636931000028
                        ],
                        [
                            121.45612017100007,
                            15.411954795000042
                        ],
                        [
                            121.43037480400005,
                            15.370635547000063
                        ],
                        [
                            121.39587002000007,
                            15.380151972000021
                        ],
                        [
                            121.37394536700003,
                            15.337140556000065
                        ],
                        [
                            121.3806404720001,
                            15.29007269400006
                        ],
                        [
                            121.41691950100005,
                            15.219649396000023
                        ],
                        [
                            121.40232335200005,
                            15.20370125200003
                        ],
                        [
                            121.40809682500003,
                            15.18293699800006
                        ],
                        [
                            121.39618145500003,
                            15.162714643000072
                        ],
                        [
                            121.40341882900009,
                            15.151331872000071
                        ],
                        [
                            121.3946038150001,
                            15.105961485000023
                        ],
                        [
                            121.37400455200009,
                            15.095887405000042
                        ],
                        [
                            121.37647404400002,
                            15.08051352900003
                        ],
                        [
                            121.36131628900011,
                            15.073161476000053
                        ],
                        [
                            121.35137018900002,
                            15.035906006000062
                        ],
                        [
                            121.35710532600001,
                            15.011749193000071
                        ],
                        [
                            121.34785653300003,
                            14.996370968000065
                        ],
                        [
                            121.33576784200011,
                            15.041492187000074
                        ],
                        [
                            121.33205404700004,
                            15.072036283000045
                        ],
                        [
                            121.31965715800004,
                            15.116397642000038
                        ],
                        [
                            121.31879139300008,
                            15.164067442000032
                        ],
                        [
                            121.31006640500004,
                            15.191303677000064
                        ],
                        [
                            121.32359234400008,
                            15.239708991000043
                        ],
                        [
                            121.33389083800012,
                            15.295655260000046
                        ],
                        [
                            121.35379088200011,
                            15.345691532000046
                        ],
                        [
                            121.33999648200006,
                            15.38283927200007
                        ],
                        [
                            121.35835769500011,
                            15.406953526000052
                        ],
                        [
                            121.37772928100003,
                            15.487287826000056
                        ]
                    ]
                ]
            },
            "properties": {
                "Shape_Leng": 1.58759019944,
                "Shape_Area": 0.0298149534314,
                "ADM3_EN": "Dingalan",
                "ADM3_PCODE": "PH037705000",
                "ADM3_REF": null,
                "ADM3ALT1EN": null,
                "ADM3ALT2EN": null,
                "ADM2_EN": "Aurora",
                "ADM2_PCODE": "PH037700000",
                "ADM1_EN": "Region III",
                "ADM1_PCODE": "PH030000000",
                "ADM0_EN": "Philippines (the)",
                "ADM0_PCODE": "PH",
                "date": "2016/06/15",
                "validOn": "2018/01/30"
            }
        },
        {
            "type": "Feature",
            "geometry": {
                "type": "Polygon",
                "coordinates": [
                    [
                        [
                            121.78577331200006,
                            16.070701143000065
                        ],
                        [
                            121.75789200800011,
                            16.076082430000042
                        ],
                        [
                            121.73990820800009,
                            16.06676879400004
                        ],
                        [
                            121.71734526900002,
                            16.040927647000046
                        ],
                        [
                            121.6853993520001,
                            16.016135060000067
                        ],
                        [
                            121.66501017000007,
                            16.005500489000042
                        ],
                        [
                            121.65298387100006,
                            15.972899435000045
                        ],
                        [
                            121.62614944600011,
                            15.965536451000048
                        ],
                        [
                            121.621380756,
                            15.952301275000025
                        ],
                        [
                            121.60049794500003,
                            15.934980471000074
                        ],
                        [
                            121.58006320000004,
                            15.927955131000033
                        ],
                        [
                            121.55440550300011,
                            15.897447717000034
                        ],
                        [
                            121.54783086000009,
                            15.861242570000059
                        ],
                        [
                            121.55007390900005,
                            15.819310635000022
                        ],
                        [
                            121.53671305300008,
                            15.817918162000069
                        ],
                        [
                            121.51795914400009,
                            15.800406732000056
                        ],
                        [
                            121.49268345900009,
                            15.816276813000059
                        ],
                        [
                            121.47841695600005,
                            15.855437305000066
                        ],
                        [
                            121.47114962,
                            15.886741050000069
                        ],
                        [
                            121.46849811800007,
                            15.910028039000053
                        ],
                        [
                            121.4745488740001,
                            15.929847778000067
                        ],
                        [
                            121.5288264290001,
                            15.969868599000051
                        ],
                        [
                            121.5706253940001,
                            16.01126710500006
                        ],
                        [
                            121.62897873000009,
                            16.063865467000028
                        ],
                        [
                            121.72325119700008,
                            16.144655707000027
                        ],
                        [
                            121.76492361900011,
                            16.173819910000077
                        ],
                        [
                            121.79982529900008,
                            16.141779754000027
                        ],
                        [
                            121.79130849500007,
                            16.109707033000063
                        ],
                        [
                            121.78445317900002,
                            16.106552744000055
                        ],
                        [
                            121.78577331200006,
                            16.070701143000065
                        ]
                    ]
                ]
            },
            "properties": {
                "Shape_Leng": 1.20886000861,
                "Shape_Area": 0.0338267975688,
                "ADM3_EN": "Dipaculao",
                "ADM3_PCODE": "PH037706000",
                "ADM3_REF": null,
                "ADM3ALT1EN": null,
                "ADM3ALT2EN": null,
                "ADM2_EN": "Aurora",
                "ADM2_PCODE": "PH037700000",
                "ADM1_EN": "Region III",
                "ADM1_PCODE": "PH030000000",
                "ADM0_EN": "Philippines (the)",
                "ADM0_PCODE": "PH",
                "date": "2016/06/15",
                "validOn": "2018/01/30"
            }
        },
        {
            "type": "Feature",
            "geometry": {
                "type": "Polygon",
                "coordinates": [
                    [
                        [
                            121.31369860300003,
                            15.671275514000058
                        ],
                        [
                            121.28476349300001,
                            15.75441853700005
                        ],
                        [
                            121.31771017400001,
                            15.804652432000069
                        ],
                        [
                            121.37376803400002,
                            15.831617787000027
                        ],
                        [
                            121.47114962,
                            15.886741050000069
                        ],
                        [
                            121.47841695600005,
                            15.855437305000066
                        ],
                        [
                            121.49268345900009,
                            15.816276813000059
                        ],
                        [
                            121.51795914400009,
                            15.800406732000056
                        ],
                        [
                            121.49728267400008,
                            15.75406821200005
                        ],
                        [
                            121.4923144170001,
                            15.729632766000066
                        ],
                        [
                            121.47283094500006,
                            15.712442546000034
                        ],
                        [
                            121.44380460500008,
                            15.696447005000039
                        ],
                        [
                            121.4374303400001,
                            15.708865726000056
                        ],
                        [
                            121.38967335500001,
                            15.708482237000055
                        ],
                        [
                            121.36115471000005,
                            15.69881700700006
                        ],
                        [
                            121.3429919560001,
                            15.707848206000051
                        ],
                        [
                            121.34402416000012,
                            15.677364015000023
                        ],
                        [
                            121.31369860300003,
                            15.671275514000058
                        ]
                    ]
                ]
            },
            "properties": {
                "Shape_Leng": 0.756314922849,
                "Shape_Area": 0.028297731293,
                "ADM3_EN": "Maria Aurora",
                "ADM3_PCODE": "PH037707000",
                "ADM3_REF": null,
                "ADM3ALT1EN": null,
                "ADM3ALT2EN": null,
                "ADM2_EN": "Aurora",
                "ADM2_PCODE": "PH037700000",
                "ADM1_EN": "Region III",
                "ADM1_PCODE": "PH030000000",
                "ADM0_EN": "Philippines (the)",
                "ADM0_PCODE": "PH",
                "date": "2016/06/15",
                "validOn": "2018/01/30"
            }
        },
        {
            "type": "Feature",
            "geometry": {
                "type": "Polygon",
                "coordinates": [
                    [
                        [
                            121.59539397600008,
                            15.67964716800003
                        ],
                        [
                            121.61703790600006,
                            15.657411186000047
                        ],
                        [
                            121.61150044800002,
                            15.644375661000026
                        ],
                        [
                            121.59165827000004,
                            15.632423623000022
                        ],
                        [
                            121.56172750700011,
                            15.604531198000075
                        ],
                        [
                            121.56099776300005,
                            15.588515822000033
                        ],
                        [
                            121.54251661,
                            15.57591704400005
                        ],
                        [
                            121.53059794500007,
                            15.545712518000073
                        ],
                        [
                            121.51214230500011,
                            15.542092457000024
                        ],
                        [
                            121.49270334000005,
                            15.520978898000067
                        ],
                        [
                            121.48449988900006,
                            15.483463863000054
                        ],
                        [
                            121.48607741700005,
                            15.470876586000031
                        ],
                        [
                            121.42512340200005,
                            15.455147316000023
                        ],
                        [
                            121.37772928100003,
                            15.487287826000056
                        ],
                        [
                            121.31369860300003,
                            15.671275514000058
                        ],
                        [
                            121.34402416000012,
                            15.677364015000023
                        ],
                        [
                            121.3429919560001,
                            15.707848206000051
                        ],
                        [
                            121.36115471000005,
                            15.69881700700006
                        ],
                        [
                            121.38967335500001,
                            15.708482237000055
                        ],
                        [
                            121.4374303400001,
                            15.708865726000056
                        ],
                        [
                            121.44380460500008,
                            15.696447005000039
                        ],
                        [
                            121.47283094500006,
                            15.712442546000034
                        ],
                        [
                            121.4923144170001,
                            15.729632766000066
                        ],
                        [
                            121.49728267400008,
                            15.75406821200005
                        ],
                        [
                            121.5028814100001,
                            15.74054252700006
                        ],
                        [
                            121.54102816000011,
                            15.755214287000058
                        ],
                        [
                            121.54273620000004,
                            15.721768723000025
                        ],
                        [
                            121.59539397600008,
                            15.67964716800003
                        ]
                    ]
                ]
            },
            "properties": {
                "Shape_Leng": 1.29574176044,
                "Shape_Area": 0.0504233494345,
                "ADM3_EN": "San Luis",
                "ADM3_PCODE": "PH037708000",
                "ADM3_REF": null,
                "ADM3ALT1EN": null,
                "ADM3ALT2EN": null,
                "ADM2_EN": "Aurora",
                "ADM2_PCODE": "PH037700000",
                "ADM1_EN": "Region III",
                "ADM1_PCODE": "PH030000000",
                "ADM0_EN": "Philippines (the)",
                "ADM0_PCODE": "PH",
                "date": "2016/06/15",
                "validOn": "2018/01/30"
            }
        },
        {
            "type": "Feature",
            "geometry": {
                "type": "Polygon",
                "coordinates": [
                    [
                        [
                            120.95581318900008,
                            14.014248794000025
                        ],
                        [
                            120.95928193600002,
                            13.98343430400007
                        ],
                        [
                            120.94144191400005,
                            13.959368862000076
                        ],
                        [
                            120.94947076500011,
                            13.930707361000032
                        ],
                        [
                            120.92547165700012,
                            13.919064736000053
                        ],
                        [
                            120.91602095100006,
                            13.909093193000047
                        ],
                        [
                            120.90567162900004,
                            13.923537088000046
                        ],
                        [
                            120.9005410960001,
                            13.983333308000056
                        ],
                        [
                            120.91332842300005,
                            14.009237579000057
                        ],
                        [
                            120.95581318900008,
                            14.014248794000025
                        ]
                    ]
                ]
            },
            "properties": {
                "Shape_Leng": 0.32878346201,
                "Shape_Area": 0.00408100301718,
                "ADM3_EN": "Agoncillo",
                "ADM3_PCODE": "PH041001000",
                "ADM3_REF": null,
                "ADM3ALT1EN": null,
                "ADM3ALT2EN": null,
                "ADM2_EN": "Batangas",
                "ADM2_PCODE": "PH041000000",
                "ADM1_EN": "Region IV-A",
                "ADM1_PCODE": "PH040000000",
                "ADM0_EN": "Philippines (the)",
                "ADM0_PCODE": "PH",
                "date": "2016/06/15",
                "validOn": "2018/01/30"
            }
        },
        {
            "type": "Feature",
            "geometry": {
                "type": "Polygon",
                "coordinates": [
                    [
                        [
                            121.0451984770001,
                            13.863345224000057
                        ],
                        [
                            121.0450154670001,
                            13.861805325000034
                        ],
                        [
                            121.0143223880001,
                            13.846617485000024
                        ],
                        [
                            120.98353709500009,
                            13.838329539000028
                        ],
                        [
                            120.99090683400004,
                            13.860029420000046
                        ],
                        [
                            120.98959066000009,
                            13.87844859200004
                        ],
                        [
                            121.03193070000009,
                            13.897543625000026
                        ],
                        [
                            121.0451984770001,
                            13.863345224000057
                        ]
                    ]
                ]
            },
            "properties": {
                "Shape_Leng": 0.226575839248,
                "Shape_Area": 0.00212986078565,
                "ADM3_EN": "Alitagtag",
                "ADM3_PCODE": "PH041002000",
                "ADM3_REF": null,
                "ADM3ALT1EN": null,
                "ADM3ALT2EN": null,
                "ADM2_EN": "Batangas",
                "ADM2_PCODE": "PH041000000",
                "ADM1_EN": "Region IV-A",
                "ADM1_PCODE": "PH040000000",
                "ADM0_EN": "Philippines (the)",
                "ADM0_PCODE": "PH",
                "date": "2016/06/15",
                "validOn": "2018/01/30"
            }
        },
        {
            "type": "Feature",
            "geometry": {
                "type": "Polygon",
                "coordinates": [
                    [
                        [
                            120.7772048810001,
                            13.926413582000066
                        ],
                        [
                            120.77698938600008,
                            13.926180367000029
                        ],
                        [
                            120.776984104,
                            13.926166698000031
                        ],
                        [
                            120.74099969100007,
                            13.936309202000075
                        ],
                        [
                            120.70773336200011,
                            13.921860339000034
                        ],
                        [
                            120.69879697400006,
                            13.907055411000044
                        ],
                        [
                            120.67754589800006,
                            13.91172424000007
                        ],
                        [
                            120.67244198800006,
                            13.926264333000063
                        ],
                        [
                            120.66692620900005,
                            13.961976066000034
                        ],
                        [
                            120.68622840400008,
                            13.994589854000026
                        ],
                        [
                            120.708743346,
                            13.986204262000058
                        ],
                        [
                            120.71396121600003,
                            13.96517358500006
                        ],
                        [
                            120.76448844600009,
                            13.997956109000029
                        ],
                        [
                            120.78825654100001,
                            14.02170951100004
                        ],
                        [
                            120.8007766930001,
                            14.047086805000049
                        ],
                        [
                            120.82177090700009,
                            14.053919467000071
                        ],
                        [
                            120.80763548300001,
                            14.013247941000031
                        ],
                        [
                            120.78644720700004,
                            14.004026527000065
                        ],
                        [
                            120.77027276100011,
                            13.985603309000055
                        ],
                        [
                            120.7772048810001,
                            13.926413582000066
                        ]
                    ]
                ]
            },
            "properties": {
                "Shape_Leng": 0.619014377294,
                "Shape_Area": 0.00777958333354,
                "ADM3_EN": "Balayan",
                "ADM3_PCODE": "PH041003000",
                "ADM3_REF": null,
                "ADM3ALT1EN": null,
                "ADM3ALT2EN": null,
                "ADM2_EN": "Batangas",
                "ADM2_PCODE": "PH041000000",
                "ADM1_EN": "Region IV-A",
                "ADM1_PCODE": "PH040000000",
                "ADM0_EN": "Philippines (the)",
                "ADM0_PCODE": "PH",
                "date": "2016/06/15",
                "validOn": "2018/01/30"
            }
        },
        {
            "type": "Feature",
            "geometry": {
                "type": "MultiPolygon",
                "coordinates": [
                    [
                        [
                            [
                                121.01028517100008,
                                13.993290193000064
                            ],
                            [
                                121.0020880510001,
                                14.007753050000076
                            ],
                            [
                                121.00305074800008,
                                14.01057568300007
                            ],
                            [
                                121.01999243000012,
                                14.017260436000072
                            ],
                            [
                                121.01028517100008,
                                13.993290193000064
                            ]
                        ]
                    ],
                    [
                        [
                            [
                                121.14435338500004,
                                14.001297737000073
                            ],
                            [
                                121.12207315700005,
                                13.980149231000041
                            ],
                            [
                                121.1016688410001,
                                13.99459149300003
                            ],
                            [
                                121.0940057150001,
                                14.011198904000025
                            ],
                            [
                                121.09135954600004,
                                14.021581939000043
                            ],
                            [
                                121.06093028300006,
                                14.027532824000048
                            ],
                            [
                                121.10021844800008,
                                14.03935585000005
                            ],
                            [
                                121.13314255800003,
                                14.02247600100003
                            ],
                            [
                                121.14435338500004,
                                14.001297737000073
                            ]
                        ]
                    ]
                ]
            },
            "properties": {
                "Shape_Leng": 0.336469939186,
                "Shape_Area": 0.0020584498714,
                "ADM3_EN": "Balete",
                "ADM3_PCODE": "PH041004000",
                "ADM3_REF": null,
                "ADM3ALT1EN": null,
                "ADM3ALT2EN": null,
                "ADM2_EN": "Batangas",
                "ADM2_PCODE": "PH041000000",
                "ADM1_EN": "Region IV-A",
                "ADM1_PCODE": "PH040000000",
                "ADM0_EN": "Philippines (the)",
                "ADM0_PCODE": "PH",
                "date": "2016/06/15",
                "validOn": "2018/01/30"
            }
        },
        {
            "type": "Feature",
            "geometry": {
                "type": "MultiPolygon",
                "coordinates": [
                    [
                        [
                            [
                                121.08896686700007,
                                13.569401490000075
                            ],
                            [
                                121.09715144800009,
                                13.53685273700006
                            ],
                            [
                                121.07441782,
                                13.52998965200004
                            ],
                            [
                                121.05279495800005,
                                13.555765870000073
                            ],
                            [
                                121.08896686700007,
                                13.569401490000075
                            ]
                        ]
                    ],
                    [
                        [
                            [
                                121.16248413000005,
                                13.766540862000056
                            ],
                            [
                                121.17788434400006,
                                13.746836995000024
                            ],
                            [
                                121.1784665450001,
                                13.71934678200006
                            ],
                            [
                                121.17660633900005,
                                13.684772038000062
                            ],
                            [
                                121.16700023300007,
                                13.666325291000021
                            ],
                            [
                                121.1758797220001,
                                13.643866771000035
                            ],
                            [
                                121.1145073780001,
                                13.63110322500006
                            ],
                            [
                                121.0777207640001,
                                13.61886630400005
                            ],
                            [
                                121.07107900500012,
                                13.629988397000034
                            ],
                            [
                                121.03563406300009,
                                13.63562730800004
                            ],
                            [
                                121.05358264800009,
                                13.670413241000062
                            ],
                            [
                                121.04920710400006,
                                13.68377077200006
                            ],
                            [
                                121.06018979600003,
                                13.725967155000035
                            ],
                            [
                                121.02866336200009,
                                13.769723293000027
                            ],
                            [
                                121.06038027600005,
                                13.83113221900004
                            ],
                            [
                                121.10361630800003,
                                13.839717413000074
                            ],
                            [
                                121.10402024400003,
                                13.809155158000067
                            ],
                            [
                                121.09621593200006,
                                13.789246222000031
                            ],
                            [
                                121.13830698900006,
                                13.78978644600005
                            ],
                            [
                                121.16248413000005,
                                13.766540862000056
                            ]
                        ]
                    ]
                ]
            },
            "properties": {
                "Shape_Leng": 1.11784898508,
                "Shape_Area": 0.022926553663,
                "ADM3_EN": "Batangas City",
                "ADM3_PCODE": "PH041005000",
                "ADM3_REF": null,
                "ADM3ALT1EN": "Capital",
                "ADM3ALT2EN": null,
                "ADM2_EN": "Batangas",
                "ADM2_PCODE": "PH041000000",
                "ADM1_EN": "Region IV-A",
                "ADM1_PCODE": "PH040000000",
                "ADM0_EN": "Philippines (the)",
                "ADM0_PCODE": "PH",
                "date": "2016/06/15",
                "validOn": "2018/01/30"
            }
        },
        {
            "type": "Feature",
            "geometry": {
                "type": "Polygon",
                "coordinates": [
                    [
                        [
                            121.01743776400008,
                            13.775533482000071
                        ],
                        [
                            120.97722865600008,
                            13.781921372000056
                        ],
                        [
                            120.96272560800003,
                            13.771160999000074
                        ],
                        [
                            120.92685420700002,
                            13.763825204000057
                        ],
                        [
                            120.9120283100001,
                            13.809711156000049
                        ],
                        [
                            120.95057118000011,
                            13.808016351000049
                        ],
                        [
                            120.98353709500009,
                            13.838329539000028
                        ],
                        [
                            121.0143223880001,
                            13.846617485000024
                        ],
                        [
                            121.00223019000009,
                            13.808337450000067
                        ],
                        [
                            121.01743776400008,
                            13.775533482000071
                        ]
                    ]
                ]
            },
            "properties": {
                "Shape_Leng": 0.453326780011,
                "Shape_Area": 0.00442942467948,
                "ADM3_EN": "Bauan",
                "ADM3_PCODE": "PH041006000",
                "ADM3_REF": null,
                "ADM3ALT1EN": null,
                "ADM3ALT2EN": null,
                "ADM2_EN": "Batangas",
                "ADM2_PCODE": "PH041000000",
                "ADM1_EN": "Region IV-A",
                "ADM1_PCODE": "PH040000000",
                "ADM0_EN": "Philippines (the)",
                "ADM0_PCODE": "PH",
                "date": "2016/06/15",
                "validOn": "2018/01/30"
            }
        },
        {
            "type": "Feature",
            "geometry": {
                "type": "Polygon",
                "coordinates": [
                    [
                        [
                            120.842980269,
                            14.05675646900005
                        ],
                        [
                            120.85727545100008,
                            14.035364810000033
                        ],
                        [
                            120.86662319700008,
                            13.969953384000064
                        ],
                        [
                            120.84734267400006,
                            13.909268498000074
                        ],
                        [
                            120.78973798800007,
                            13.928075128000046
                        ],
                        [
                            120.7772048810001,
                            13.926413582000066
                        ],
                        [
                            120.77027276100011,
                            13.985603309000055
                        ],
                        [
                            120.78644720700004,
                            14.004026527000065
                        ],
                        [
                            120.80763548300001,
                            14.013247941000031
                        ],
                        [
                            120.82177090700009,
                            14.053919467000071
                        ],
                        [
                            120.842980269,
                            14.05675646900005
                        ]
                    ]
                ]
            },
            "properties": {
                "Shape_Leng": 0.485510330071,
                "Shape_Area": 0.00960857455972,
                "ADM3_EN": "Calaca",
                "ADM3_PCODE": "PH041007000",
                "ADM3_REF": null,
                "ADM3ALT1EN": null,
                "ADM3ALT2EN": null,
                "ADM2_EN": "Batangas",
                "ADM2_PCODE": "PH041000000",
                "ADM1_EN": "Region IV-A",
                "ADM1_PCODE": "PH040000000",
                "ADM0_EN": "Philippines (the)",
                "ADM0_PCODE": "PH",
                "date": "2016/06/15",
                "validOn": "2018/01/30"
            }
        },
        {
            "type": "Feature",
            "geometry": {
                "type": "Polygon",
                "coordinates": [
                    [
                        [
                            120.67244198800006,
                            13.926264333000063
                        ],
                        [
                            120.67754589800006,
                            13.91172424000007
                        ],
                        [
                            120.69879697400006,
                            13.907055411000044
                        ],
                        [
                            120.69779847500001,
                            13.890742355000043
                        ],
                        [
                            120.72240332600006,
                            13.858536730000026
                        ],
                        [
                            120.71570147900002,
                            13.840779309000027
                        ],
                        [
                            120.66335471400009,
                            13.859240321000073
                        ],
                        [
                            120.65527408900005,
                            13.831185435000066
                        ],
                        [
                            120.67614737300005,
                            13.789206088000071
                        ],
                        [
                            120.65243798300003,
                            13.772678713000062
                        ],
                        [
                            120.62210515900006,
                            13.811289915000032
                        ],
                        [
                            120.62347730300007,
                            13.845572765000043
                        ],
                        [
                            120.6176233440001,
                            13.866536457000052
                        ],
                        [
                            120.62512483900002,
                            13.895109801000046
                        ],
                        [
                            120.62027418700006,
                            13.93015872500007
                        ],
                        [
                            120.67244198800006,
                            13.926264333000063
                        ]
                    ]
                ]
            },
            "properties": {
                "Shape_Leng": 0.818060688077,
                "Shape_Area": 0.00888347370234,
                "ADM3_EN": "Calatagan",
                "ADM3_PCODE": "PH041008000",
                "ADM3_REF": null,
                "ADM3ALT1EN": null,
                "ADM3ALT2EN": null,
                "ADM2_EN": "Batangas",
                "ADM2_PCODE": "PH041000000",
                "ADM1_EN": "Region IV-A",
                "ADM1_PCODE": "PH040000000",
                "ADM0_EN": "Philippines (the)",
                "ADM0_PCODE": "PH",
                "date": "2016/06/15",
                "validOn": "2018/01/30"
            }
        },
        {
            "type": "Feature",
            "geometry": {
                "type": "Polygon",
                "coordinates": [
                    [
                        [
                            121.06443296200007,
                            13.944233886000063
                        ],
                        [
                            121.07404586400003,
                            13.928870822000022
                        ],
                        [
                            121.07287369800008,
                            13.901666586000033
                        ],
                        [
                            121.0451984770001,
                            13.863345224000057
                        ],
                        [
                            121.03193070000009,
                            13.897543625000026
                        ],
                        [
                            121.038730482,
                            13.934715935000042
                        ],
                        [
                            121.06443296200007,
                            13.944233886000063
                        ]
                    ]
                ]
            },
            "properties": {
                "Shape_Leng": 0.245756588727,
                "Shape_Area": 0.00253118148029,
                "ADM3_EN": "Cuenca",
                "ADM3_PCODE": "PH041009000",
                "ADM3_REF": null,
                "ADM3ALT1EN": null,
                "ADM3ALT2EN": null,
                "ADM2_EN": "Batangas",
                "ADM2_PCODE": "PH041000000",
                "ADM1_EN": "Region IV-A",
                "ADM1_PCODE": "PH040000000",
                "ADM0_EN": "Philippines (the)",
                "ADM0_PCODE": "PH",
                "date": "2016/06/15",
                "validOn": "2018/01/30"
            }
        },
        {
            "type": "Feature",
            "geometry": {
                "type": "Polygon",
                "coordinates": [
                    [
                        [
                            121.17392142500012,
                            13.793115194000052
                        ],
                        [
                            121.18024080500004,
                            13.762563968000052
                        ],
                        [
                            121.16248413000005,
                            13.766540862000056
                        ],
                        [
                            121.13830698900006,
                            13.78978644600005
                        ],
                        [
                            121.09621593200006,
                            13.789246222000031
                        ],
                        [
                            121.10402024400003,
                            13.809155158000067
                        ],
                        [
                            121.10361630800003,
                            13.839717413000074
                        ],
                        [
                            121.12848041000007,
                            13.870060143000046
                        ],
                        [
                            121.16478141000005,
                            13.861184669000068
                        ],
                        [
                            121.17392142500012,
                            13.793115194000052
                        ]
                    ]
                ]
            },
            "properties": {
                "Shape_Leng": 0.382783888084,
                "Shape_Area": 0.00587862958502,
                "ADM3_EN": "Ibaan",
                "ADM3_PCODE": "PH041010000",
                "ADM3_REF": null,
                "ADM3ALT1EN": null,
                "ADM3ALT2EN": null,
                "ADM2_EN": "Batangas",
                "ADM2_PCODE": "PH041000000",
                "ADM1_EN": "Region IV-A",
                "ADM1_PCODE": "PH040000000",
                "ADM0_EN": "Philippines (the)",
                "ADM0_PCODE": "PH",
                "date": "2016/06/15",
                "validOn": "2018/01/30"
            }
        },
        {
            "type": "Feature",
            "geometry": {
                "type": "Polygon",
                "coordinates": [
                    [
                        [
                            120.95716251500005,
                            14.094669594000038
                        ],
                        [
                            120.96184246300004,
                            14.075520007000023
                        ],
                        [
                            120.93627782500005,
                            14.061375577000035
                        ],
                        [
                            120.94756583300011,
                            14.049938514000075
                        ],
                        [
                            120.95581318900008,
                            14.014248794000025
                        ],
                        [
                            120.91332842300005,
                            14.009237579000057
                        ],
                        [
                            120.85727545100008,
                            14.035364810000033
                        ],
                        [
                            120.842980269,
                            14.05675646900005
                        ],
                        [
                            120.86241478300008,
                            14.07542182900005
                        ],
                        [
                            120.89272050800002,
                            14.087613034000071
                        ],
                        [
                            120.90250537600002,
                            14.07679061400006
                        ],
                        [
                            120.95716251500005,
                            14.094669594000038
                        ]
                    ]
                ]
            },
            "properties": {
                "Shape_Leng": 0.423406980839,
                "Shape_Area": 0.00619064728736,
                "ADM3_EN": "Laurel",
                "ADM3_PCODE": "PH041011000",
                "ADM3_REF": null,
                "ADM3ALT1EN": null,
                "ADM3ALT2EN": null,
                "ADM2_EN": "Batangas",
                "ADM2_PCODE": "PH041000000",
                "ADM1_EN": "Region IV-A",
                "ADM1_PCODE": "PH040000000",
                "ADM0_EN": "Philippines (the)",
                "ADM0_PCODE": "PH",
                "date": "2016/06/15",
                "validOn": "2018/01/30"
            }
        },
        {
            "type": "Feature",
            "geometry": {
                "type": "Polygon",
                "coordinates": [
                    [
                        [
                            120.91602095100006,
                            13.909093193000047
                        ],
                        [
                            120.91377773800002,
                            13.871177006000039
                        ],
                        [
                            120.8995983210001,
                            13.890384934000053
                        ],
                        [
                            120.87869358300009,
                            13.901967501000058
                        ],
                        [
                            120.84734267400006,
                            13.909268498000074
                        ],
                        [
                            120.86662319700008,
                            13.969953384000064
                        ],
                        [
                            120.85727545100008,
                            14.035364810000033
                        ],
                        [
                            120.91332842300005,
                            14.009237579000057
                        ],
                        [
                            120.9005410960001,
                            13.983333308000056
                        ],
                        [
                            120.90567162900004,
                            13.923537088000046
                        ],
                        [
                            120.91602095100006,
                            13.909093193000047
                        ]
                    ]
                ]
            },
            "properties": {
                "Shape_Leng": 0.443629159828,
                "Shape_Area": 0.00603188629661,
                "ADM3_EN": "Lemery",
                "ADM3_PCODE": "PH041012000",
                "ADM3_REF": null,
                "ADM3ALT1EN": null,
                "ADM3ALT2EN": null,
                "ADM2_EN": "Batangas",
                "ADM2_PCODE": "PH041000000",
                "ADM1_EN": "Region IV-A",
                "ADM1_PCODE": "PH040000000",
                "ADM0_EN": "Philippines (the)",
                "ADM0_PCODE": "PH",
                "date": "2016/06/15",
                "validOn": "2018/01/30"
            }
        },
        {
            "type": "Feature",
            "geometry": {
                "type": "Polygon",
                "coordinates": [
                    [
                        [
                            120.69318808500009,
                            14.045848395000064
                        ],
                        [
                            120.68622840400008,
                            13.994589854000026
                        ],
                        [
                            120.66692620900005,
                            13.961976066000034
                        ],
                        [
                            120.67244198800006,
                            13.926264333000063
                        ],
                        [
                            120.62027418700006,
                            13.93015872500007
                        ],
                        [
                            120.61612142700005,
                            13.960633223000059
                        ],
                        [
                            120.63205137200009,
                            13.984308782000028
                        ],
                        [
                            120.61800068000002,
                            14.00694984200004
                        ],
                        [
                            120.625167787,
                            14.058747972000049
                        ],
                        [
                            120.66260238600012,
                            14.048292146000051
                        ],
                        [
                            120.69318808500009,
                            14.045848395000064
                        ]
                    ]
                ]
            },
            "properties": {
                "Shape_Leng": 0.538380935706,
                "Shape_Area": 0.0069780642593,
                "ADM3_EN": "Lian",
                "ADM3_PCODE": "PH041013000",
                "ADM3_REF": null,
                "ADM3ALT1EN": null,
                "ADM3ALT2EN": null,
                "ADM2_EN": "Batangas",
                "ADM2_PCODE": "PH041000000",
                "ADM1_EN": "Region IV-A",
                "ADM1_PCODE": "PH040000000",
                "ADM0_EN": "Philippines (the)",
                "ADM0_PCODE": "PH",
                "date": "2016/06/15",
                "validOn": "2018/01/30"
            }
        },
        {
            "type": "Feature",
            "geometry": {
                "type": "Polygon",
                "coordinates": [
                    [
                        [
                            121.23926711500008,
                            13.990509283000051
                        ],
                        [
                            121.24809656500008,
                            13.984388119000073
                        ],
                        [
                            121.23724036700003,
                            13.934252107000077
                        ],
                        [
                            121.23998049000011,
                            13.905983692000063
                        ],
                        [
                            121.27208522500007,
                            13.887571265000076
                        ],
                        [
                            121.249231957,
                            13.886387006000064
                        ],
                        [
                            121.21403214500003,
                            13.90511089100005
                        ],
                        [
                            121.18475550500011,
                            13.87831744500005
                        ],
                        [
                            121.16478141000005,
                            13.861184669000068
                        ],
                        [
                            121.12848041000007,
                            13.870060143000046
                        ],
                        [
                            121.11486278400002,
                            13.918739238000057
                        ],
                        [
                            121.07404586400003,
                            13.928870822000022
                        ],
                        [
                            121.06443296200007,
                            13.944233886000063
                        ],
                        [
                            121.0827876730001,
                            13.96119058100004
                        ],
                        [
                            121.12517003700009,
                            13.960688469000047
                        ],
                        [
                            121.12207315700005,
                            13.980149231000041
                        ],
                        [
                            121.14435338500004,
                            14.001297737000073
                        ],
                        [
                            121.16118927900004,
                            14.002906533000044
                        ],
                        [
                            121.18411315700007,
                            14.030561055000021
                        ],
                        [
                            121.19764048500008,
                            13.996270495000033
                        ],
                        [
                            121.21394738400011,
                            13.983937110000056
                        ],
                        [
                            121.23926711500008,
                            13.990509283000051
                        ]
                    ]
                ]
            },
            "properties": {
                "Shape_Leng": 0.781148177354,
                "Shape_Area": 0.0159990101645,
                "ADM3_EN": "Lipa City",
                "ADM3_PCODE": "PH041014000",
                "ADM3_REF": null,
                "ADM3ALT1EN": null,
                "ADM3ALT2EN": null,
                "ADM2_EN": "Batangas",
                "ADM2_PCODE": "PH041000000",
                "ADM1_EN": "Region IV-A",
                "ADM1_PCODE": "PH040000000",
                "ADM0_EN": "Philippines (the)",
                "ADM0_PCODE": "PH",
                "date": "2016/06/15",
                "validOn": "2018/01/30"
            }
        },
        {
            "type": "Feature",
            "geometry": {
                "type": "Polygon",
                "coordinates": [
                    [
                        [
                            121.34014438000008,
                            13.705475754000076
                        ],
                        [
                            121.35188334800011,
                            13.70147694700006
                        ],
                        [
                            121.35878909400003,
                            13.654856910000035
                        ],
                        [
                            121.32558172800009,
                            13.633740160000059
                        ],
                        [
                            121.29475417100002,
                            13.601113575000056
                        ],
                        [
                            121.25832997600003,
                            13.59883151400004
                        ],
                        [
                            121.236309172,
                            13.62557339700004
                        ],
                        [
                            121.19904274300006,
                            13.629870384000071
                        ],
                        [
                            121.1758797220001,
                            13.643866771000035
                        ],
                        [
                            121.16700023300007,
                            13.666325291000021
                        ],
                        [
                            121.17660633900005,
                            13.684772038000062
                        ],
                        [
                            121.1784665450001,
                            13.71934678200006
                        ],
                        [
                            121.20508077700003,
                            13.705554353000025
                        ],
                        [
                            121.22591979300012,
                            13.716849704000026
                        ],
                        [
                            121.25690506800004,
                            13.71293560600003
                        ],
                        [
                            121.27965655500009,
                            13.73422094800003
                        ],
                        [
                            121.29095756700008,
                            13.732304294000073
                        ],
                        [
                            121.29432039300002,
                            13.703749130000062
                        ],
                        [
                            121.30408430300008,
                            13.689584994000029
                        ],
                        [
                            121.34014438000008,
                            13.705475754000076
                        ]
                    ]
                ]
            },
            "properties": {
                "Shape_Leng": 0.723351623407,
                "Shape_Area": 0.0160438639396,
                "ADM3_EN": "Lobo",
                "ADM3_PCODE": "PH041015000",
                "ADM3_REF": null,
                "ADM3ALT1EN": null,
                "ADM3ALT2EN": null,
                "ADM2_EN": "Batangas",
                "ADM2_PCODE": "PH041000000",
                "ADM1_EN": "Region IV-A",
                "ADM1_PCODE": "PH040000000",
                "ADM0_EN": "Philippines (the)",
                "ADM0_PCODE": "PH",
                "date": "2016/06/15",
                "validOn": "2018/01/30"
            }
        },
        {
            "type": "Feature",
            "geometry": {
                "type": "Polygon",
                "coordinates": [
                    [
                        [
                            120.92685420700002,
                            13.763825204000057
                        ],
                        [
                            120.96272560800003,
                            13.771160999000074
                        ],
                        [
                            120.9447386700001,
                            13.739210462000074
                        ],
                        [
                            120.93132291500001,
                            13.728982040000062
                        ],
                        [
                            120.91719802600005,
                            13.699695598000062
                        ],
                        [
                            120.89198011300005,
                            13.687934859000052
                        ],
                        [
                            120.87245740100002,
                            13.715929692000032
                        ],
                        [
                            120.90820516300005,
                            13.754794665000077
                        ],
                        [
                            120.92685420700002,
                            13.763825204000057
                        ]
                    ]
                ]
            },
            "properties": {
                "Shape_Leng": 0.331555180144,
                "Shape_Area": 0.00331964114304,
                "ADM3_EN": "Mabini",
                "ADM3_PCODE": "PH041016000",
                "ADM3_REF": null,
                "ADM3ALT1EN": null,
                "ADM3ALT2EN": null,
                "ADM2_EN": "Batangas",
                "ADM2_PCODE": "PH041000000",
                "ADM1_EN": "Region IV-A",
                "ADM1_PCODE": "PH040000000",
                "ADM0_EN": "Philippines (the)",
                "ADM0_PCODE": "PH",
                "date": "2016/06/15",
                "validOn": "2018/01/30"
            }
        },
        {
            "type": "Feature",
            "geometry": {
                "type": "Polygon",
                "coordinates": [
                    [
                        [
                            121.18411315700007,
                            14.030561055000021
                        ],
                        [
                            121.16118927900004,
                            14.002906533000044
                        ],
                        [
                            121.14435338500004,
                            14.001297737000073
                        ],
                        [
                            121.13314255800003,
                            14.02247600100003
                        ],
                        [
                            121.10021844800008,
                            14.03935585000005
                        ],
                        [
                            121.15472638100005,
                            14.05821121200006
                        ],
                        [
                            121.15900211000007,
                            14.074031289000061
                        ],
                        [
                            121.17969396600006,
                            14.047674799000049
                        ],
                        [
                            121.18411315700007,
                            14.030561055000021
                        ]
                    ]
                ]
            },
            "properties": {
                "Shape_Leng": 0.305846657815,
                "Shape_Area": 0.00287875729399,
                "ADM3_EN": "Malvar",
                "ADM3_PCODE": "PH041017000",
                "ADM3_REF": null,
                "ADM3ALT1EN": null,
                "ADM3ALT2EN": null,
                "ADM2_EN": "Batangas",
                "ADM2_PCODE": "PH041000000",
                "ADM1_EN": "Region IV-A",
                "ADM1_PCODE": "PH040000000",
                "ADM0_EN": "Philippines (the)",
                "ADM0_PCODE": "PH",
                "date": "2016/06/15",
                "validOn": "2018/01/30"
            }
        },
        {
            "type": "Feature",
            "geometry": {
                "type": "Polygon",
                "coordinates": [
                    [
                        [
                            121.12207315700005,
                            13.980149231000041
                        ],
                        [
                            121.12517003700009,
                            13.960688469000047
                        ],
                        [
                            121.0827876730001,
                            13.96119058100004
                        ],
                        [
                            121.08433841800002,
                            13.993571133000046
                        ],
                        [
                            121.0940057150001,
                            14.011198904000025
                        ],
                        [
                            121.1016688410001,
                            13.99459149300003
                        ],
                        [
                            121.12207315700005,
                            13.980149231000041
                        ]
                    ]
                ]
            },
            "properties": {
                "Shape_Leng": 0.195825912543,
                "Shape_Area": 0.00161714375221,
                "ADM3_EN": "Mataasnakahoy",
                "ADM3_PCODE": "PH041018000",
                "ADM3_REF": null,
                "ADM3ALT1EN": null,
                "ADM3ALT2EN": null,
                "ADM2_EN": "Batangas",
                "ADM2_PCODE": "PH041000000",
                "ADM1_EN": "Region IV-A",
                "ADM1_PCODE": "PH040000000",
                "ADM0_EN": "Philippines (the)",
                "ADM0_PCODE": "PH",
                "date": "2016/06/15",
                "validOn": "2018/01/30"
            }
        },
        {
            "type": "Feature",
            "geometry": {
                "type": "Polygon",
                "coordinates": [
                    [
                        [
                            120.842980269,
                            14.05675646900005
                        ],
                        [
                            120.82177090700009,
                            14.053919467000071
                        ],
                        [
                            120.8007766930001,
                            14.047086805000049
                        ],
                        [
                            120.78907278100007,
                            14.083268
                        ],
                        [
                            120.7597157670001,
                            14.076209317000064
                        ],
                        [
                            120.72516019200009,
                            14.057835306000072
                        ],
                        [
                            120.70107678600004,
                            14.061758284000064
                        ],
                        [
                            120.69318808500009,
                            14.045848395000064
                        ],
                        [
                            120.66260238600012,
                            14.048292146000051
                        ],
                        [
                            120.625167787,
                            14.058747972000049
                        ],
                        [
                            120.61597123900003,
                            14.118051798000067
                        ],
                        [
                            120.5804421360001,
                            14.131404079000049
                        ],
                        [
                            120.59441020500003,
                            14.154152346000046
                        ],
                        [
                            120.58418067000002,
                            14.197630291000053
                        ],
                        [
                            120.59181929600004,
                            14.224186560000021
                        ],
                        [
                            120.6121997890001,
                            14.22212062400007
                        ],
                        [
                            120.65039621500011,
                            14.204818189000036
                        ],
                        [
                            120.66230859500001,
                            14.186090271000069
                        ],
                        [
                            120.70565717500006,
                            14.174333526000055
                        ],
                        [
                            120.69194031400002,
                            14.160858906000044
                        ],
                        [
                            120.6987843060001,
                            14.138474807000023
                        ],
                        [
                            120.71593295900004,
                            14.126534449000076
                        ],
                        [
                            120.7294194100001,
                            14.140384557000061
                        ],
                        [
                            120.76888523800005,
                            14.133428447000028
                        ],
                        [
                            120.76768094300007,
                            14.117736821000051
                        ],
                        [
                            120.7968772590001,
                            14.103118018000032
                        ],
                        [
                            120.82014925800001,
                            14.100724957000068
                        ],
                        [
                            120.83929156600004,
                            14.088780735000057
                        ],
                        [
                            120.842980269,
                            14.05675646900005
                        ]
                    ]
                ]
            },
            "properties": {
                "Shape_Leng": 1.70208458003,
                "Shape_Area": 0.0222939715679,
                "ADM3_EN": "Nasugbu",
                "ADM3_PCODE": "PH041019000",
                "ADM3_REF": null,
                "ADM3ALT1EN": null,
                "ADM3ALT2EN": null,
                "ADM2_EN": "Batangas",
                "ADM2_PCODE": "PH041000000",
                "ADM1_EN": "Region IV-A",
                "ADM1_PCODE": "PH040000000",
                "ADM0_EN": "Philippines (the)",
                "ADM0_PCODE": "PH",
                "date": "2016/06/15",
                "validOn": "2018/01/30"
            }
        },
        {
            "type": "Feature",
            "geometry": {
                "type": "Polygon",
                "coordinates": [
                    [
                        [
                            121.27208522500007,
                            13.887571265000076
                        ],
                        [
                            121.27160968300007,
                            13.878059858000029
                        ],
                        [
                            121.32009489100005,
                            13.867621497000073
                        ],
                        [
                            121.29727471900003,
                            13.85854710600006
                        ],
                        [
                            121.21983534900005,
                            13.855575712000075
                        ],
                        [
                            121.19325693600001,
                            13.862328207000076
                        ],
                        [
                            121.18475550500011,
                            13.87831744500005
                        ],
                        [
                            121.21403214500003,
                            13.90511089100005
                        ],
                        [
                            121.249231957,
                            13.886387006000064
                        ],
                        [
                            121.27208522500007,
                            13.887571265000076
                        ]
                    ]
                ]
            },
            "properties": {
                "Shape_Leng": 0.341174386915,
                "Shape_Area": 0.00328454812148,
                "ADM3_EN": "Padre Garcia",
                "ADM3_PCODE": "PH041020000",
                "ADM3_REF": null,
                "ADM3ALT1EN": null,
                "ADM3ALT2EN": null,
                "ADM2_EN": "Batangas",
                "ADM2_PCODE": "PH041000000",
                "ADM1_EN": "Region IV-A",
                "ADM1_PCODE": "PH040000000",
                "ADM0_EN": "Philippines (the)",
                "ADM0_PCODE": "PH",
                "date": "2016/06/15",
                "validOn": "2018/01/30"
            }
        },
        {
            "type": "Feature",
            "geometry": {
                "type": "Polygon",
                "coordinates": [
                    [
                        [
                            121.32009489100005,
                            13.867621497000073
                        ],
                        [
                            121.34806799100011,
                            13.862572201000035
                        ],
                        [
                            121.36854044100005,
                            13.869130992000066
                        ],
                        [
                            121.34117693000007,
                            13.847905927000056
                        ],
                        [
                            121.33131358700007,
                            13.815996486000074
                        ],
                        [
                            121.32839263100004,
                            13.746324168000058
                        ],
                        [
                            121.34014438000008,
                            13.705475754000076
                        ],
                        [
                            121.30408430300008,
                            13.689584994000029
                        ],
                        [
                            121.29432039300002,
                            13.703749130000062
                        ],
                        [
                            121.29095756700008,
                            13.732304294000073
                        ],
                        [
                            121.27965655500009,
                            13.73422094800003
                        ],
                        [
                            121.27972429400006,
                            13.770719424000049
                        ],
                        [
                            121.2506516840001,
                            13.78540931200007
                        ],
                        [
                            121.231490011,
                            13.782671803000028
                        ],
                        [
                            121.22510882300003,
                            13.798790961000066
                        ],
                        [
                            121.19958172600002,
                            13.807703194000055
                        ],
                        [
                            121.17392142500012,
                            13.793115194000052
                        ],
                        [
                            121.16478141000005,
                            13.861184669000068
                        ],
                        [
                            121.18475550500011,
                            13.87831744500005
                        ],
                        [
                            121.19325693600001,
                            13.862328207000076
                        ],
                        [
                            121.21983534900005,
                            13.855575712000075
                        ],
                        [
                            121.29727471900003,
                            13.85854710600006
                        ],
                        [
                            121.32009489100005,
                            13.867621497000073
                        ]
                    ]
                ]
            },
            "properties": {
                "Shape_Leng": 0.860084616067,
                "Shape_Area": 0.0166371484337,
                "ADM3_EN": "Rosario",
                "ADM3_PCODE": "PH041021000",
                "ADM3_REF": null,
                "ADM3ALT1EN": null,
                "ADM3ALT2EN": null,
                "ADM2_EN": "Batangas",
                "ADM2_PCODE": "PH041000000",
                "ADM1_EN": "Region IV-A",
                "ADM1_PCODE": "PH040000000",
                "ADM0_EN": "Philippines (the)",
                "ADM0_PCODE": "PH",
                "date": "2016/06/15",
                "validOn": "2018/01/30"
            }
        },
        {
            "type": "Feature",
            "geometry": {
                "type": "Polygon",
                "coordinates": [
                    [
                        [
                            121.07404586400003,
                            13.928870822000022
                        ],
                        [
                            121.11486278400002,
                            13.918739238000057
                        ],
                        [
                            121.12848041000007,
                            13.870060143000046
                        ],
                        [
                            121.10361630800003,
                            13.839717413000074
                        ],
                        [
                            121.06038027600005,
                            13.83113221900004
                        ],
                        [
                            121.0450154670001,
                            13.861805325000034
                        ],
                        [
                            121.0451984770001,
                            13.863345224000057
                        ],
                        [
                            121.07287369800008,
                            13.901666586000033
                        ],
                        [
                            121.07404586400003,
                            13.928870822000022
                        ]
                    ]
                ]
            },
            "properties": {
                "Shape_Leng": 0.337176713539,
                "Shape_Area": 0.00486963374341,
                "ADM3_EN": "San Jose",
                "ADM3_PCODE": "PH041022000",
                "ADM3_REF": null,
                "ADM3ALT1EN": null,
                "ADM3ALT2EN": null,
                "ADM2_EN": "Batangas",
                "ADM2_PCODE": "PH041000000",
                "ADM1_EN": "Region IV-A",
                "ADM1_PCODE": "PH040000000",
                "ADM0_EN": "Philippines (the)",
                "ADM0_PCODE": "PH",
                "date": "2016/06/15",
                "validOn": "2018/01/30"
            }
        },
        {
            "type": "Feature",
            "geometry": {
                "type": "Polygon",
                "coordinates": [
                    [
                        [
                            121.35878909400003,
                            13.654856910000035
                        ],
                        [
                            121.35188334800011,
                            13.70147694700006
                        ],
                        [
                            121.34014438000008,
                            13.705475754000076
                        ],
                        [
                            121.32839263100004,
                            13.746324168000058
                        ],
                        [
                            121.33131358700007,
                            13.815996486000074
                        ],
                        [
                            121.34117693000007,
                            13.847905927000056
                        ],
                        [
                            121.36854044100005,
                            13.869130992000066
                        ],
                        [
                            121.37892195100005,
                            13.850860930000067
                        ],
                        [
                            121.40740856500008,
                            13.839231787000074
                        ],
                        [
                            121.41748513800007,
                            13.843874380000045
                        ],
                        [
                            121.45661691100008,
                            13.810264001000064
                        ],
                        [
                            121.43837150500008,
                            13.791902489000051
                        ],
                        [
                            121.43235808600002,
                            13.760722162000036
                        ],
                        [
                            121.45373840900004,
                            13.701390606000075
                        ],
                        [
                            121.46760841900004,
                            13.682257206000031
                        ],
                        [
                            121.41762738600005,
                            13.655700285000023
                        ],
                        [
                            121.391532202,
                            13.67144556200003
                        ],
                        [
                            121.35878909400003,
                            13.654856910000035
                        ]
                    ]
                ]
            },
            "properties": {
                "Shape_Leng": 0.765473936504,
                "Shape_Area": 0.0198549481252,
                "ADM3_EN": "San Juan",
                "ADM3_PCODE": "PH041023000",
                "ADM3_REF": null,
                "ADM3ALT1EN": null,
                "ADM3ALT2EN": null,
                "ADM2_EN": "Batangas",
                "ADM2_PCODE": "PH041000000",
                "ADM1_EN": "Region IV-A",
                "ADM1_PCODE": "PH040000000",
                "ADM0_EN": "Philippines (the)",
                "ADM0_PCODE": "PH",
                "date": "2016/06/15",
                "validOn": "2018/01/30"
            }
        },
        {
            "type": "Feature",
            "geometry": {
                "type": "Polygon",
                "coordinates": [
                    [
                        [
                            120.94522178400007,
                            13.863091201000032
                        ],
                        [
                            120.95877939900004,
                            13.855423444000053
                        ],
                        [
                            120.99090683400004,
                            13.860029420000046
                        ],
                        [
                            120.98353709500009,
                            13.838329539000028
                        ],
                        [
                            120.95057118000011,
                            13.808016351000049
                        ],
                        [
                            120.9120283100001,
                            13.809711156000049
                        ],
                        [
                            120.91491533400006,
                            13.856249859000059
                        ],
                        [
                            120.94522178400007,
                            13.863091201000032
                        ]
                    ]
                ]
            },
            "properties": {
                "Shape_Leng": 0.291283295744,
                "Shape_Area": 0.0031515902113,
                "ADM3_EN": "San Luis",
                "ADM3_PCODE": "PH041024000",
                "ADM3_REF": null,
                "ADM3ALT1EN": null,
                "ADM3ALT2EN": null,
                "ADM2_EN": "Batangas",
                "ADM2_PCODE": "PH041000000",
                "ADM1_EN": "Region IV-A",
                "ADM1_PCODE": "PH040000000",
                "ADM0_EN": "Philippines (the)",
                "ADM0_PCODE": "PH",
                "date": "2016/06/15",
                "validOn": "2018/01/30"
            }
        },
        {
            "type": "Feature",
            "geometry": {
                "type": "MultiPolygon",
                "coordinates": [
                    [
                        [
                            [
                                120.97622938600011,
                                13.914430925000033
                            ],
                            [
                                120.96895377700002,
                                13.907470816000057
                            ],
                            [
                                120.94009575500002,
                                13.902052334000075
                            ],
                            [
                                120.92547165700012,
                                13.919064736000053
                            ],
                            [
                                120.94947076500011,
                                13.930707361000032
                            ],
                            [
                                120.97622938600011,
                                13.914430925000033
                            ]
                        ]
                    ],
                    [
                        [
                            [
                                121.0020880510001,
                                14.007753050000076
                            ],
                            [
                                121.01028517100008,
                                13.993290193000064
                            ],
                            [
                                120.97752186100001,
                                13.978002337000078
                            ],
                            [
                                120.97342435200005,
                                14.025386767000043
                            ],
                            [
                                120.99244286400005,
                                14.011166635000052
                            ],
                            [
                                121.0020880510001,
                                14.007753050000076
                            ]
                        ]
                    ]
                ]
            },
            "properties": {
                "Shape_Leng": 0.290907576261,
                "Shape_Area": 0.00178405732965,
                "ADM3_EN": "San Nicolas",
                "ADM3_PCODE": "PH041025000",
                "ADM3_REF": null,
                "ADM3ALT1EN": null,
                "ADM3ALT2EN": null,
                "ADM2_EN": "Batangas",
                "ADM2_PCODE": "PH041000000",
                "ADM1_EN": "Region IV-A",
                "ADM1_PCODE": "PH040000000",
                "ADM0_EN": "Philippines (the)",
                "ADM0_PCODE": "PH",
                "date": "2016/06/15",
                "validOn": "2018/01/30"
            }
        },
        {
            "type": "Feature",
            "geometry": {
                "type": "Polygon",
                "coordinates": [
                    [
                        [
                            121.06038027600005,
                            13.83113221900004
                        ],
                        [
                            121.02866336200009,
                            13.769723293000027
                        ],
                        [
                            121.0285507960001,
                            13.769764631000044
                        ],
                        [
                            121.02852297200002,
                            13.769778354000039
                        ],
                        [
                            121.01743776400008,
                            13.775533482000071
                        ],
                        [
                            121.00223019000009,
                            13.808337450000067
                        ],
                        [
                            121.0143223880001,
                            13.846617485000024
                        ],
                        [
                            121.0450154670001,
                            13.861805325000034
                        ],
                        [
                            121.06038027600005,
                            13.83113221900004
                        ]
                    ]
                ]
            },
            "properties": {
                "Shape_Leng": 0.275361130971,
                "Shape_Area": 0.00294790577774,
                "ADM3_EN": "San Pascual",
                "ADM3_PCODE": "PH041026000",
                "ADM3_REF": null,
                "ADM3ALT1EN": null,
                "ADM3ALT2EN": null,
                "ADM2_EN": "Batangas",
                "ADM2_PCODE": "PH041000000",
                "ADM1_EN": "Region IV-A",
                "ADM1_PCODE": "PH040000000",
                "ADM0_EN": "Philippines (the)",
                "ADM0_PCODE": "PH",
                "date": "2016/06/15",
                "validOn": "2018/01/30"
            }
        },
        {
            "type": "Feature",
            "geometry": {
                "type": "Polygon",
                "coordinates": [
                    [
                        [
                            120.98959066000009,
                            13.87844859200004
                        ],
                        [
                            120.99090683400004,
                            13.860029420000046
                        ],
                        [
                            120.95877939900004,
                            13.855423444000053
                        ],
                        [
                            120.94522178400007,
                            13.863091201000032
                        ],
                        [
                            120.96484988200007,
                            13.880530651000072
                        ],
                        [
                            120.96895377700002,
                            13.907470816000057
                        ],
                        [
                            120.97622938600011,
                            13.914430925000033
                        ],
                        [
                            120.98959066000009,
                            13.87844859200004
                        ]
                    ]
                ]
            },
            "properties": {
                "Shape_Leng": 0.200842243135,
                "Shape_Area": 0.00128500552495,
                "ADM3_EN": "Santa Teresita",
                "ADM3_PCODE": "PH041027000",
                "ADM3_REF": null,
                "ADM3ALT1EN": null,
                "ADM3ALT2EN": null,
                "ADM2_EN": "Batangas",
                "ADM2_PCODE": "PH041000000",
                "ADM1_EN": "Region IV-A",
                "ADM1_PCODE": "PH040000000",
                "ADM0_EN": "Philippines (the)",
                "ADM0_PCODE": "PH",
                "date": "2016/06/15",
                "validOn": "2018/01/30"
            }
        },
        {
            "type": "Feature",
            "geometry": {
                "type": "Polygon",
                "coordinates": [
                    [
                        [
                            121.23926711500008,
                            13.990509283000051
                        ],
                        [
                            121.21394738400011,
                            13.983937110000056
                        ],
                        [
                            121.19764048500008,
                            13.996270495000033
                        ],
                        [
                            121.18411315700007,
                            14.030561055000021
                        ],
                        [
                            121.17969396600006,
                            14.047674799000049
                        ],
                        [
                            121.15900211000007,
                            14.074031289000061
                        ],
                        [
                            121.13623560000008,
                            14.100862267000025
                        ],
                        [
                            121.12536382000008,
                            14.124911720000057
                        ],
                        [
                            121.12754328900007,
                            14.145392015000027
                        ],
                        [
                            121.19440848700003,
                            14.131070861000069
                        ],
                        [
                            121.20556391600007,
                            14.109612394000067
                        ],
                        [
                            121.21619239800009,
                            14.02661468100007
                        ],
                        [
                            121.23926711500008,
                            13.990509283000051
                        ]
                    ]
                ]
            },
            "properties": {
                "Shape_Leng": 0.519024235478,
                "Shape_Area": 0.00744949154567,
                "ADM3_EN": "Santo Tomas",
                "ADM3_PCODE": "PH041028000",
                "ADM3_REF": null,
                "ADM3ALT1EN": null,
                "ADM3ALT2EN": null,
                "ADM2_EN": "Batangas",
                "ADM2_PCODE": "PH041000000",
                "ADM1_EN": "Region IV-A",
                "ADM1_PCODE": "PH040000000",
                "ADM0_EN": "Philippines (the)",
                "ADM0_PCODE": "PH",
                "date": "2016/06/15",
                "validOn": "2018/01/30"
            }
        },
        {
            "type": "Feature",
            "geometry": {
                "type": "Polygon",
                "coordinates": [
                    [
                        [
                            120.96895377700002,
                            13.907470816000057
                        ],
                        [
                            120.96484988200007,
                            13.880530651000072
                        ],
                        [
                            120.94522178400007,
                            13.863091201000032
                        ],
                        [
                            120.91491533400006,
                            13.856249859000059
                        ],
                        [
                            120.91354321900008,
                            13.87069948900006
                        ],
                        [
                            120.91357063700002,
                            13.870831047000024
                        ],
                        [
                            120.91377773800002,
                            13.871177006000039
                        ],
                        [
                            120.91602095100006,
                            13.909093193000047
                        ],
                        [
                            120.92547165700012,
                            13.919064736000053
                        ],
                        [
                            120.94009575500002,
                            13.902052334000075
                        ],
                        [
                            120.96895377700002,
                            13.907470816000057
                        ]
                    ]
                ]
            },
            "properties": {
                "Shape_Leng": 0.233913484097,
                "Shape_Area": 0.00226260240314,
                "ADM3_EN": "Taal",
                "ADM3_PCODE": "PH041029000",
                "ADM3_REF": null,
                "ADM3ALT1EN": null,
                "ADM3ALT2EN": null,
                "ADM2_EN": "Batangas",
                "ADM2_PCODE": "PH041000000",
                "ADM1_EN": "Region IV-A",
                "ADM1_PCODE": "PH040000000",
                "ADM0_EN": "Philippines (the)",
                "ADM0_PCODE": "PH",
                "date": "2016/06/15",
                "validOn": "2018/01/30"
            }
        },
        {
            "type": "Feature",
            "geometry": {
                "type": "MultiPolygon",
                "coordinates": [
                    [
                        [
                            [
                                121.01999243000012,
                                14.017260436000072
                            ],
                            [
                                121.00305074800008,
                                14.01057568300007
                            ],
                            [
                                120.99244286400005,
                                14.011166635000052
                            ],
                            [
                                120.97342435200005,
                                14.025386767000043
                            ],
                            [
                                120.9929730120001,
                                14.036675582000044
                            ],
                            [
                                121.01878368900009,
                                14.037153408000052
                            ],
                            [
                                121.01999243000012,
                                14.017260436000072
                            ]
                        ]
                    ],
                    [
                        [
                            [
                                121.04848771200011,
                                14.090233214000023
                            ],
                            [
                                120.99911414600001,
                                14.081151857000066
                            ],
                            [
                                120.96783521900011,
                                14.086424635000071
                            ],
                            [
                                120.96184246300004,
                                14.075520007000023
                            ],
                            [
                                120.95716251500005,
                                14.094669594000038
                            ],
                            [
                                120.98037532500007,
                                14.12008944300004
                            ],
                            [
                                121.00588658800007,
                                14.12166148800003
                            ],
                            [
                                121.04335015000004,
                                14.153926470000044
                            ],
                            [
                                121.05916695200006,
                                14.125434339000037
                            ],
                            [
                                121.05973495900002,
                                14.105703508000033
                            ],
                            [
                                121.04848771200011,
                                14.090233214000023
                            ]
                        ]
                    ]
                ]
            },
            "properties": {
                "Shape_Leng": 0.550944395982,
                "Shape_Area": 0.00495507245408,
                "ADM3_EN": "Talisay",
                "ADM3_PCODE": "PH041030000",
                "ADM3_REF": null,
                "ADM3ALT1EN": null,
                "ADM3ALT2EN": null,
                "ADM2_EN": "Batangas",
                "ADM2_PCODE": "PH041000000",
                "ADM1_EN": "Region IV-A",
                "ADM1_PCODE": "PH040000000",
                "ADM0_EN": "Philippines (the)",
                "ADM0_PCODE": "PH",
                "date": "2016/06/15",
                "validOn": "2018/01/30"
            }
        },
        {
            "type": "Feature",
            "geometry": {
                "type": "Polygon",
                "coordinates": [
                    [
                        [
                            121.12754328900007,
                            14.145392015000027
                        ],
                        [
                            121.12536382000008,
                            14.124911720000057
                        ],
                        [
                            121.13623560000008,
                            14.100862267000025
                        ],
                        [
                            121.15900211000007,
                            14.074031289000061
                        ],
                        [
                            121.15472638100005,
                            14.05821121200006
                        ],
                        [
                            121.10021844800008,
                            14.03935585000005
                        ],
                        [
                            121.06093028300006,
                            14.027532824000048
                        ],
                        [
                            121.07142970000007,
                            14.06453508900006
                        ],
                        [
                            121.04848771200011,
                            14.090233214000023
                        ],
                        [
                            121.05973495900002,
                            14.105703508000033
                        ],
                        [
                            121.05916695200006,
                            14.125434339000037
                        ],
                        [
                            121.04335015000004,
                            14.153926470000044
                        ],
                        [
                            121.09505203000003,
                            14.156300173000034
                        ],
                        [
                            121.12754328900007,
                            14.145392015000027
                        ]
                    ]
                ]
            },
            "properties": {
                "Shape_Leng": 0.492669469387,
                "Shape_Area": 0.00938049274401,
                "ADM3_EN": "City of Tanauan",
                "ADM3_PCODE": "PH041031000",
                "ADM3_REF": null,
                "ADM3ALT1EN": null,
                "ADM3ALT2EN": null,
                "ADM2_EN": "Batangas",
                "ADM2_PCODE": "PH041000000",
                "ADM1_EN": "Region IV-A",
                "ADM1_PCODE": "PH040000000",
                "ADM0_EN": "Philippines (the)",
                "ADM0_PCODE": "PH",
                "date": "2016/06/15",
                "validOn": "2018/01/30"
            }
        },
        {
            "type": "Feature",
            "geometry": {
                "type": "Polygon",
                "coordinates": [
                    [
                        [
                            121.27965655500009,
                            13.73422094800003
                        ],
                        [
                            121.25690506800004,
                            13.71293560600003
                        ],
                        [
                            121.22591979300012,
                            13.716849704000026
                        ],
                        [
                            121.20508077700003,
                            13.705554353000025
                        ],
                        [
                            121.1784665450001,
                            13.71934678200006
                        ],
                        [
                            121.17788434400006,
                            13.746836995000024
                        ],
                        [
                            121.16248413000005,
                            13.766540862000056
                        ],
                        [
                            121.18024080500004,
                            13.762563968000052
                        ],
                        [
                            121.17392142500012,
                            13.793115194000052
                        ],
                        [
                            121.19958172600002,
                            13.807703194000055
                        ],
                        [
                            121.22510882300003,
                            13.798790961000066
                        ],
                        [
                            121.231490011,
                            13.782671803000028
                        ],
                        [
                            121.2506516840001,
                            13.78540931200007
                        ],
                        [
                            121.27972429400006,
                            13.770719424000049
                        ],
                        [
                            121.27965655500009,
                            13.73422094800003
                        ]
                    ]
                ]
            },
            "properties": {
                "Shape_Leng": 0.504173105909,
                "Shape_Area": 0.00773416542925,
                "ADM3_EN": "Taysan",
                "ADM3_PCODE": "PH041032000",
                "ADM3_REF": null,
                "ADM3ALT1EN": null,
                "ADM3ALT2EN": null,
                "ADM2_EN": "Batangas",
                "ADM2_PCODE": "PH041000000",
                "ADM1_EN": "Region IV-A",
                "ADM1_PCODE": "PH040000000",
                "ADM0_EN": "Philippines (the)",
                "ADM0_PCODE": "PH",
                "date": "2016/06/15",
                "validOn": "2018/01/30"
            }
        },
        {
            "type": "Feature",
            "geometry": {
                "type": "Polygon",
                "coordinates": [
                    [
                        [
                            120.83115867100003,
                            13.687686794000058
                        ],
                        [
                            120.84114106900006,
                            13.672337123000034
                        ],
                        [
                            120.88492621700004,
                            13.65488741200005
                        ],
                        [
                            120.93402842000012,
                            13.655373922000024
                        ],
                        [
                            120.94251647100009,
                            13.632079410000074
                        ],
                        [
                            120.90341105200002,
                            13.624439212000027
                        ],
                        [
                            120.87259897000001,
                            13.634657896000022
                        ],
                        [
                            120.84260247000009,
                            13.652000642000075
                        ],
                        [
                            120.83115867100003,
                            13.687686794000058
                        ]
                    ]
                ]
            },
            "properties": {
                "Shape_Leng": 0.415023661579,
                "Shape_Area": 0.00272210823708,
                "ADM3_EN": "Tingloy",
                "ADM3_PCODE": "PH041033000",
                "ADM3_REF": null,
                "ADM3ALT1EN": null,
                "ADM3ALT2EN": null,
                "ADM2_EN": "Batangas",
                "ADM2_PCODE": "PH041000000",
                "ADM1_EN": "Region IV-A",
                "ADM1_PCODE": "PH040000000",
                "ADM0_EN": "Philippines (the)",
                "ADM0_PCODE": "PH",
                "date": "2016/06/15",
                "validOn": "2018/01/30"
            }
        },
        {
            "type": "Feature",
            "geometry": {
                "type": "Polygon",
                "coordinates": [
                    [
                        [
                            120.8007766930001,
                            14.047086805000049
                        ],
                        [
                            120.78825654100001,
                            14.02170951100004
                        ],
                        [
                            120.76448844600009,
                            13.997956109000029
                        ],
                        [
                            120.71396121600003,
                            13.96517358500006
                        ],
                        [
                            120.708743346,
                            13.986204262000058
                        ],
                        [
                            120.68622840400008,
                            13.994589854000026
                        ],
                        [
                            120.69318808500009,
                            14.045848395000064
                        ],
                        [
                            120.70107678600004,
                            14.061758284000064
                        ],
                        [
                            120.72516019200009,
                            14.057835306000072
                        ],
                        [
                            120.7597157670001,
                            14.076209317000064
                        ],
                        [
                            120.78907278100007,
                            14.083268
                        ],
                        [
                            120.8007766930001,
                            14.047086805000049
                        ]
                    ]
                ]
            },
            "properties": {
                "Shape_Leng": 0.433671842104,
                "Shape_Area": 0.00782677243666,
                "ADM3_EN": "Tuy",
                "ADM3_PCODE": "PH041034000",
                "ADM3_REF": null,
                "ADM3ALT1EN": null,
                "ADM3ALT2EN": null,
                "ADM2_EN": "Batangas",
                "ADM2_PCODE": "PH041000000",
                "ADM1_EN": "Region IV-A",
                "ADM1_PCODE": "PH040000000",
                "ADM0_EN": "Philippines (the)",
                "ADM0_PCODE": "PH",
                "date": "2016/06/15",
                "validOn": "2018/01/30"
            }
        },
        {
            "type": "Feature",
            "geometry": {
                "type": "Polygon",
                "coordinates": [
                    [
                        [
                            120.87027712000008,
                            14.135361117000059
                        ],
                        [
                            120.88694342800011,
                            14.112165688000061
                        ],
                        [
                            120.89272050800002,
                            14.087613034000071
                        ],
                        [
                            120.86241478300008,
                            14.07542182900005
                        ],
                        [
                            120.84485636600004,
                            14.076839312000061
                        ],
                        [
                            120.82014925800001,
                            14.100724957000068
                        ],
                        [
                            120.7968772590001,
                            14.103118018000032
                        ],
                        [
                            120.76968880200002,
                            14.126114803000064
                        ],
                        [
                            120.80546146800009,
                            14.133761251000067
                        ],
                        [
                            120.83834497700002,
                            14.151269402000025
                        ],
                        [
                            120.81744636600001,
                            14.192004705000045
                        ],
                        [
                            120.82707136600004,
                            14.19567371900007
                        ],
                        [
                            120.87027712000008,
                            14.135361117000059
                        ]
                    ]
                ]
            },
            "properties": {
                "Shape_Leng": 0.513188122767,
                "Shape_Area": 0.00588053510855,
                "ADM3_EN": "Alfonso",
                "ADM3_PCODE": "PH042101000",
                "ADM3_REF": null,
                "ADM3ALT1EN": null,
                "ADM3ALT2EN": null,
                "ADM2_EN": "Cavite",
                "ADM2_PCODE": "PH042100000",
                "ADM1_EN": "Region IV-A",
                "ADM1_PCODE": "PH040000000",
                "ADM0_EN": "Philippines (the)",
                "ADM0_PCODE": "PH",
                "date": "2016/06/15",
                "validOn": "2018/01/30"
            }
        },
        {
            "type": "Feature",
            "geometry": {
                "type": "Polygon",
                "coordinates": [
                    [
                        [
                            120.92940405800005,
                            14.124512812000035
                        ],
                        [
                            120.92549652700006,
                            14.15806897300007
                        ],
                        [
                            120.909493096,
                            14.182254950000072
                        ],
                        [
                            120.89660446700009,
                            14.21808642600007
                        ],
                        [
                            120.90181092700004,
                            14.219693347000032
                        ],
                        [
                            120.93049755200002,
                            14.227111379000064
                        ],
                        [
                            120.94049078700004,
                            14.185344542000053
                        ],
                        [
                            120.95090184900005,
                            14.173839486000077
                        ],
                        [
                            120.95536727700005,
                            14.133938909000051
                        ],
                        [
                            120.92940405800005,
                            14.124512812000035
                        ]
                    ]
                ]
            },
            "properties": {
                "Shape_Leng": 0.277889862088,
                "Shape_Area": 0.00300789264913,
                "ADM3_EN": "Amadeo",
                "ADM3_PCODE": "PH042102000",
                "ADM3_REF": null,
                "ADM3ALT1EN": null,
                "ADM3ALT2EN": null,
                "ADM2_EN": "Cavite",
                "ADM2_PCODE": "PH042100000",
                "ADM1_EN": "Region IV-A",
                "ADM1_PCODE": "PH040000000",
                "ADM0_EN": "Philippines (the)",
                "ADM0_PCODE": "PH",
                "date": "2016/06/15",
                "validOn": "2018/01/30"
            }
        },
        {
            "type": "Feature",
            "geometry": {
                "type": "Polygon",
                "coordinates": [
                    [
                        [
                            121.00689103200011,
                            14.353943146000063
                        ],
                        [
                            120.98160995,
                            14.36443538800006
                        ],
                        [
                            120.97225965500002,
                            14.392458783000052
                        ],
                        [
                            120.93195640800002,
                            14.442095284000061
                        ],
                        [
                            120.92468717700001,
                            14.461600652000072
                        ],
                        [
                            120.9660033990001,
                            14.465722366000023
                        ],
                        [
                            121.01161117000004,
                            14.380260945000032
                        ],
                        [
                            121.00689103200011,
                            14.353943146000063
                        ]
                    ]
                ]
            },
            "properties": {
                "Shape_Leng": 0.416208721529,
                "Shape_Area": 0.00410766002588,
                "ADM3_EN": "Bacoor City",
                "ADM3_PCODE": "PH042103000",
                "ADM3_REF": null,
                "ADM3ALT1EN": null,
                "ADM3ALT2EN": null,
                "ADM2_EN": "Cavite",
                "ADM2_PCODE": "PH042100000",
                "ADM1_EN": "Region IV-A",
                "ADM1_PCODE": "PH040000000",
                "ADM0_EN": "Philippines (the)",
                "ADM0_PCODE": "PH",
                "date": "2016/06/15",
                "validOn": "2018/01/30"
            }
        },
        {
            "type": "Feature",
            "geometry": {
                "type": "Polygon",
                "coordinates": [
                    [
                        [
                            121.04078197800004,
                            14.274356814000043
                        ],
                        [
                            121.00273528800005,
                            14.281673097000066
                        ],
                        [
                            121.01163520500006,
                            14.299568150000027
                        ],
                        [
                            121.0387721620001,
                            14.324763627000038
                        ],
                        [
                            121.0703114160001,
                            14.323507009000025
                        ],
                        [
                            121.04078197800004,
                            14.274356814000043
                        ]
                    ]
                ]
            },
            "properties": {
                "Shape_Leng": 0.27204053315,
                "Shape_Area": 0.00202044694111,
                "ADM3_EN": "Carmona",
                "ADM3_PCODE": "PH042104000",
                "ADM3_REF": null,
                "ADM3ALT1EN": null,
                "ADM3ALT2EN": null,
                "ADM2_EN": "Cavite",
                "ADM2_PCODE": "PH042100000",
                "ADM1_EN": "Region IV-A",
                "ADM1_PCODE": "PH040000000",
                "ADM0_EN": "Philippines (the)",
                "ADM0_PCODE": "PH",
                "date": "2016/06/15",
                "validOn": "2018/01/30"
            }
        },
        {
            "type": "Feature",
            "geometry": {
                "type": "Polygon",
                "coordinates": [
                    [
                        [
                            120.88907016300004,
                            14.455766059000041
                        ],
                        [
                            120.88560707600004,
                            14.454230039000038
                        ],
                        [
                            120.88503764000006,
                            14.454319051000027
                        ],
                        [
                            120.87844767800004,
                            14.456535049000024
                        ],
                        [
                            120.89358522400005,
                            14.491676189000032
                        ],
                        [
                            120.90353669900003,
                            14.486818243000073
                        ],
                        [
                            120.88907016300004,
                            14.455766059000041
                        ]
                    ]
                ]
            },
            "properties": {
                "Shape_Leng": 0.487506863421,
                "Shape_Area": 0.00099524325169,
                "ADM3_EN": "Cavite City",
                "ADM3_PCODE": "PH042105000",
                "ADM3_REF": null,
                "ADM3ALT1EN": null,
                "ADM3ALT2EN": null,
                "ADM2_EN": "Cavite",
                "ADM2_PCODE": "PH042100000",
                "ADM1_EN": "Region IV-A",
                "ADM1_PCODE": "PH040000000",
                "ADM0_EN": "Philippines (the)",
                "ADM0_PCODE": "PH",
                "date": "2016/06/15",
                "validOn": "2018/01/30"
            }
        },
        {
            "type": "Feature",
            "geometry": {
                "type": "Polygon",
                "coordinates": [
                    [
                        [
                            121.00689103200011,
                            14.353943146000063
                        ],
                        [
                            121.00794291700004,
                            14.317447151000067
                        ],
                        [
                            120.99348689300007,
                            14.285427309000056
                        ],
                        [
                            120.99278960000004,
                            14.260771461000047
                        ],
                        [
                            120.96230171700006,
                            14.262588988000061
                        ],
                        [
                            120.94261351300008,
                            14.247359946000074
                        ],
                        [
                            120.93281301500008,
                            14.277397230000076
                        ],
                        [
                            120.92039535300012,
                            14.354128292000041
                        ],
                        [
                            120.94069355600004,
                            14.364703529000053
                        ],
                        [
                            120.98160995,
                            14.36443538800006
                        ],
                        [
                            121.00689103200011,
                            14.353943146000063
                        ]
                    ]
                ]
            },
            "properties": {
                "Shape_Leng": 0.434040538581,
                "Shape_Area": 0.00754851260529,
                "ADM3_EN": "City of Dasmari\u00f1as",
                "ADM3_PCODE": "PH042106000",
                "ADM3_REF": "City of Dasmarinas",
                "ADM3ALT1EN": null,
                "ADM3ALT2EN": null,
                "ADM2_EN": "Cavite",
                "ADM2_PCODE": "PH042100000",
                "ADM1_EN": "Region IV-A",
                "ADM1_PCODE": "PH040000000",
                "ADM0_EN": "Philippines (the)",
                "ADM0_PCODE": "PH",
                "date": "2016/06/15",
                "validOn": "2018/01/30"
            }
        },
        {
            "type": "Feature",
            "geometry": {
                "type": "Polygon",
                "coordinates": [
                    [
                        [
                            120.81744636600001,
                            14.192004705000045
                        ],
                        [
                            120.83834497700002,
                            14.151269402000025
                        ],
                        [
                            120.80546146800009,
                            14.133761251000067
                        ],
                        [
                            120.77930109600004,
                            14.171022741000058
                        ],
                        [
                            120.77730567000003,
                            14.215437012000052
                        ],
                        [
                            120.78275293000002,
                            14.237834387000078
                        ],
                        [
                            120.81744636600001,
                            14.192004705000045
                        ]
                    ]
                ]
            },
            "properties": {
                "Shape_Leng": 0.291202616294,
                "Shape_Area": 0.00340465503834,
                "ADM3_EN": "General Emilio Aguinaldo",
                "ADM3_PCODE": "PH042107000",
                "ADM3_REF": null,
                "ADM3ALT1EN": null,
                "ADM3ALT2EN": null,
                "ADM2_EN": "Cavite",
                "ADM2_PCODE": "PH042100000",
                "ADM1_EN": "Region IV-A",
                "ADM1_PCODE": "PH040000000",
                "ADM0_EN": "Philippines (the)",
                "ADM0_PCODE": "PH",
                "date": "2016/06/15",
                "validOn": "2018/01/30"
            }
        },
        {
            "type": "Feature",
            "geometry": {
                "type": "Polygon",
                "coordinates": [
                    [
                        [
                            120.88664544300002,
                            14.415545056000042
                        ],
                        [
                            120.89276344100006,
                            14.408817932000034
                        ],
                        [
                            120.90573373100005,
                            14.39370849200003
                        ],
                        [
                            120.92039535300012,
                            14.354128292000041
                        ],
                        [
                            120.93281301500008,
                            14.277397230000076
                        ],
                        [
                            120.92137731500009,
                            14.249725528000056
                        ],
                        [
                            120.93049755200002,
                            14.227111379000064
                        ],
                        [
                            120.90181092700004,
                            14.219693347000032
                        ],
                        [
                            120.90098170100009,
                            14.275170565000053
                        ],
                        [
                            120.88915456300003,
                            14.311007413000027
                        ],
                        [
                            120.86817714900008,
                            14.321340120000059
                        ],
                        [
                            120.87432728200008,
                            14.383572989000072
                        ],
                        [
                            120.85953450900001,
                            14.400816333000023
                        ],
                        [
                            120.8767417150001,
                            14.421649351000042
                        ],
                        [
                            120.88664544300002,
                            14.415545056000042
                        ]
                    ]
                ]
            },
            "properties": {
                "Shape_Leng": 0.59098729687,
                "Shape_Area": 0.00732756531179,
                "ADM3_EN": "City of General Trias",
                "ADM3_PCODE": "PH042108000",
                "ADM3_REF": null,
                "ADM3ALT1EN": null,
                "ADM3ALT2EN": null,
                "ADM2_EN": "Cavite",
                "ADM2_PCODE": "PH042100000",
                "ADM1_EN": "Region IV-A",
                "ADM1_PCODE": "PH040000000",
                "ADM0_EN": "Philippines (the)",
                "ADM0_PCODE": "PH",
                "date": "2016/06/15",
                "validOn": "2018/01/30"
            }
        },
        {
            "type": "Feature",
            "geometry": {
                "type": "Polygon",
                "coordinates": [
                    [
                        [
                            120.93195640800002,
                            14.442095284000061
                        ],
                        [
                            120.97225965500002,
                            14.392458783000052
                        ],
                        [
                            120.98160995,
                            14.36443538800006
                        ],
                        [
                            120.94069355600004,
                            14.364703529000053
                        ],
                        [
                            120.92039535300012,
                            14.354128292000041
                        ],
                        [
                            120.90573373100005,
                            14.39370849200003
                        ],
                        [
                            120.89276344100006,
                            14.408817932000034
                        ],
                        [
                            120.91822857700004,
                            14.41384748300004
                        ],
                        [
                            120.91153758700011,
                            14.44232247900004
                        ],
                        [
                            120.93195640800002,
                            14.442095284000061
                        ]
                    ]
                ]
            },
            "properties": {
                "Shape_Leng": 0.379556847789,
                "Shape_Area": 0.00422191121278,
                "ADM3_EN": "Imus City",
                "ADM3_PCODE": "PH042109000",
                "ADM3_REF": null,
                "ADM3ALT1EN": null,
                "ADM3ALT2EN": null,
                "ADM2_EN": "Cavite",
                "ADM2_PCODE": "PH042100000",
                "ADM1_EN": "Region IV-A",
                "ADM1_PCODE": "PH040000000",
                "ADM0_EN": "Philippines (the)",
                "ADM0_PCODE": "PH",
                "date": "2016/06/15",
                "validOn": "2018/01/30"
            }
        },
        {
            "type": "Feature",
            "geometry": {
                "type": "Polygon",
                "coordinates": [
                    [
                        [
                            120.86285398400003,
                            14.245360892000065
                        ],
                        [
                            120.88274324100007,
                            14.237408739000045
                        ],
                        [
                            120.89660446700009,
                            14.21808642600007
                        ],
                        [
                            120.909493096,
                            14.182254950000072
                        ],
                        [
                            120.92549652700006,
                            14.15806897300007
                        ],
                        [
                            120.92940405800005,
                            14.124512812000035
                        ],
                        [
                            120.92468976100008,
                            14.121085607000055
                        ],
                        [
                            120.90609479000011,
                            14.152541451000047
                        ],
                        [
                            120.87027712000008,
                            14.135361117000059
                        ],
                        [
                            120.82707136600004,
                            14.19567371900007
                        ],
                        [
                            120.82092462600008,
                            14.227885223000044
                        ],
                        [
                            120.8107204690001,
                            14.240763187000027
                        ],
                        [
                            120.86285398400003,
                            14.245360892000065
                        ]
                    ]
                ]
            },
            "properties": {
                "Shape_Leng": 0.46205422465,
                "Shape_Area": 0.00745226758841,
                "ADM3_EN": "Indang",
                "ADM3_PCODE": "PH042110000",
                "ADM3_REF": null,
                "ADM3ALT1EN": null,
                "ADM3ALT2EN": null,
                "ADM2_EN": "Cavite",
                "ADM2_PCODE": "PH042100000",
                "ADM1_EN": "Region IV-A",
                "ADM1_PCODE": "PH040000000",
                "ADM0_EN": "Philippines (the)",
                "ADM0_PCODE": "PH",
                "date": "2016/06/15",
                "validOn": "2018/01/30"
            }
        },
        {
            "type": "Feature",
            "geometry": {
                "type": "Polygon",
                "coordinates": [
                    [
                        [
                            120.92468717700001,
                            14.461600652000072
                        ],
                        [
                            120.93195640800002,
                            14.442095284000061
                        ],
                        [
                            120.91153758700011,
                            14.44232247900004
                        ],
                        [
                            120.91822857700004,
                            14.41384748300004
                        ],
                        [
                            120.89276344100006,
                            14.408817932000034
                        ],
                        [
                            120.88664544300002,
                            14.415545056000042
                        ],
                        [
                            120.88503764000006,
                            14.454319051000027
                        ],
                        [
                            120.88560707600004,
                            14.454230039000038
                        ],
                        [
                            120.88907016300004,
                            14.455766059000041
                        ],
                        [
                            120.92468717700001,
                            14.461600652000072
                        ]
                    ]
                ]
            },
            "properties": {
                "Shape_Leng": 0.374861716185,
                "Shape_Area": 0.00133767759167,
                "ADM3_EN": "Kawit",
                "ADM3_PCODE": "PH042111000",
                "ADM3_REF": null,
                "ADM3ALT1EN": null,
                "ADM3ALT2EN": null,
                "ADM2_EN": "Cavite",
                "ADM2_PCODE": "PH042100000",
                "ADM1_EN": "Region IV-A",
                "ADM1_PCODE": "PH040000000",
                "ADM0_EN": "Philippines (the)",
                "ADM0_PCODE": "PH",
                "date": "2016/06/15",
                "validOn": "2018/01/30"
            }
        },
        {
            "type": "Feature",
            "geometry": {
                "type": "Polygon",
                "coordinates": [
                    [
                        [
                            120.77730567000003,
                            14.215437012000052
                        ],
                        [
                            120.77930109600004,
                            14.171022741000058
                        ],
                        [
                            120.80546146800009,
                            14.133761251000067
                        ],
                        [
                            120.76968880200002,
                            14.126114803000064
                        ],
                        [
                            120.7294194100001,
                            14.140384557000061
                        ],
                        [
                            120.71593295900004,
                            14.126534449000076
                        ],
                        [
                            120.6987843060001,
                            14.138474807000023
                        ],
                        [
                            120.69300544700002,
                            14.164036939000027
                        ],
                        [
                            120.70796727100003,
                            14.172113275000072
                        ],
                        [
                            120.72707008000009,
                            14.194192715000042
                        ],
                        [
                            120.77730567000003,
                            14.215437012000052
                        ]
                    ]
                ]
            },
            "properties": {
                "Shape_Leng": 0.4394284363,
                "Shape_Area": 0.00551511500013,
                "ADM3_EN": "Magallanes",
                "ADM3_PCODE": "PH042112000",
                "ADM3_REF": null,
                "ADM3ALT1EN": null,
                "ADM3ALT2EN": null,
                "ADM2_EN": "Cavite",
                "ADM2_PCODE": "PH042100000",
                "ADM1_EN": "Region IV-A",
                "ADM1_PCODE": "PH040000000",
                "ADM0_EN": "Philippines (the)",
                "ADM0_PCODE": "PH",
                "date": "2016/06/15",
                "validOn": "2018/01/30"
            }
        },
        {
            "type": "Feature",
            "geometry": {
                "type": "Polygon",
                "coordinates": [
                    [
                        [
                            120.8107204690001,
                            14.240763187000027
                        ],
                        [
                            120.82092462600008,
                            14.227885223000044
                        ],
                        [
                            120.82707136600004,
                            14.19567371900007
                        ],
                        [
                            120.81744636600001,
                            14.192004705000045
                        ],
                        [
                            120.78275293000002,
                            14.237834387000078
                        ],
                        [
                            120.77730567000003,
                            14.215437012000052
                        ],
                        [
                            120.72707008000009,
                            14.194192715000042
                        ],
                        [
                            120.70796727100003,
                            14.172113275000072
                        ],
                        [
                            120.66230859500001,
                            14.186090271000069
                        ],
                        [
                            120.65039621500011,
                            14.204818189000036
                        ],
                        [
                            120.62651418700011,
                            14.216119326000069
                        ],
                        [
                            120.62451422000004,
                            14.254325908000055
                        ],
                        [
                            120.63575045700009,
                            14.229832675000068
                        ],
                        [
                            120.65110946800007,
                            14.225352963000034
                        ],
                        [
                            120.68268084400006,
                            14.240011062000065
                        ],
                        [
                            120.69309264800006,
                            14.25747117900005
                        ],
                        [
                            120.72583761800001,
                            14.278477146000057
                        ],
                        [
                            120.74281240200003,
                            14.298759740000037
                        ],
                        [
                            120.76659562800012,
                            14.279315845000042
                        ],
                        [
                            120.78359558000011,
                            14.276738618000024
                        ],
                        [
                            120.8107204690001,
                            14.240763187000027
                        ]
                    ]
                ]
            },
            "properties": {
                "Shape_Leng": 0.778097894144,
                "Shape_Area": 0.0118564115308,
                "ADM3_EN": "Maragondon",
                "ADM3_PCODE": "PH042113000",
                "ADM3_REF": null,
                "ADM3ALT1EN": null,
                "ADM3ALT2EN": null,
                "ADM2_EN": "Cavite",
                "ADM2_PCODE": "PH042100000",
                "ADM1_EN": "Region IV-A",
                "ADM1_PCODE": "PH040000000",
                "ADM0_EN": "Philippines (the)",
                "ADM0_PCODE": "PH",
                "date": "2016/06/15",
                "validOn": "2018/01/30"
            }
        },
        {
            "type": "Feature",
            "geometry": {
                "type": "Polygon",
                "coordinates": [
                    [
                        [
                            120.92468976100008,
                            14.121085607000055
                        ],
                        [
                            120.88694342800011,
                            14.112165688000061
                        ],
                        [
                            120.87027712000008,
                            14.135361117000059
                        ],
                        [
                            120.90609479000011,
                            14.152541451000047
                        ],
                        [
                            120.92468976100008,
                            14.121085607000055
                        ]
                    ]
                ]
            },
            "properties": {
                "Shape_Leng": 0.158345985005,
                "Shape_Area": 0.00122916767369,
                "ADM3_EN": "Mendez",
                "ADM3_PCODE": "PH042114000",
                "ADM3_REF": null,
                "ADM3ALT1EN": "Mendez-Nu\u00f1ez",
                "ADM3ALT2EN": null,
                "ADM2_EN": "Cavite",
                "ADM2_PCODE": "PH042100000",
                "ADM1_EN": "Region IV-A",
                "ADM1_PCODE": "PH040000000",
                "ADM0_EN": "Philippines (the)",
                "ADM0_PCODE": "PH",
                "date": "2016/06/15",
                "validOn": "2018/01/30"
            }
        },
        {
            "type": "Feature",
            "geometry": {
                "type": "MultiPolygon",
                "coordinates": [
                    [
                        [
                            [
                                120.78140687500002,
                                14.346933978000038
                            ],
                            [
                                120.8118673670001,
                                14.334351143000049
                            ],
                            [
                                120.8153019670001,
                                14.289771703000042
                            ],
                            [
                                120.82168385200009,
                                14.283527832000061
                            ],
                            [
                                120.85222389800003,
                                14.263536015000057
                            ],
                            [
                                120.86285398400003,
                                14.245360892000065
                            ],
                            [
                                120.8107204690001,
                                14.240763187000027
                            ],
                            [
                                120.78359558000011,
                                14.276738618000024
                            ],
                            [
                                120.76659562800012,
                                14.279315845000042
                            ],
                            [
                                120.74281240200003,
                                14.298759740000037
                            ],
                            [
                                120.73144175100003,
                                14.31549583900005
                            ],
                            [
                                120.76863065900011,
                                14.331655502000046
                            ],
                            [
                                120.78013544800001,
                                14.347832235000055
                            ],
                            [
                                120.78030726400004,
                                14.348026584000024
                            ],
                            [
                                120.78140687500002,
                                14.346933978000038
                            ]
                        ]
                    ],
                    [
                        [
                            [
                                120.78107566300002,
                                14.348013029000072
                            ],
                            [
                                120.7807469920001,
                                14.348395932000074
                            ],
                            [
                                120.78077030500003,
                                14.348411856000041
                            ],
                            [
                                120.78089252200004,
                                14.348495337000031
                            ],
                            [
                                120.78107566300002,
                                14.348013029000072
                            ]
                        ]
                    ]
                ]
            },
            "properties": {
                "Shape_Leng": 0.450627940095,
                "Shape_Area": 0.00594149952386,
                "ADM3_EN": "Naic",
                "ADM3_PCODE": "PH042115000",
                "ADM3_REF": null,
                "ADM3ALT1EN": null,
                "ADM3ALT2EN": null,
                "ADM2_EN": "Cavite",
                "ADM2_PCODE": "PH042100000",
                "ADM1_EN": "Region IV-A",
                "ADM1_PCODE": "PH040000000",
                "ADM0_EN": "Philippines (the)",
                "ADM0_PCODE": "PH",
                "date": "2016/06/15",
                "validOn": "2018/01/30"
            }
        },
        {
            "type": "Feature",
            "geometry": {
                "type": "Polygon",
                "coordinates": [
                    [
                        [
                            120.88503764000006,
                            14.454319051000027
                        ],
                        [
                            120.88664544300002,
                            14.415545056000042
                        ],
                        [
                            120.8767417150001,
                            14.421649351000042
                        ],
                        [
                            120.87119153300011,
                            14.431105058000071
                        ],
                        [
                            120.87118877600005,
                            14.431113111000059
                        ],
                        [
                            120.87117259900003,
                            14.431160367000075
                        ],
                        [
                            120.87844767800004,
                            14.456535049000024
                        ],
                        [
                            120.88503764000006,
                            14.454319051000027
                        ]
                    ]
                ]
            },
            "properties": {
                "Shape_Leng": 0.112853628796,
                "Shape_Area": 0.000432225979391,
                "ADM3_EN": "Noveleta",
                "ADM3_PCODE": "PH042116000",
                "ADM3_REF": null,
                "ADM3ALT1EN": null,
                "ADM3ALT2EN": null,
                "ADM2_EN": "Cavite",
                "ADM2_PCODE": "PH042100000",
                "ADM1_EN": "Region IV-A",
                "ADM1_PCODE": "PH040000000",
                "ADM0_EN": "Philippines (the)",
                "ADM0_PCODE": "PH",
                "date": "2016/06/15",
                "validOn": "2018/01/30"
            }
        },
        {
            "type": "Feature",
            "geometry": {
                "type": "Polygon",
                "coordinates": [
                    [
                        [
                            120.87119153300011,
                            14.431105058000071
                        ],
                        [
                            120.8767417150001,
                            14.421649351000042
                        ],
                        [
                            120.85953450900001,
                            14.400816333000023
                        ],
                        [
                            120.8454475740001,
                            14.409728414000028
                        ],
                        [
                            120.87119153300011,
                            14.431105058000071
                        ]
                    ]
                ]
            },
            "properties": {
                "Shape_Leng": 0.118915215822,
                "Shape_Area": 0.000670654819366,
                "ADM3_EN": "Rosario",
                "ADM3_PCODE": "PH042117000",
                "ADM3_REF": null,
                "ADM3ALT1EN": null,
                "ADM3ALT2EN": null,
                "ADM2_EN": "Cavite",
                "ADM2_PCODE": "PH042100000",
                "ADM1_EN": "Region IV-A",
                "ADM1_PCODE": "PH040000000",
                "ADM0_EN": "Philippines (the)",
                "ADM0_PCODE": "PH",
                "date": "2016/06/15",
                "validOn": "2018/01/30"
            }
        },
        {
            "type": "Feature",
            "geometry": {
                "type": "Polygon",
                "coordinates": [
                    [
                        [
                            121.00273528800005,
                            14.281673097000066
                        ],
                        [
                            121.04078197800004,
                            14.274356814000043
                        ],
                        [
                            121.05282869100006,
                            14.21626380400005
                        ],
                        [
                            121.031764898,
                            14.202937527000074
                        ],
                        [
                            121.0152808150001,
                            14.155680318000066
                        ],
                        [
                            120.95536727700005,
                            14.133938909000051
                        ],
                        [
                            120.95090184900005,
                            14.173839486000077
                        ],
                        [
                            120.94049078700004,
                            14.185344542000053
                        ],
                        [
                            120.93049755200002,
                            14.227111379000064
                        ],
                        [
                            120.92137731500009,
                            14.249725528000056
                        ],
                        [
                            120.93281301500008,
                            14.277397230000076
                        ],
                        [
                            120.94261351300008,
                            14.247359946000074
                        ],
                        [
                            120.96230171700006,
                            14.262588988000061
                        ],
                        [
                            120.99278960000004,
                            14.260771461000047
                        ],
                        [
                            120.99348689300007,
                            14.285427309000056
                        ],
                        [
                            121.00273528800005,
                            14.281673097000066
                        ]
                    ]
                ]
            },
            "properties": {
                "Shape_Leng": 0.632167207884,
                "Shape_Area": 0.0120150403803,
                "ADM3_EN": "Silang",
                "ADM3_PCODE": "PH042118000",
                "ADM3_REF": null,
                "ADM3ALT1EN": null,
                "ADM3ALT2EN": null,
                "ADM2_EN": "Cavite",
                "ADM2_PCODE": "PH042100000",
                "ADM1_EN": "Region IV-A",
                "ADM1_PCODE": "PH040000000",
                "ADM0_EN": "Philippines (the)",
                "ADM0_PCODE": "PH",
                "date": "2016/06/15",
                "validOn": "2018/01/30"
            }
        },
        {
            "type": "Feature",
            "geometry": {
                "type": "Polygon",
                "coordinates": [
                    [
                        [
                            120.89272050800002,
                            14.087613034000071
                        ],
                        [
                            120.88694342800011,
                            14.112165688000061
                        ],
                        [
                            120.92468976100008,
                            14.121085607000055
                        ],
                        [
                            120.92940405800005,
                            14.124512812000035
                        ],
                        [
                            120.95536727700005,
                            14.133938909000051
                        ],
                        [
                            121.0152808150001,
                            14.155680318000066
                        ],
                        [
                            121.02632882300009,
                            14.134585856000058
                        ],
                        [
                            121.00588658800007,
                            14.12166148800003
                        ],
                        [
                            120.98037532500007,
                            14.12008944300004
                        ],
                        [
                            120.96797163000008,
                            14.098633049000057
                        ],
                        [
                            120.90250537600002,
                            14.07679061400006
                        ],
                        [
                            120.89272050800002,
                            14.087613034000071
                        ]
                    ]
                ]
            },
            "properties": {
                "Shape_Leng": 0.386313725003,
                "Shape_Area": 0.00458605946243,
                "ADM3_EN": "Tagaytay City",
                "ADM3_PCODE": "PH042119000",
                "ADM3_REF": null,
                "ADM3ALT1EN": null,
                "ADM3ALT2EN": null,
                "ADM2_EN": "Cavite",
                "ADM2_PCODE": "PH042100000",
                "ADM1_EN": "Region IV-A",
                "ADM1_PCODE": "PH040000000",
                "ADM0_EN": "Philippines (the)",
                "ADM0_PCODE": "PH",
                "date": "2016/06/15",
                "validOn": "2018/01/30"
            }
        },
        {
            "type": "Feature",
            "geometry": {
                "type": "MultiPolygon",
                "coordinates": [
                    [
                        [
                            [
                                120.78030726400004,
                                14.348026584000024
                            ],
                            [
                                120.78013544800001,
                                14.347832235000055
                            ],
                            [
                                120.78008751200002,
                                14.348014259000024
                            ],
                            [
                                120.78013366900007,
                                14.348096720000058
                            ],
                            [
                                120.78030726400004,
                                14.348026584000024
                            ]
                        ]
                    ],
                    [
                        [
                            [
                                120.8454475740001,
                                14.409728414000028
                            ],
                            [
                                120.85953450900001,
                                14.400816333000023
                            ],
                            [
                                120.87432728200008,
                                14.383572989000072
                            ],
                            [
                                120.86817714900008,
                                14.321340120000059
                            ],
                            [
                                120.82168385200009,
                                14.283527832000061
                            ],
                            [
                                120.8153019670001,
                                14.289771703000042
                            ],
                            [
                                120.8118673670001,
                                14.334351143000049
                            ],
                            [
                                120.78140687500002,
                                14.346933978000038
                            ],
                            [
                                120.78107566300002,
                                14.348013029000072
                            ],
                            [
                                120.78089252200004,
                                14.348495337000031
                            ],
                            [
                                120.8354919300001,
                                14.394234022000035
                            ],
                            [
                                120.8454475740001,
                                14.409728414000028
                            ]
                        ]
                    ]
                ]
            },
            "properties": {
                "Shape_Leng": 0.427097722655,
                "Shape_Area": 0.00624543337295,
                "ADM3_EN": "Tanza",
                "ADM3_PCODE": "PH042120000",
                "ADM3_REF": null,
                "ADM3ALT1EN": null,
                "ADM3ALT2EN": null,
                "ADM2_EN": "Cavite",
                "ADM2_PCODE": "PH042100000",
                "ADM1_EN": "Region IV-A",
                "ADM1_PCODE": "PH040000000",
                "ADM0_EN": "Philippines (the)",
                "ADM0_PCODE": "PH",
                "date": "2016/06/15",
                "validOn": "2018/01/30"
            }
        },
        {
            "type": "Feature",
            "geometry": {
                "type": "Polygon",
                "coordinates": [
                    [
                        [
                            120.74281240200003,
                            14.298759740000037
                        ],
                        [
                            120.72583761800001,
                            14.278477146000057
                        ],
                        [
                            120.69309264800006,
                            14.25747117900005
                        ],
                        [
                            120.68268084400006,
                            14.240011062000065
                        ],
                        [
                            120.65110946800007,
                            14.225352963000034
                        ],
                        [
                            120.63575045700009,
                            14.229832675000068
                        ],
                        [
                            120.62451422000004,
                            14.254325908000055
                        ],
                        [
                            120.62428909400012,
                            14.266122653000025
                        ],
                        [
                            120.65639277200012,
                            14.278288906000057
                        ],
                        [
                            120.70387674000006,
                            14.284829968000054
                        ],
                        [
                            120.73144175100003,
                            14.31549583900005
                        ],
                        [
                            120.74281240200003,
                            14.298759740000037
                        ]
                    ]
                ]
            },
            "properties": {
                "Shape_Leng": 0.532711637178,
                "Shape_Area": 0.00389625471559,
                "ADM3_EN": "Ternate",
                "ADM3_PCODE": "PH042121000",
                "ADM3_REF": null,
                "ADM3ALT1EN": null,
                "ADM3ALT2EN": null,
                "ADM2_EN": "Cavite",
                "ADM2_PCODE": "PH042100000",
                "ADM1_EN": "Region IV-A",
                "ADM1_PCODE": "PH040000000",
                "ADM0_EN": "Philippines (the)",
                "ADM0_PCODE": "PH",
                "date": "2016/06/15",
                "validOn": "2018/01/30"
            }
        },
        {
            "type": "Feature",
            "geometry": {
                "type": "Polygon",
                "coordinates": [
                    [
                        [
                            120.90181092700004,
                            14.219693347000032
                        ],
                        [
                            120.89660446700009,
                            14.21808642600007
                        ],
                        [
                            120.88274324100007,
                            14.237408739000045
                        ],
                        [
                            120.86285398400003,
                            14.245360892000065
                        ],
                        [
                            120.85222389800003,
                            14.263536015000057
                        ],
                        [
                            120.82168385200009,
                            14.283527832000061
                        ],
                        [
                            120.86817714900008,
                            14.321340120000059
                        ],
                        [
                            120.88915456300003,
                            14.311007413000027
                        ],
                        [
                            120.90098170100009,
                            14.275170565000053
                        ],
                        [
                            120.90181092700004,
                            14.219693347000032
                        ]
                    ]
                ]
            },
            "properties": {
                "Shape_Leng": 0.369606192041,
                "Shape_Area": 0.0038659110812,
                "ADM3_EN": "Trece Martires City",
                "ADM3_PCODE": "PH042122000",
                "ADM3_REF": null,
                "ADM3ALT1EN": "Capital",
                "ADM3ALT2EN": null,
                "ADM2_EN": "Cavite",
                "ADM2_PCODE": "PH042100000",
                "ADM1_EN": "Region IV-A",
                "ADM1_PCODE": "PH040000000",
                "ADM0_EN": "Philippines (the)",
                "ADM0_PCODE": "PH",
                "date": "2016/06/15",
                "validOn": "2018/01/30"
            }
        },
        {
            "type": "Feature",
            "geometry": {
                "type": "Polygon",
                "coordinates": [
                    [
                        [
                            121.0387721620001,
                            14.324763627000038
                        ],
                        [
                            121.01163520500006,
                            14.299568150000027
                        ],
                        [
                            121.00273528800005,
                            14.281673097000066
                        ],
                        [
                            120.99348689300007,
                            14.285427309000056
                        ],
                        [
                            121.00794291700004,
                            14.317447151000067
                        ],
                        [
                            121.0387721620001,
                            14.324763627000038
                        ]
                    ]
                ]
            },
            "properties": {
                "Shape_Leng": 0.184232936525,
                "Shape_Area": 0.000730616000307,
                "ADM3_EN": "Gen. Mariano Alvarez",
                "ADM3_PCODE": "PH042123000",
                "ADM3_REF": null,
                "ADM3ALT1EN": null,
                "ADM3ALT2EN": null,
                "ADM2_EN": "Cavite",
                "ADM2_PCODE": "PH042100000",
                "ADM1_EN": "Region IV-A",
                "ADM1_PCODE": "PH040000000",
                "ADM0_EN": "Philippines (the)",
                "ADM0_PCODE": "PH",
                "date": "2016/06/15",
                "validOn": "2018/01/30"
            }
        },
        {
            "type": "Feature",
            "geometry": {
                "type": "Polygon",
                "coordinates": [
                    [
                        [
                            121.23926711500008,
                            13.990509283000051
                        ],
                        [
                            121.20995377400004,
                            14.086984826000048
                        ],
                        [
                            121.2194397400001,
                            14.082322071000021
                        ],
                        [
                            121.2774341810001,
                            14.090425320000065
                        ],
                        [
                            121.2892865340001,
                            14.054677441000024
                        ],
                        [
                            121.23926711500008,
                            13.990509283000051
                        ]
                    ]
                ]
            },
            "properties": {
                "Shape_Leng": 0.3899401919,
                "Shape_Area": 0.00499127135722,
                "ADM3_EN": "Alaminos",
                "ADM3_PCODE": "PH043401000",
                "ADM3_REF": null,
                "ADM3ALT1EN": null,
                "ADM3ALT2EN": null,
                "ADM2_EN": "Laguna",
                "ADM2_PCODE": "PH043400000",
                "ADM1_EN": "Region IV-A",
                "ADM1_PCODE": "PH040000000",
                "ADM0_EN": "Philippines (the)",
                "ADM0_PCODE": "PH",
                "date": "2016/06/15",
                "validOn": "2018/01/30"
            }
        },
        {
            "type": "Feature",
            "geometry": {
                "type": "Polygon",
                "coordinates": [
                    [
                        [
                            121.29251348800005,
                            14.197097202000066
                        ],
                        [
                            121.29300129300009,
                            14.14931813100003
                        ],
                        [
                            121.2194397400001,
                            14.082322071000021
                        ],
                        [
                            121.20995377400004,
                            14.086984826000048
                        ],
                        [
                            121.20556391600007,
                            14.109612394000067
                        ],
                        [
                            121.26314130800006,
                            14.155092871000022
                        ],
                        [
                            121.25989280700003,
                            14.190693207000038
                        ],
                        [
                            121.29251348800005,
                            14.197097202000066
                        ]
                    ]
                ]
            },
            "properties": {
                "Shape_Leng": 0.392814583208,
                "Shape_Area": 0.00321291126546,
                "ADM3_EN": "Bay",
                "ADM3_PCODE": "PH043402000",
                "ADM3_REF": null,
                "ADM3ALT1EN": null,
                "ADM3ALT2EN": null,
                "ADM2_EN": "Laguna",
                "ADM2_PCODE": "PH043400000",
                "ADM1_EN": "Region IV-A",
                "ADM1_PCODE": "PH040000000",
                "ADM0_EN": "Philippines (the)",
                "ADM0_PCODE": "PH",
                "date": "2016/06/15",
                "validOn": "2018/01/30"
            }
        },
        {
            "type": "Feature",
            "geometry": {
                "type": "Polygon",
                "coordinates": [
                    [
                        [
                            121.09983031200011,
                            14.336565695000047
                        ],
                        [
                            121.05425063200005,
                            14.256435864000025
                        ],
                        [
                            121.03989793100004,
                            14.331816687000071
                        ],
                        [
                            121.07649749100005,
                            14.360835636000047
                        ],
                        [
                            121.09983031200011,
                            14.336565695000047
                        ]
                    ]
                ]
            },
            "properties": {
                "Shape_Leng": 0.44096176706,
                "Shape_Area": 0.00314877580386,
                "ADM3_EN": "City of Bi\u00f1an",
                "ADM3_PCODE": "PH043403000",
                "ADM3_REF": "City of Binan",
                "ADM3ALT1EN": null,
                "ADM3ALT2EN": null,
                "ADM2_EN": "Laguna",
                "ADM2_PCODE": "PH043400000",
                "ADM1_EN": "Region IV-A",
                "ADM1_PCODE": "PH040000000",
                "ADM0_EN": "Philippines (the)",
                "ADM0_PCODE": "PH",
                "date": "2016/06/15",
                "validOn": "2018/01/30"
            }
        },
        {
            "type": "Feature",
            "geometry": {
                "type": "Polygon",
                "coordinates": [
                    [
                        [
                            121.17483710200008,
                            14.238016397000024
                        ],
                        [
                            121.11661598700005,
                            14.237684537000064
                        ],
                        [
                            121.05637191500011,
                            14.209098527000037
                        ],
                        [
                            121.02636499300002,
                            14.157402716000036
                        ],
                        [
                            121.05282869100006,
                            14.21626380400005
                        ],
                        [
                            121.10976099700008,
                            14.240730476000067
                        ],
                        [
                            121.13056747300004,
                            14.298400536000031
                        ],
                        [
                            121.17483710200008,
                            14.238016397000024
                        ]
                    ]
                ]
            },
            "properties": {
                "Shape_Leng": 0.609831126321,
                "Shape_Area": 0.00396707717637,
                "ADM3_EN": "Cabuyao City",
                "ADM3_PCODE": "PH043404000",
                "ADM3_REF": null,
                "ADM3ALT1EN": null,
                "ADM3ALT2EN": null,
                "ADM2_EN": "Laguna",
                "ADM2_PCODE": "PH043400000",
                "ADM1_EN": "Region IV-A",
                "ADM1_PCODE": "PH040000000",
                "ADM0_EN": "Philippines (the)",
                "ADM0_PCODE": "PH",
                "date": "2016/06/15",
                "validOn": "2018/01/30"
            }
        },
        {
            "type": "Feature",
            "geometry": {
                "type": "Polygon",
                "coordinates": [
                    [
                        [
                            121.20572193500004,
                            14.186960463000048
                        ],
                        [
                            121.1713093940001,
                            14.139534322000031
                        ],
                        [
                            121.02636499300002,
                            14.157402716000036
                        ],
                        [
                            121.05637191500011,
                            14.209098527000037
                        ],
                        [
                            121.11661598700005,
                            14.237684537000064
                        ],
                        [
                            121.17483710200008,
                            14.238016397000024
                        ],
                        [
                            121.20572193500004,
                            14.186960463000048
                        ]
                    ]
                ]
            },
            "properties": {
                "Shape_Leng": 0.580894248831,
                "Shape_Area": 0.0116650608516,
                "ADM3_EN": "City of Calamba",
                "ADM3_PCODE": "PH043405000",
                "ADM3_REF": null,
                "ADM3ALT1EN": null,
                "ADM3ALT2EN": null,
                "ADM2_EN": "Laguna",
                "ADM2_PCODE": "PH043400000",
                "ADM1_EN": "Region IV-A",
                "ADM1_PCODE": "PH040000000",
                "ADM0_EN": "Philippines (the)",
                "ADM0_PCODE": "PH",
                "date": "2016/06/15",
                "validOn": "2018/01/30"
            }
        },
        {
            "type": "Feature",
            "geometry": {
                "type": "Polygon",
                "coordinates": [
                    [
                        [
                            121.29986836000012,
                            14.201107752000041
                        ],
                        [
                            121.3473163000001,
                            14.183158821000063
                        ],
                        [
                            121.34516506300008,
                            14.144926295000062
                        ],
                        [
                            121.2774341810001,
                            14.090425320000065
                        ],
                        [
                            121.2194397400001,
                            14.082322071000021
                        ],
                        [
                            121.29300129300009,
                            14.14931813100003
                        ],
                        [
                            121.29251348800005,
                            14.197097202000066
                        ],
                        [
                            121.29986836000012,
                            14.201107752000041
                        ]
                    ]
                ]
            },
            "properties": {
                "Shape_Leng": 0.509336131649,
                "Shape_Area": 0.00627544885692,
                "ADM3_EN": "Calauan",
                "ADM3_PCODE": "PH043406000",
                "ADM3_REF": null,
                "ADM3ALT1EN": null,
                "ADM3ALT2EN": null,
                "ADM2_EN": "Laguna",
                "ADM2_PCODE": "PH043400000",
                "ADM1_EN": "Region IV-A",
                "ADM1_PCODE": "PH040000000",
                "ADM0_EN": "Philippines (the)",
                "ADM0_PCODE": "PH",
                "date": "2016/06/15",
                "validOn": "2018/01/30"
            }
        },
        {
            "type": "Feature",
            "geometry": {
                "type": "Polygon",
                "coordinates": [
                    [
                        [
                            121.54405434600005,
                            14.291384168000036
                        ],
                        [
                            121.5840356860001,
                            14.267844964000062
                        ],
                        [
                            121.6240100980001,
                            14.292617072000041
                        ],
                        [
                            121.63412066400008,
                            14.267710321000038
                        ],
                        [
                            121.5899512520001,
                            14.199159350000059
                        ],
                        [
                            121.47816078800008,
                            14.221267222000051
                        ],
                        [
                            121.47405839800001,
                            14.265717572000028
                        ],
                        [
                            121.50337971400006,
                            14.288320998000074
                        ],
                        [
                            121.54405434600005,
                            14.291384168000036
                        ]
                    ]
                ]
            },
            "properties": {
                "Shape_Leng": 0.696113471038,
                "Shape_Area": 0.00971925712469,
                "ADM3_EN": "Cavinti",
                "ADM3_PCODE": "PH043407000",
                "ADM3_REF": null,
                "ADM3ALT1EN": null,
                "ADM3ALT2EN": null,
                "ADM2_EN": "Laguna",
                "ADM2_PCODE": "PH043400000",
                "ADM1_EN": "Region IV-A",
                "ADM1_PCODE": "PH040000000",
                "ADM0_EN": "Philippines (the)",
                "ADM0_PCODE": "PH",
                "date": "2016/06/15",
                "validOn": "2018/01/30"
            }
        },
        {
            "type": "Feature",
            "geometry": {
                "type": "Polygon",
                "coordinates": [
                    [
                        [
                            121.43412495300004,
                            14.426390470000058
                        ],
                        [
                            121.43059290600002,
                            14.452992531000064
                        ],
                        [
                            121.46162778500002,
                            14.472801786000048
                        ],
                        [
                            121.47764384700008,
                            14.528002485000059
                        ],
                        [
                            121.49757488600005,
                            14.493596515000036
                        ],
                        [
                            121.43412495300004,
                            14.426390470000058
                        ]
                    ]
                ]
            },
            "properties": {
                "Shape_Leng": 0.355684693249,
                "Shape_Area": 0.00280097609278,
                "ADM3_EN": "Famy",
                "ADM3_PCODE": "PH043408000",
                "ADM3_REF": null,
                "ADM3ALT1EN": null,
                "ADM3ALT2EN": null,
                "ADM2_EN": "Laguna",
                "ADM2_PCODE": "PH043400000",
                "ADM1_EN": "Region IV-A",
                "ADM1_PCODE": "PH040000000",
                "ADM0_EN": "Philippines (the)",
                "ADM0_PCODE": "PH",
                "date": "2016/06/15",
                "validOn": "2018/01/30"
            }
        },
        {
            "type": "Feature",
            "geometry": {
                "type": "Polygon",
                "coordinates": [
                    [
                        [
                            121.58534580100002,
                            14.357021670000051
                        ],
                        [
                            121.59369341600006,
                            14.33445456100003
                        ],
                        [
                            121.55012376900004,
                            14.300539379000043
                        ],
                        [
                            121.53458218700007,
                            14.304587782000056
                        ],
                        [
                            121.46904969800005,
                            14.319885568000075
                        ],
                        [
                            121.47923246800008,
                            14.351257862000068
                        ],
                        [
                            121.58534580100002,
                            14.357021670000051
                        ]
                    ]
                ]
            },
            "properties": {
                "Shape_Leng": 0.494214803372,
                "Shape_Area": 0.00448954011687,
                "ADM3_EN": "Kalayaan",
                "ADM3_PCODE": "PH043409000",
                "ADM3_REF": null,
                "ADM3ALT1EN": null,
                "ADM3ALT2EN": null,
                "ADM2_EN": "Laguna",
                "ADM2_PCODE": "PH043400000",
                "ADM1_EN": "Region IV-A",
                "ADM1_PCODE": "PH040000000",
                "ADM0_EN": "Philippines (the)",
                "ADM0_PCODE": "PH",
                "date": "2016/06/15",
                "validOn": "2018/01/30"
            }
        },
        {
            "type": "Feature",
            "geometry": {
                "type": "Polygon",
                "coordinates": [
                    [
                        [
                            121.43863580100003,
                            14.166218939000032
                        ],
                        [
                            121.49208853200003,
                            14.07325804800007
                        ],
                        [
                            121.48317533400007,
                            14.068661724000037
                        ],
                        [
                            121.42271448500003,
                            14.136379842000053
                        ],
                        [
                            121.41459870400001,
                            14.175399406000054
                        ],
                        [
                            121.37044934800008,
                            14.19296205300003
                        ],
                        [
                            121.38740690200007,
                            14.218007693000061
                        ],
                        [
                            121.40390503800006,
                            14.219768061000025
                        ],
                        [
                            121.43863580100003,
                            14.166218939000032
                        ]
                    ]
                ]
            },
            "properties": {
                "Shape_Leng": 0.476119519515,
                "Shape_Area": 0.00358664008007,
                "ADM3_EN": "Liliw",
                "ADM3_PCODE": "PH043410000",
                "ADM3_REF": null,
                "ADM3ALT1EN": null,
                "ADM3ALT2EN": null,
                "ADM2_EN": "Laguna",
                "ADM2_PCODE": "PH043400000",
                "ADM1_EN": "Region IV-A",
                "ADM1_PCODE": "PH040000000",
                "ADM0_EN": "Philippines (the)",
                "ADM0_PCODE": "PH",
                "date": "2016/06/15",
                "validOn": "2018/01/30"
            }
        },
        {
            "type": "Feature",
            "geometry": {
                "type": "Polygon",
                "coordinates": [
                    [
                        [
                            121.25989280700003,
                            14.190693207000038
                        ],
                        [
                            121.26314130800006,
                            14.155092871000022
                        ],
                        [
                            121.20556391600007,
                            14.109612394000067
                        ],
                        [
                            121.1713093940001,
                            14.139534322000031
                        ],
                        [
                            121.20572193500004,
                            14.186960463000048
                        ],
                        [
                            121.25989280700003,
                            14.190693207000038
                        ]
                    ]
                ]
            },
            "properties": {
                "Shape_Leng": 0.334643515063,
                "Shape_Area": 0.00465016553155,
                "ADM3_EN": "Los Ba\u00f1os",
                "ADM3_PCODE": "PH043411000",
                "ADM3_REF": "Los Banos",
                "ADM3ALT1EN": null,
                "ADM3ALT2EN": null,
                "ADM2_EN": "Laguna",
                "ADM2_PCODE": "PH043400000",
                "ADM1_EN": "Region IV-A",
                "ADM1_PCODE": "PH040000000",
                "ADM0_EN": "Philippines (the)",
                "ADM0_PCODE": "PH",
                "date": "2016/06/15",
                "validOn": "2018/01/30"
            }
        },
        {
            "type": "Feature",
            "geometry": {
                "type": "Polygon",
                "coordinates": [
                    [
                        [
                            121.47816078800008,
                            14.221267222000051
                        ],
                        [
                            121.5899512520001,
                            14.199159350000059
                        ],
                        [
                            121.51465348200009,
                            14.149341407000065
                        ],
                        [
                            121.46636609400002,
                            14.194994231000067
                        ],
                        [
                            121.46271332300012,
                            14.222578534000036
                        ],
                        [
                            121.47816078800008,
                            14.221267222000051
                        ]
                    ]
                ]
            },
            "properties": {
                "Shape_Leng": 0.451760664113,
                "Shape_Area": 0.0062775601472,
                "ADM3_EN": "Luisiana",
                "ADM3_PCODE": "PH043412000",
                "ADM3_REF": null,
                "ADM3ALT1EN": null,
                "ADM3ALT2EN": null,
                "ADM2_EN": "Laguna",
                "ADM2_PCODE": "PH043400000",
                "ADM1_EN": "Region IV-A",
                "ADM1_PCODE": "PH040000000",
                "ADM0_EN": "Philippines (the)",
                "ADM0_PCODE": "PH",
                "date": "2016/06/15",
                "validOn": "2018/01/30"
            }
        },
        {
            "type": "Feature",
            "geometry": {
                "type": "MultiPolygon",
                "coordinates": [
                    [
                        [
                            [
                                121.6240100980001,
                                14.292617072000041
                            ],
                            [
                                121.5840356860001,
                                14.267844964000062
                            ],
                            [
                                121.54405434600005,
                                14.291384168000036
                            ],
                            [
                                121.55012376900004,
                                14.300539379000043
                            ],
                            [
                                121.59369341600006,
                                14.33445456100003
                            ],
                            [
                                121.6240100980001,
                                14.292617072000041
                            ]
                        ]
                    ],
                    [
                        [
                            [
                                121.46904969800005,
                                14.319885568000075
                            ],
                            [
                                121.53458218700007,
                                14.304587782000056
                            ],
                            [
                                121.50337971400006,
                                14.288320998000074
                            ],
                            [
                                121.47405839800001,
                                14.265717572000028
                            ],
                            [
                                121.42893060800009,
                                14.276652343000023
                            ],
                            [
                                121.42966543400007,
                                14.292195821000064
                            ],
                            [
                                121.46904969800005,
                                14.319885568000075
                            ]
                        ]
                    ]
                ]
            },
            "properties": {
                "Shape_Leng": 1.3853476122,
                "Shape_Area": 0.00696807113141,
                "ADM3_EN": "Lumban",
                "ADM3_PCODE": "PH043413000",
                "ADM3_REF": null,
                "ADM3ALT1EN": null,
                "ADM3ALT2EN": null,
                "ADM2_EN": "Laguna",
                "ADM2_PCODE": "PH043400000",
                "ADM1_EN": "Region IV-A",
                "ADM1_PCODE": "PH040000000",
                "ADM0_EN": "Philippines (the)",
                "ADM0_PCODE": "PH",
                "date": "2016/06/15",
                "validOn": "2018/01/30"
            }
        },
        {
            "type": "Feature",
            "geometry": {
                "type": "Polygon",
                "coordinates": [
                    [
                        [
                            121.43059290600002,
                            14.452992531000064
                        ],
                        [
                            121.43412495300004,
                            14.426390470000058
                        ],
                        [
                            121.44128021300003,
                            14.396980874000064
                        ],
                        [
                            121.41039049200003,
                            14.392758052000033
                        ],
                        [
                            121.39214138600005,
                            14.398560149000048
                        ],
                        [
                            121.3666336340001,
                            14.407342356000072
                        ],
                        [
                            121.37619811400009,
                            14.46422466200005
                        ],
                        [
                            121.43059290600002,
                            14.452992531000064
                        ]
                    ]
                ]
            },
            "properties": {
                "Shape_Leng": 0.38114318502,
                "Shape_Area": 0.00399594846952,
                "ADM3_EN": "Mabitac",
                "ADM3_PCODE": "PH043414000",
                "ADM3_REF": null,
                "ADM3ALT1EN": null,
                "ADM3ALT2EN": null,
                "ADM2_EN": "Laguna",
                "ADM2_PCODE": "PH043400000",
                "ADM1_EN": "Region IV-A",
                "ADM1_PCODE": "PH040000000",
                "ADM0_EN": "Philippines (the)",
                "ADM0_PCODE": "PH",
                "date": "2016/06/15",
                "validOn": "2018/01/30"
            }
        },
        {
            "type": "Feature",
            "geometry": {
                "type": "Polygon",
                "coordinates": [
                    [
                        [
                            121.46271332300012,
                            14.222578534000036
                        ],
                        [
                            121.46636609400002,
                            14.194994231000067
                        ],
                        [
                            121.43863580100003,
                            14.166218939000032
                        ],
                        [
                            121.40390503800006,
                            14.219768061000025
                        ],
                        [
                            121.41102453700012,
                            14.226951626000073
                        ],
                        [
                            121.46271332300012,
                            14.222578534000036
                        ]
                    ]
                ]
            },
            "properties": {
                "Shape_Leng": 0.263047548549,
                "Shape_Area": 0.00273191431015,
                "ADM3_EN": "Magdalena",
                "ADM3_PCODE": "PH043415000",
                "ADM3_REF": null,
                "ADM3ALT1EN": null,
                "ADM3ALT2EN": null,
                "ADM2_EN": "Laguna",
                "ADM2_PCODE": "PH043400000",
                "ADM1_EN": "Region IV-A",
                "ADM1_PCODE": "PH040000000",
                "ADM0_EN": "Philippines (the)",
                "ADM0_PCODE": "PH",
                "date": "2016/06/15",
                "validOn": "2018/01/30"
            }
        },
        {
            "type": "Feature",
            "geometry": {
                "type": "Polygon",
                "coordinates": [
                    [
                        [
                            121.51465348200009,
                            14.149341407000065
                        ],
                        [
                            121.49208853200003,
                            14.07325804800007
                        ],
                        [
                            121.43863580100003,
                            14.166218939000032
                        ],
                        [
                            121.46636609400002,
                            14.194994231000067
                        ],
                        [
                            121.51465348200009,
                            14.149341407000065
                        ]
                    ]
                ]
            },
            "properties": {
                "Shape_Leng": 0.337543668726,
                "Shape_Area": 0.00504447079546,
                "ADM3_EN": "Majayjay",
                "ADM3_PCODE": "PH043416000",
                "ADM3_REF": null,
                "ADM3ALT1EN": null,
                "ADM3ALT2EN": null,
                "ADM2_EN": "Laguna",
                "ADM2_PCODE": "PH043400000",
                "ADM1_EN": "Region IV-A",
                "ADM1_PCODE": "PH040000000",
                "ADM0_EN": "Philippines (the)",
                "ADM0_PCODE": "PH",
                "date": "2016/06/15",
                "validOn": "2018/01/30"
            }
        },
        {
            "type": "Feature",
            "geometry": {
                "type": "Polygon",
                "coordinates": [
                    [
                        [
                            121.48317533400007,
                            14.068661724000037
                        ],
                        [
                            121.43924250100008,
                            14.062935025000058
                        ],
                        [
                            121.41974175400003,
                            14.102105613000049
                        ],
                        [
                            121.36933033800005,
                            14.120669836000047
                        ],
                        [
                            121.3654112910001,
                            14.121597764000057
                        ],
                        [
                            121.34516506300008,
                            14.144926295000062
                        ],
                        [
                            121.3473163000001,
                            14.183158821000063
                        ],
                        [
                            121.37044934800008,
                            14.19296205300003
                        ],
                        [
                            121.41459870400001,
                            14.175399406000054
                        ],
                        [
                            121.42271448500003,
                            14.136379842000053
                        ],
                        [
                            121.48317533400007,
                            14.068661724000037
                        ]
                    ]
                ]
            },
            "properties": {
                "Shape_Leng": 0.503006701092,
                "Shape_Area": 0.00631572820587,
                "ADM3_EN": "Nagcarlan",
                "ADM3_PCODE": "PH043417000",
                "ADM3_REF": null,
                "ADM3ALT1EN": null,
                "ADM3ALT2EN": null,
                "ADM2_EN": "Laguna",
                "ADM2_PCODE": "PH043400000",
                "ADM1_EN": "Region IV-A",
                "ADM1_PCODE": "PH040000000",
                "ADM0_EN": "Philippines (the)",
                "ADM0_PCODE": "PH",
                "date": "2016/06/15",
                "validOn": "2018/01/30"
            }
        },
        {
            "type": "Feature",
            "geometry": {
                "type": "Polygon",
                "coordinates": [
                    [
                        [
                            121.560608537,
                            14.412860440000031
                        ],
                        [
                            121.58534580100002,
                            14.357021670000051
                        ],
                        [
                            121.47923246800008,
                            14.351257862000068
                        ],
                        [
                            121.473905994,
                            14.370641410000076
                        ],
                        [
                            121.560608537,
                            14.412860440000031
                        ]
                    ]
                ]
            },
            "properties": {
                "Shape_Leng": 0.29799327001,
                "Shape_Area": 0.00406134111056,
                "ADM3_EN": "Paete",
                "ADM3_PCODE": "PH043418000",
                "ADM3_REF": null,
                "ADM3ALT1EN": null,
                "ADM3ALT2EN": null,
                "ADM2_EN": "Laguna",
                "ADM2_PCODE": "PH043400000",
                "ADM1_EN": "Region IV-A",
                "ADM1_PCODE": "PH040000000",
                "ADM0_EN": "Philippines (the)",
                "ADM0_PCODE": "PH",
                "date": "2016/06/15",
                "validOn": "2018/01/30"
            }
        },
        {
            "type": "Feature",
            "geometry": {
                "type": "Polygon",
                "coordinates": [
                    [
                        [
                            121.47405839800001,
                            14.265717572000028
                        ],
                        [
                            121.47816078800008,
                            14.221267222000051
                        ],
                        [
                            121.46271332300012,
                            14.222578534000036
                        ],
                        [
                            121.41102453700012,
                            14.226951626000073
                        ],
                        [
                            121.42893060800009,
                            14.276652343000023
                        ],
                        [
                            121.47405839800001,
                            14.265717572000028
                        ]
                    ]
                ]
            },
            "properties": {
                "Shape_Leng": 0.266081349032,
                "Shape_Area": 0.00236190301719,
                "ADM3_EN": "Pagsanjan",
                "ADM3_PCODE": "PH043419000",
                "ADM3_REF": null,
                "ADM3ALT1EN": null,
                "ADM3ALT2EN": null,
                "ADM2_EN": "Laguna",
                "ADM2_PCODE": "PH043400000",
                "ADM1_EN": "Region IV-A",
                "ADM1_PCODE": "PH040000000",
                "ADM0_EN": "Philippines (the)",
                "ADM0_PCODE": "PH",
                "date": "2016/06/15",
                "validOn": "2018/01/30"
            }
        },
        {
            "type": "Feature",
            "geometry": {
                "type": "MultiPolygon",
                "coordinates": [
                    [
                        [
                            [
                                121.40976652300003,
                                14.378432535000059
                            ],
                            [
                                121.3666336340001,
                                14.407342356000072
                            ],
                            [
                                121.39214138600005,
                                14.398560149000048
                            ],
                            [
                                121.40976652300003,
                                14.378432535000059
                            ]
                        ]
                    ],
                    [
                        [
                            [
                                121.55265448800003,
                                14.425036912000053
                            ],
                            [
                                121.560608537,
                                14.412860440000031
                            ],
                            [
                                121.473905994,
                                14.370641410000076
                            ],
                            [
                                121.46334550600011,
                                14.385192033000067
                            ],
                            [
                                121.55265448800003,
                                14.425036912000053
                            ]
                        ]
                    ]
                ]
            },
            "properties": {
                "Shape_Leng": 0.48683031692,
                "Shape_Area": 0.00397762146797,
                "ADM3_EN": "Pakil",
                "ADM3_PCODE": "PH043420000",
                "ADM3_REF": null,
                "ADM3ALT1EN": null,
                "ADM3ALT2EN": null,
                "ADM2_EN": "Laguna",
                "ADM2_PCODE": "PH043400000",
                "ADM1_EN": "Region IV-A",
                "ADM1_PCODE": "PH040000000",
                "ADM0_EN": "Philippines (the)",
                "ADM0_PCODE": "PH",
                "date": "2016/06/15",
                "validOn": "2018/01/30"
            }
        },
        {
            "type": "Feature",
            "geometry": {
                "type": "MultiPolygon",
                "coordinates": [
                    [
                        [
                            [
                                121.41039049200003,
                                14.392758052000033
                            ],
                            [
                                121.40976652300003,
                                14.378432535000059
                            ],
                            [
                                121.39214138600005,
                                14.398560149000048
                            ],
                            [
                                121.41039049200003,
                                14.392758052000033
                            ]
                        ]
                    ],
                    [
                        [
                            [
                                121.55265448800003,
                                14.425036912000053
                            ],
                            [
                                121.46334550600011,
                                14.385192033000067
                            ],
                            [
                                121.4473501330001,
                                14.396733357000073
                            ],
                            [
                                121.52409879000004,
                                14.469167303000063
                            ],
                            [
                                121.55265448800003,
                                14.425036912000053
                            ]
                        ]
                    ]
                ]
            },
            "properties": {
                "Shape_Leng": 0.449678333367,
                "Shape_Area": 0.00420539377586,
                "ADM3_EN": "Pangil",
                "ADM3_PCODE": "PH043421000",
                "ADM3_REF": null,
                "ADM3ALT1EN": null,
                "ADM3ALT2EN": null,
                "ADM2_EN": "Laguna",
                "ADM2_PCODE": "PH043400000",
                "ADM1_EN": "Region IV-A",
                "ADM1_PCODE": "PH040000000",
                "ADM0_EN": "Philippines (the)",
                "ADM0_PCODE": "PH",
                "date": "2016/06/15",
                "validOn": "2018/01/30"
            }
        },
        {
            "type": "Feature",
            "geometry": {
                "type": "Polygon",
                "coordinates": [
                    [
                        [
                            121.36718774000008,
                            14.267649941000059
                        ],
                        [
                            121.38740690200007,
                            14.218007693000061
                        ],
                        [
                            121.37044934800008,
                            14.19296205300003
                        ],
                        [
                            121.33751262200008,
                            14.240287944000045
                        ],
                        [
                            121.36718774000008,
                            14.267649941000059
                        ]
                    ]
                ]
            },
            "properties": {
                "Shape_Leng": 0.214048830781,
                "Shape_Area": 0.00214654218098,
                "ADM3_EN": "Pila",
                "ADM3_PCODE": "PH043422000",
                "ADM3_REF": null,
                "ADM3ALT1EN": null,
                "ADM3ALT2EN": null,
                "ADM2_EN": "Laguna",
                "ADM2_PCODE": "PH043400000",
                "ADM1_EN": "Region IV-A",
                "ADM1_PCODE": "PH040000000",
                "ADM0_EN": "Philippines (the)",
                "ADM0_PCODE": "PH",
                "date": "2016/06/15",
                "validOn": "2018/01/30"
            }
        },
        {
            "type": "Feature",
            "geometry": {
                "type": "Polygon",
                "coordinates": [
                    [
                        [
                            121.43924250100008,
                            14.062935025000058
                        ],
                        [
                            121.43090350800003,
                            14.063428043000044
                        ],
                        [
                            121.37991612400003,
                            14.101542640000048
                        ],
                        [
                            121.38045066400002,
                            14.105170317000045
                        ],
                        [
                            121.37082052700009,
                            14.114939029000027
                        ],
                        [
                            121.37035686800004,
                            14.115891016000035
                        ],
                        [
                            121.36956627400002,
                            14.118781114000058
                        ],
                        [
                            121.36933033800005,
                            14.120669836000047
                        ],
                        [
                            121.41974175400003,
                            14.102105613000049
                        ],
                        [
                            121.43924250100008,
                            14.062935025000058
                        ]
                    ]
                ]
            },
            "properties": {
                "Shape_Leng": 0.228936626386,
                "Shape_Area": 0.00194849644768,
                "ADM3_EN": "Rizal",
                "ADM3_PCODE": "PH043423000",
                "ADM3_REF": null,
                "ADM3ALT1EN": null,
                "ADM3ALT2EN": null,
                "ADM2_EN": "Laguna",
                "ADM2_PCODE": "PH043400000",
                "ADM1_EN": "Region IV-A",
                "ADM1_PCODE": "PH040000000",
                "ADM0_EN": "Philippines (the)",
                "ADM0_PCODE": "PH",
                "date": "2016/06/15",
                "validOn": "2018/01/30"
            }
        },
        {
            "type": "Feature",
            "geometry": {
                "type": "Polygon",
                "coordinates": [
                    [
                        [
                            121.3654112910001,
                            14.121597764000057
                        ],
                        [
                            121.36956627400002,
                            14.118781114000058
                        ],
                        [
                            121.37035686800004,
                            14.115891016000035
                        ],
                        [
                            121.37082052700009,
                            14.114939029000027
                        ],
                        [
                            121.38045066400002,
                            14.105170317000045
                        ],
                        [
                            121.37991612400003,
                            14.101542640000048
                        ],
                        [
                            121.43090350800003,
                            14.063428043000044
                        ],
                        [
                            121.3293513110001,
                            13.985808889000054
                        ],
                        [
                            121.24647366500005,
                            13.963490883000077
                        ],
                        [
                            121.23926711500008,
                            13.990509283000051
                        ],
                        [
                            121.2892865340001,
                            14.054677441000024
                        ],
                        [
                            121.2774341810001,
                            14.090425320000065
                        ],
                        [
                            121.34516506300008,
                            14.144926295000062
                        ],
                        [
                            121.3654112910001,
                            14.121597764000057
                        ]
                    ]
                ]
            },
            "properties": {
                "Shape_Leng": 0.766399161866,
                "Shape_Area": 0.0155927359989,
                "ADM3_EN": "San Pablo City",
                "ADM3_PCODE": "PH043424000",
                "ADM3_REF": null,
                "ADM3ALT1EN": null,
                "ADM3ALT2EN": null,
                "ADM2_EN": "Laguna",
                "ADM2_PCODE": "PH043400000",
                "ADM1_EN": "Region IV-A",
                "ADM1_PCODE": "PH040000000",
                "ADM0_EN": "Philippines (the)",
                "ADM0_PCODE": "PH",
                "date": "2016/06/15",
                "validOn": "2018/01/30"
            }
        },
        {
            "type": "Feature",
            "geometry": null,
            "properties": {
                "Shape_Leng": 0.249973448403,
                "Shape_Area": 0.00201587138646,
                "ADM3_EN": "City of San Pedro",
                "ADM3_PCODE": "PH043425000",
                "ADM3_REF": null,
                "ADM3ALT1EN": null,
                "ADM3ALT2EN": null,
                "ADM2_EN": "Laguna",
                "ADM2_PCODE": "PH043400000",
                "ADM1_EN": "Region IV-A",
                "ADM1_PCODE": "PH040000000",
                "ADM0_EN": "Philippines (the)",
                "ADM0_PCODE": "PH",
                "date": "2016/06/15",
                "validOn": "2018/01/30"
            }
        },
        {
            "type": "Feature",
            "geometry": {
                "type": "Polygon",
                "coordinates": [
                    [
                        [
                            121.42966543400007,
                            14.292195821000064
                        ],
                        [
                            121.42893060800009,
                            14.276652343000023
                        ],
                        [
                            121.41102453700012,
                            14.226951626000073
                        ],
                        [
                            121.40390503800006,
                            14.219768061000025
                        ],
                        [
                            121.38740690200007,
                            14.218007693000061
                        ],
                        [
                            121.36718774000008,
                            14.267649941000059
                        ],
                        [
                            121.42966543400007,
                            14.292195821000064
                        ]
                    ]
                ]
            },
            "properties": {
                "Shape_Leng": 0.294914285695,
                "Shape_Area": 0.00311682030784,
                "ADM3_EN": "Santa Cruz",
                "ADM3_PCODE": "PH043426000",
                "ADM3_REF": null,
                "ADM3ALT1EN": "Capital",
                "ADM3ALT2EN": null,
                "ADM2_EN": "Laguna",
                "ADM2_PCODE": "PH043400000",
                "ADM1_EN": "Region IV-A",
                "ADM1_PCODE": "PH040000000",
                "ADM0_EN": "Philippines (the)",
                "ADM0_PCODE": "PH",
                "date": "2016/06/15",
                "validOn": "2018/01/30"
            }
        },
        {
            "type": "Feature",
            "geometry": {
                "type": "Polygon",
                "coordinates": [
                    [
                        [
                            121.4811586080001,
                            14.535665168000037
                        ],
                        [
                            121.47764384700008,
                            14.528002485000059
                        ],
                        [
                            121.46162778500002,
                            14.472801786000048
                        ],
                        [
                            121.43059290600002,
                            14.452992531000064
                        ],
                        [
                            121.37619811400009,
                            14.46422466200005
                        ],
                        [
                            121.38110691500003,
                            14.531527832000052
                        ],
                        [
                            121.44938626100009,
                            14.56961988200004
                        ],
                        [
                            121.4811586080001,
                            14.535665168000037
                        ]
                    ]
                ]
            },
            "properties": {
                "Shape_Leng": 0.525753983996,
                "Shape_Area": 0.00913547083031,
                "ADM3_EN": "Santa Maria",
                "ADM3_PCODE": "PH043427000",
                "ADM3_REF": null,
                "ADM3ALT1EN": null,
                "ADM3ALT2EN": null,
                "ADM2_EN": "Laguna",
                "ADM2_PCODE": "PH043400000",
                "ADM1_EN": "Region IV-A",
                "ADM1_PCODE": "PH040000000",
                "ADM0_EN": "Philippines (the)",
                "ADM0_PCODE": "PH",
                "date": "2016/06/15",
                "validOn": "2018/01/30"
            }
        },
        {
            "type": "Feature",
            "geometry": {
                "type": "Polygon",
                "coordinates": [
                    [
                        [
                            121.13056747300004,
                            14.298400536000031
                        ],
                        [
                            121.10976099700008,
                            14.240730476000067
                        ],
                        [
                            121.05282869100006,
                            14.21626380400005
                        ],
                        [
                            121.05425063200005,
                            14.256435864000025
                        ],
                        [
                            121.09983031200011,
                            14.336565695000047
                        ],
                        [
                            121.13056747300004,
                            14.298400536000031
                        ]
                    ]
                ]
            },
            "properties": {
                "Shape_Leng": 0.421696369726,
                "Shape_Area": 0.00470491873878,
                "ADM3_EN": "City of Santa Rosa",
                "ADM3_PCODE": "PH043428000",
                "ADM3_REF": null,
                "ADM3ALT1EN": null,
                "ADM3ALT2EN": null,
                "ADM2_EN": "Laguna",
                "ADM2_PCODE": "PH043400000",
                "ADM1_EN": "Region IV-A",
                "ADM1_PCODE": "PH040000000",
                "ADM0_EN": "Philippines (the)",
                "ADM0_PCODE": "PH",
                "date": "2016/06/15",
                "validOn": "2018/01/30"
            }
        },
        {
            "type": "Feature",
            "geometry": {
                "type": "Polygon",
                "coordinates": [
                    [
                        [
                            121.52409879000004,
                            14.469167303000063
                        ],
                        [
                            121.4473501330001,
                            14.396733357000073
                        ],
                        [
                            121.44128021300003,
                            14.396980874000064
                        ],
                        [
                            121.43412495300004,
                            14.426390470000058
                        ],
                        [
                            121.49757488600005,
                            14.493596515000036
                        ],
                        [
                            121.47764384700008,
                            14.528002485000059
                        ],
                        [
                            121.4811586080001,
                            14.535665168000037
                        ],
                        [
                            121.52956397300011,
                            14.53286397200003
                        ],
                        [
                            121.52409879000004,
                            14.469167303000063
                        ]
                    ]
                ]
            },
            "properties": {
                "Shape_Leng": 0.521014712372,
                "Shape_Area": 0.00457196843985,
                "ADM3_EN": "Siniloan",
                "ADM3_PCODE": "PH043429000",
                "ADM3_REF": null,
                "ADM3ALT1EN": null,
                "ADM3ALT2EN": null,
                "ADM2_EN": "Laguna",
                "ADM2_PCODE": "PH043400000",
                "ADM1_EN": "Region IV-A",
                "ADM1_PCODE": "PH040000000",
                "ADM0_EN": "Philippines (the)",
                "ADM0_PCODE": "PH",
                "date": "2016/06/15",
                "validOn": "2018/01/30"
            }
        },
        {
            "type": "Feature",
            "geometry": {
                "type": "Polygon",
                "coordinates": [
                    [
                        [
                            121.33751262200008,
                            14.240287944000045
                        ],
                        [
                            121.37044934800008,
                            14.19296205300003
                        ],
                        [
                            121.3473163000001,
                            14.183158821000063
                        ],
                        [
                            121.29986836000012,
                            14.201107752000041
                        ],
                        [
                            121.33751262200008,
                            14.240287944000045
                        ]
                    ]
                ]
            },
            "properties": {
                "Shape_Leng": 0.252262704093,
                "Shape_Area": 0.00245088195748,
                "ADM3_EN": "Victoria",
                "ADM3_PCODE": "PH043430000",
                "ADM3_REF": null,
                "ADM3ALT1EN": null,
                "ADM3ALT2EN": null,
                "ADM2_EN": "Laguna",
                "ADM2_PCODE": "PH043400000",
                "ADM1_EN": "Region IV-A",
                "ADM1_PCODE": "PH040000000",
                "ADM0_EN": "Philippines (the)",
                "ADM0_PCODE": "PH",
                "date": "2016/06/15",
                "validOn": "2018/01/30"
            }
        },
        {
            "type": "Feature",
            "geometry": {
                "type": "MultiPolygon",
                "coordinates": [
                    [
                        [
                            [
                                121.94898570500004,
                                13.851297208000062
                            ],
                            [
                                121.94889023600001,
                                13.851020687000073
                            ],
                            [
                                121.94873607400007,
                                13.851527278000049
                            ],
                            [
                                121.94890565800006,
                                13.851504222000074
                            ],
                            [
                                121.94898570500004,
                                13.851297208000062
                            ]
                        ]
                    ],
                    [
                        [
                            [
                                121.9486850940001,
                                13.851599521000026
                            ],
                            [
                                121.92836450200002,
                                13.850634332000027
                            ],
                            [
                                121.89046050900004,
                                13.862574023000036
                            ],
                            [
                                121.88881026100012,
                                13.87823701700006
                            ],
                            [
                                121.90817604400002,
                                13.886060311000051
                            ],
                            [
                                121.90709214600008,
                                13.909323221000022
                            ],
                            [
                                121.9197626890001,
                                13.92348381000005
                            ],
                            [
                                121.94201369900009,
                                13.917526572000043
                            ],
                            [
                                121.9487582050001,
                                13.90857068400004
                            ],
                            [
                                121.94167107600003,
                                13.886329171000057
                            ],
                            [
                                121.9486850940001,
                                13.851599521000026
                            ]
                        ]
                    ]
                ]
            },
            "properties": {
                "Shape_Leng": 0.31451577185,
                "Shape_Area": 0.00297588136359,
                "ADM3_EN": "Agdangan",
                "ADM3_PCODE": "PH045601000",
                "ADM3_REF": null,
                "ADM3ALT1EN": null,
                "ADM3ALT2EN": null,
                "ADM2_EN": "Quezon",
                "ADM2_PCODE": "PH045600000",
                "ADM1_EN": "Region IV-A",
                "ADM1_PCODE": "PH040000000",
                "ADM0_EN": "Philippines (the)",
                "ADM0_PCODE": "PH",
                "date": "2016/06/15",
                "validOn": "2018/01/30"
            }
        },
        {
            "type": "Feature",
            "geometry": {
                "type": "Polygon",
                "coordinates": [
                    [
                        [
                            121.98755080500007,
                            14.184751946000063
                        ],
                        [
                            121.98759123400009,
                            14.18473593300007
                        ],
                        [
                            122.02156097000011,
                            14.152981259000057
                        ],
                        [
                            122.06424122700002,
                            14.127041314000053
                        ],
                        [
                            122.05866842500006,
                            14.121762216000036
                        ],
                        [
                            122.07772358200009,
                            14.071484527000052
                        ],
                        [
                            122.07315443200002,
                            14.060598890000051
                        ],
                        [
                            122.07307308100008,
                            14.06047265500007
                        ],
                        [
                            122.07199061800009,
                            14.058168710000075
                        ],
                        [
                            122.05636937500003,
                            14.06667703000005
                        ],
                        [
                            122.03809213400007,
                            14.089898591000065
                        ],
                        [
                            121.9942166190001,
                            14.105742861000067
                        ],
                        [
                            121.97461881800007,
                            14.122781505000034
                        ],
                        [
                            122.00350862900007,
                            14.146893917000057
                        ],
                        [
                            121.98732315500001,
                            14.184869560000038
                        ],
                        [
                            121.98755080500007,
                            14.184751946000063
                        ]
                    ]
                ]
            },
            "properties": {
                "Shape_Leng": 0.507091659133,
                "Shape_Area": 0.00505674382038,
                "ADM3_EN": "Alabat",
                "ADM3_PCODE": "PH045602000",
                "ADM3_REF": null,
                "ADM3ALT1EN": null,
                "ADM3ALT2EN": null,
                "ADM2_EN": "Quezon",
                "ADM2_PCODE": "PH045600000",
                "ADM1_EN": "Region IV-A",
                "ADM1_PCODE": "PH040000000",
                "ADM0_EN": "Philippines (the)",
                "ADM0_PCODE": "PH",
                "date": "2016/06/15",
                "validOn": "2018/01/30"
            }
        },
        {
            "type": "Feature",
            "geometry": {
                "type": "Polygon",
                "coordinates": [
                    [
                        [
                            121.98927759500009,
                            13.977468980000026
                        ],
                        [
                            121.98537082900009,
                            13.964723426000035
                        ],
                        [
                            122.00060498900007,
                            13.947068885000022
                        ],
                        [
                            121.99414355700003,
                            13.937114735000023
                        ],
                        [
                            122.0140547520001,
                            13.915391040000031
                        ],
                        [
                            122.0399468920001,
                            13.91420942800005
                        ],
                        [
                            122.02960651,
                            13.897467604000042
                        ],
                        [
                            122.00377590200003,
                            13.912808093000024
                        ],
                        [
                            121.97566718100006,
                            13.908232550000037
                        ],
                        [
                            121.94201369900009,
                            13.917526572000043
                        ],
                        [
                            121.9197626890001,
                            13.92348381000005
                        ],
                        [
                            121.90028437,
                            13.929538739000066
                        ],
                        [
                            121.87140393200002,
                            13.922366130000057
                        ],
                        [
                            121.85511118600004,
                            13.959179188000064
                        ],
                        [
                            121.81970356200009,
                            13.988250443000027
                        ],
                        [
                            121.79233931700003,
                            14.00830643200004
                        ],
                        [
                            121.74018860000001,
                            14.055376050000064
                        ],
                        [
                            121.74190521000003,
                            14.056684970000049
                        ],
                        [
                            121.80612397300001,
                            14.048523415000034
                        ],
                        [
                            121.82567703200004,
                            14.060358534000045
                        ],
                        [
                            121.83228877500005,
                            14.078139540000052
                        ],
                        [
                            121.84668060400008,
                            14.072705909000035
                        ],
                        [
                            121.88330458200005,
                            14.041591311000047
                        ],
                        [
                            121.907282871,
                            14.011075431000052
                        ],
                        [
                            121.94551379000006,
                            13.988508341000056
                        ],
                        [
                            121.98927759500009,
                            13.977468980000026
                        ]
                    ]
                ]
            },
            "properties": {
                "Shape_Leng": 0.978096523913,
                "Shape_Area": 0.0185132465018,
                "ADM3_EN": "Atimonan",
                "ADM3_PCODE": "PH045603000",
                "ADM3_REF": null,
                "ADM3ALT1EN": null,
                "ADM3ALT2EN": null,
                "ADM2_EN": "Quezon",
                "ADM2_PCODE": "PH045600000",
                "ADM1_EN": "Region IV-A",
                "ADM1_PCODE": "PH040000000",
                "ADM0_EN": "Philippines (the)",
                "ADM0_PCODE": "PH",
                "date": "2016/06/15",
                "validOn": "2018/01/30"
            }
        },
        {
            "type": "Feature",
            "geometry": {
                "type": "Polygon",
                "coordinates": [
                    [
                        [
                            122.5099840470001,
                            13.768092543000023
                        ],
                        [
                            122.5103630640001,
                            13.767645594000044
                        ],
                        [
                            122.51056327700007,
                            13.76745832000006
                        ],
                        [
                            122.5183272910001,
                            13.73432417500004
                        ],
                        [
                            122.49347367000007,
                            13.734055333000072
                        ],
                        [
                            122.48081352300005,
                            13.71599090500007
                        ],
                        [
                            122.48059177300001,
                            13.69939443900006
                        ],
                        [
                            122.50115191800012,
                            13.671363657000029
                        ],
                        [
                            122.50115157500011,
                            13.671354750000035
                        ],
                        [
                            122.50120651200007,
                            13.67107356300005
                        ],
                        [
                            122.48070285300003,
                            13.667638857000043
                        ],
                        [
                            122.46041540700003,
                            13.677917040000068
                        ],
                        [
                            122.45347031800009,
                            13.693294562000062
                        ],
                        [
                            122.43701000400006,
                            13.697030683000037
                        ],
                        [
                            122.41499266700009,
                            13.688576389000048
                        ],
                        [
                            122.4003048730001,
                            13.660564538000074
                        ],
                        [
                            122.38880133400005,
                            13.686605158000077
                        ],
                        [
                            122.36459273300011,
                            13.718106762000048
                        ],
                        [
                            122.3682881420001,
                            13.73596475200003
                        ],
                        [
                            122.35997673500003,
                            13.75167594800007
                        ],
                        [
                            122.36897294500011,
                            13.775393232000056
                        ],
                        [
                            122.39408512400007,
                            13.79358064400003
                        ],
                        [
                            122.39459851600009,
                            13.816908215000069
                        ],
                        [
                            122.4288671060001,
                            13.799994970000057
                        ],
                        [
                            122.44320631000005,
                            13.801875110000026
                        ],
                        [
                            122.4776244200001,
                            13.781554700000072
                        ],
                        [
                            122.48816683000007,
                            13.766596164000077
                        ],
                        [
                            122.5099840470001,
                            13.768092543000023
                        ]
                    ]
                ]
            },
            "properties": {
                "Shape_Leng": 0.737583400002,
                "Shape_Area": 0.0143193469019,
                "ADM3_EN": "Buenavista",
                "ADM3_PCODE": "PH045605000",
                "ADM3_REF": null,
                "ADM3ALT1EN": null,
                "ADM3ALT2EN": null,
                "ADM2_EN": "Quezon",
                "ADM2_PCODE": "PH045600000",
                "ADM1_EN": "Region IV-A",
                "ADM1_PCODE": "PH040000000",
                "ADM0_EN": "Philippines (the)",
                "ADM0_PCODE": "PH",
                "date": "2016/06/15",
                "validOn": "2018/01/30"
            }
        },
        {
            "type": "Feature",
            "geometry": {
                "type": "MultiPolygon",
                "coordinates": [
                    [
                        [
                            [
                                122.02330063200009,
                                14.878453083000068
                            ],
                            [
                                122.06322906600008,
                                14.863304086000028
                            ],
                            [
                                122.04629403900003,
                                14.841632891000074
                            ],
                            [
                                122.02643373800004,
                                14.845248315000049
                            ],
                            [
                                122.01384395600007,
                                14.874321898000062
                            ],
                            [
                                122.02330063200009,
                                14.878453083000068
                            ]
                        ]
                    ],
                    [
                        [
                            [
                                122.02334991200007,
                                14.785022371000025
                            ],
                            [
                                121.99198066300005,
                                14.780223670000055
                            ],
                            [
                                121.96072369700005,
                                14.781479783000066
                            ],
                            [
                                121.91605549100007,
                                14.839830833000065
                            ],
                            [
                                121.9199094390001,
                                14.904371056000059
                            ],
                            [
                                121.92253128900006,
                                14.944445316000042
                            ],
                            [
                                121.93945001400004,
                                14.96874675600003
                            ],
                            [
                                121.93954857800009,
                                15.025081175000025
                            ],
                            [
                                121.94665304000011,
                                15.043452866000052
                            ],
                            [
                                121.9433035400001,
                                15.050996740000073
                            ],
                            [
                                121.94300114400005,
                                15.051386103000027
                            ],
                            [
                                121.94286346800004,
                                15.051567826000053
                            ],
                            [
                                121.9428148610001,
                                15.051802525000028
                            ],
                            [
                                121.94276815500007,
                                15.052028041000028
                            ],
                            [
                                121.94274237000002,
                                15.052152540000066
                            ],
                            [
                                121.95529340700011,
                                15.057591237000054
                            ],
                            [
                                121.9975558320001,
                                15.04428848300006
                            ],
                            [
                                122.04784374300004,
                                15.003661774000022
                            ],
                            [
                                122.03132190200006,
                                14.99173023800006
                            ],
                            [
                                122.00739686600002,
                                14.986142413000039
                            ],
                            [
                                121.99126919100001,
                                14.957719172000054
                            ],
                            [
                                122.01141202400004,
                                14.951311142000066
                            ],
                            [
                                122.02023830200005,
                                14.919766184000025
                            ],
                            [
                                121.99235064100003,
                                14.91387291500007
                            ],
                            [
                                121.96573109100007,
                                14.900207688000023
                            ],
                            [
                                121.96773025300001,
                                14.867880761000038
                            ],
                            [
                                121.9884088440001,
                                14.836694712000053
                            ],
                            [
                                122.00788478200002,
                                14.826831036000044
                            ],
                            [
                                122.02342901400004,
                                14.808491812000057
                            ],
                            [
                                122.02334991200007,
                                14.785022371000025
                            ]
                        ]
                    ]
                ]
            },
            "properties": {
                "Shape_Leng": 2.24620564126,
                "Shape_Area": 0.0222620455161,
                "ADM3_EN": "Burdeos",
                "ADM3_PCODE": "PH045606000",
                "ADM3_REF": null,
                "ADM3ALT1EN": null,
                "ADM3ALT2EN": null,
                "ADM2_EN": "Quezon",
                "ADM2_PCODE": "PH045600000",
                "ADM1_EN": "Region IV-A",
                "ADM1_PCODE": "PH040000000",
                "ADM0_EN": "Philippines (the)",
                "ADM0_PCODE": "PH",
                "date": "2016/06/15",
                "validOn": "2018/01/30"
            }
        },
        {
            "type": "Feature",
            "geometry": {
                "type": "Polygon",
                "coordinates": [
                    [
                        [
                            122.38376856000002,
                            14.066641330000039
                        ],
                        [
                            122.35872746000007,
                            14.045398240000054
                        ],
                        [
                            122.35322745200006,
                            14.010249066000029
                        ],
                        [
                            122.3420730470001,
                            14.006002907000038
                        ],
                        [
                            122.34554429600007,
                            13.983544847000076
                        ],
                        [
                            122.36356508400002,
                            13.95192479900004
                        ],
                        [
                            122.39220582500002,
                            13.914257084000042
                        ],
                        [
                            122.39046151100001,
                            13.903254024000034
                        ],
                        [
                            122.32075637200012,
                            13.898040844000036
                        ],
                        [
                            122.26867128600009,
                            13.926231151000025
                        ],
                        [
                            122.26045325100006,
                            13.946824610000021
                        ],
                        [
                            122.22016635600005,
                            13.971850988000028
                        ],
                        [
                            122.20467944100005,
                            13.983354331000044
                        ],
                        [
                            122.20057448300008,
                            13.98959295000003
                        ],
                        [
                            122.18276956400007,
                            13.984435279000024
                        ],
                        [
                            122.19573073100003,
                            13.996285628000066
                        ],
                        [
                            122.20504918000006,
                            13.984237474000054
                        ],
                        [
                            122.21807636000005,
                            13.978179090000026
                        ],
                        [
                            122.23155963400006,
                            13.978273434000073
                        ],
                        [
                            122.25042680700005,
                            13.969497359000059
                        ],
                        [
                            122.26466833200004,
                            13.970000924000033
                        ],
                        [
                            122.28295730400009,
                            13.95783362700007
                        ],
                        [
                            122.30660944800002,
                            13.972539852000068
                        ],
                        [
                            122.2934708250001,
                            13.991616277000048
                        ],
                        [
                            122.30817487000002,
                            14.011441863000073
                        ],
                        [
                            122.28541947400004,
                            14.022700017000034
                        ],
                        [
                            122.27286371900004,
                            14.03923153900007
                        ],
                        [
                            122.22778587900007,
                            14.077123481000058
                        ],
                        [
                            122.19174247600006,
                            14.094318461000057
                        ],
                        [
                            122.16460668500008,
                            14.14070551900005
                        ],
                        [
                            122.1894496750001,
                            14.139014141000075
                        ],
                        [
                            122.18417059500007,
                            14.164707776000057
                        ],
                        [
                            122.20832913600009,
                            14.183806354000069
                        ],
                        [
                            122.25109638300012,
                            14.202730970000061
                        ],
                        [
                            122.24807506200011,
                            14.236203036000063
                        ],
                        [
                            122.27184120200002,
                            14.245823545000064
                        ],
                        [
                            122.27138694700011,
                            14.207236551000051
                        ],
                        [
                            122.25998968200008,
                            14.173952432000021
                        ],
                        [
                            122.2732287660001,
                            14.162783313000034
                        ],
                        [
                            122.26603416300009,
                            14.14925727800005
                        ],
                        [
                            122.26736044000006,
                            14.124973338000075
                        ],
                        [
                            122.28989877200002,
                            14.12143556600006
                        ],
                        [
                            122.31148847400004,
                            14.131091327000036
                        ],
                        [
                            122.3080357230001,
                            14.100043253000024
                        ],
                        [
                            122.29877357100008,
                            14.072661698000047
                        ],
                        [
                            122.32626999400009,
                            14.062704842000073
                        ],
                        [
                            122.38376856000002,
                            14.066641330000039
                        ]
                    ]
                ]
            },
            "properties": {
                "Shape_Leng": 2.14779815021,
                "Shape_Area": 0.026152702529,
                "ADM3_EN": "Calauag",
                "ADM3_PCODE": "PH045607000",
                "ADM3_REF": null,
                "ADM3ALT1EN": null,
                "ADM3ALT2EN": null,
                "ADM2_EN": "Quezon",
                "ADM2_PCODE": "PH045600000",
                "ADM1_EN": "Region IV-A",
                "ADM1_PCODE": "PH040000000",
                "ADM0_EN": "Philippines (the)",
                "ADM0_PCODE": "PH",
                "date": "2016/06/15",
                "validOn": "2018/01/30"
            }
        },
        {
            "type": "Feature",
            "geometry": {
                "type": "Polygon",
                "coordinates": [
                    [
                        [
                            121.47859448800011,
                            14.064792674000046
                        ],
                        [
                            121.47868212900005,
                            14.06108342400006
                        ],
                        [
                            121.46843026900001,
                            13.995028511000044
                        ],
                        [
                            121.45917102700002,
                            13.984178150000048
                        ],
                        [
                            121.46647282800006,
                            13.960459741000022
                        ],
                        [
                            121.45581955600005,
                            13.896684933000074
                        ],
                        [
                            121.44398598700002,
                            13.887014016000023
                        ],
                        [
                            121.44161425200002,
                            13.859514170000068
                        ],
                        [
                            121.42720971500012,
                            13.838078787000029
                        ],
                        [
                            121.39811067200003,
                            13.845612200000062
                        ],
                        [
                            121.39636026500011,
                            13.855445344000032
                        ],
                        [
                            121.369948055,
                            13.901719100000037
                        ],
                        [
                            121.3836678020001,
                            13.939571090000072
                        ],
                        [
                            121.40066449000005,
                            13.973196815000051
                        ],
                        [
                            121.4394186620001,
                            13.992536888000075
                        ],
                        [
                            121.44685065800002,
                            14.02120330300005
                        ],
                        [
                            121.457502384,
                            14.030383681000046
                        ],
                        [
                            121.44859950600005,
                            14.064706856000043
                        ],
                        [
                            121.47859448800011,
                            14.064792674000046
                        ]
                    ]
                ]
            },
            "properties": {
                "Shape_Leng": 0.670760783201,
                "Shape_Area": 0.0114380460484,
                "ADM3_EN": "Candelaria",
                "ADM3_PCODE": "PH045608000",
                "ADM3_REF": null,
                "ADM3ALT1EN": null,
                "ADM3ALT2EN": null,
                "ADM2_EN": "Quezon",
                "ADM2_PCODE": "PH045600000",
                "ADM1_EN": "Region IV-A",
                "ADM1_PCODE": "PH040000000",
                "ADM0_EN": "Philippines (the)",
                "ADM0_PCODE": "PH",
                "date": "2016/06/15",
                "validOn": "2018/01/30"
            }
        },
        {
            "type": "Feature",
            "geometry": {
                "type": "Polygon",
                "coordinates": [
                    [
                        [
                            122.4003048730001,
                            13.660564538000074
                        ],
                        [
                            122.40372301600007,
                            13.651040740000042
                        ],
                        [
                            122.39600480800004,
                            13.618436485000075
                        ],
                        [
                            122.37532609300001,
                            13.592987840000035
                        ],
                        [
                            122.38282134600001,
                            13.57391848800006
                        ],
                        [
                            122.36623832200007,
                            13.548256811000044
                        ],
                        [
                            122.35233919300003,
                            13.547473634000028
                        ],
                        [
                            122.32925061700007,
                            13.563895321000075
                        ],
                        [
                            122.3379441830001,
                            13.574104104000071
                        ],
                        [
                            122.32175913100002,
                            13.590393050000046
                        ],
                        [
                            122.29462543000011,
                            13.592770057000052
                        ],
                        [
                            122.26652884100008,
                            13.606635018000077
                        ],
                        [
                            122.22760816000005,
                            13.599936552000031
                        ],
                        [
                            122.20757719200003,
                            13.602519683000025
                        ],
                        [
                            122.20072189100006,
                            13.633390392000024
                        ],
                        [
                            122.20088894100002,
                            13.633194754000044
                        ],
                        [
                            122.20090347400003,
                            13.633189711000057
                        ],
                        [
                            122.20098057400003,
                            13.63316295900006
                        ],
                        [
                            122.20117263200007,
                            13.63311783100005
                        ],
                        [
                            122.23608733600008,
                            13.640650496000035
                        ],
                        [
                            122.23330245300008,
                            13.65981425800004
                        ],
                        [
                            122.24818750000009,
                            13.685463140000024
                        ],
                        [
                            122.27938466700004,
                            13.701394648000075
                        ],
                        [
                            122.30087028300011,
                            13.729351789000077
                        ],
                        [
                            122.36459273300011,
                            13.718106762000048
                        ],
                        [
                            122.38880133400005,
                            13.686605158000077
                        ],
                        [
                            122.4003048730001,
                            13.660564538000074
                        ]
                    ]
                ]
            },
            "properties": {
                "Shape_Leng": 0.920147737181,
                "Shape_Area": 0.0211640405641,
                "ADM3_EN": "Catanauan",
                "ADM3_PCODE": "PH045610000",
                "ADM3_REF": null,
                "ADM3ALT1EN": null,
                "ADM3ALT2EN": null,
                "ADM2_EN": "Quezon",
                "ADM2_PCODE": "PH045600000",
                "ADM1_EN": "Region IV-A",
                "ADM1_PCODE": "PH040000000",
                "ADM0_EN": "Philippines (the)",
                "ADM0_PCODE": "PH",
                "date": "2016/06/15",
                "validOn": "2018/01/30"
            }
        },
        {
            "type": "Feature",
            "geometry": {
                "type": "Polygon",
                "coordinates": [
                    [
                        [
                            121.40066449000005,
                            13.973196815000051
                        ],
                        [
                            121.34944853000002,
                            13.987899814000059
                        ],
                        [
                            121.34016482200002,
                            14.003546805000042
                        ],
                        [
                            121.39274855000008,
                            14.033691928000053
                        ],
                        [
                            121.42443541600005,
                            14.047909082000047
                        ],
                        [
                            121.43090350800003,
                            14.063428043000044
                        ],
                        [
                            121.44859950600005,
                            14.064706856000043
                        ],
                        [
                            121.457502384,
                            14.030383681000046
                        ],
                        [
                            121.44685065800002,
                            14.02120330300005
                        ],
                        [
                            121.4394186620001,
                            13.992536888000075
                        ],
                        [
                            121.40066449000005,
                            13.973196815000051
                        ]
                    ]
                ]
            },
            "properties": {
                "Shape_Leng": 0.357394070131,
                "Shape_Area": 0.00551939935034,
                "ADM3_EN": "Dolores",
                "ADM3_PCODE": "PH045615000",
                "ADM3_REF": null,
                "ADM3ALT1EN": null,
                "ADM3ALT2EN": null,
                "ADM2_EN": "Quezon",
                "ADM2_PCODE": "PH045600000",
                "ADM1_EN": "Region IV-A",
                "ADM1_PCODE": "PH040000000",
                "ADM0_EN": "Philippines (the)",
                "ADM0_PCODE": "PH",
                "date": "2016/06/15",
                "validOn": "2018/01/30"
            }
        },
        {
            "type": "Feature",
            "geometry": {
                "type": "Polygon",
                "coordinates": [
                    [
                        [
                            122.27495242000009,
                            13.74842049700004
                        ],
                        [
                            122.30087028300011,
                            13.729351789000077
                        ],
                        [
                            122.27938466700004,
                            13.701394648000075
                        ],
                        [
                            122.24818750000009,
                            13.685463140000024
                        ],
                        [
                            122.23330245300008,
                            13.65981425800004
                        ],
                        [
                            122.23608733600008,
                            13.640650496000035
                        ],
                        [
                            122.20117263200007,
                            13.63311783100005
                        ],
                        [
                            122.19533914100009,
                            13.647957316000031
                        ],
                        [
                            122.17430450400002,
                            13.669460971000035
                        ],
                        [
                            122.15305796400003,
                            13.714943190000042
                        ],
                        [
                            122.17064776200004,
                            13.725888588000032
                        ],
                        [
                            122.18032023800004,
                            13.718495713000038
                        ],
                        [
                            122.2337800580001,
                            13.732695731000035
                        ],
                        [
                            122.24617737500012,
                            13.745195194000075
                        ],
                        [
                            122.27495242000009,
                            13.74842049700004
                        ]
                    ]
                ]
            },
            "properties": {
                "Shape_Leng": 0.606658159829,
                "Shape_Area": 0.00836102355413,
                "ADM3_EN": "General Luna",
                "ADM3_PCODE": "PH045616000",
                "ADM3_REF": null,
                "ADM3ALT1EN": null,
                "ADM3ALT2EN": null,
                "ADM2_EN": "Quezon",
                "ADM2_PCODE": "PH045600000",
                "ADM1_EN": "Region IV-A",
                "ADM1_PCODE": "PH040000000",
                "ADM0_EN": "Philippines (the)",
                "ADM0_PCODE": "PH",
                "date": "2016/06/15",
                "validOn": "2018/01/30"
            }
        },
        {
            "type": "Feature",
            "geometry": {
                "type": "Polygon",
                "coordinates": [
                    [
                        [
                            121.65509275700003,
                            14.776835620000043
                        ],
                        [
                            121.628939048,
                            14.747918713000047
                        ],
                        [
                            121.60978803800003,
                            14.746638727000061
                        ],
                        [
                            121.5995973580001,
                            14.711954663000029
                        ],
                        [
                            121.585920396,
                            14.699529186000063
                        ],
                        [
                            121.564487331,
                            14.699572537000051
                        ],
                        [
                            121.52727209900002,
                            14.691335572000071
                        ],
                        [
                            121.51717698000004,
                            14.680572304000066
                        ],
                        [
                            121.49460805500007,
                            14.617915974000027
                        ],
                        [
                            121.46679153600007,
                            14.61483105900004
                        ],
                        [
                            121.45200518700005,
                            14.595771359000025
                        ],
                        [
                            121.43953569400003,
                            14.603987708000034
                        ],
                        [
                            121.44173702300009,
                            14.62248246400003
                        ],
                        [
                            121.41579713500005,
                            14.627965106000033
                        ],
                        [
                            121.40486651800006,
                            14.63926604900007
                        ],
                        [
                            121.4108207590001,
                            14.667812216000073
                        ],
                        [
                            121.40480679900008,
                            14.690213882000023
                        ],
                        [
                            121.38062866200005,
                            14.695232352000062
                        ],
                        [
                            121.35387583300007,
                            14.722557836000021
                        ],
                        [
                            121.33743612900003,
                            14.727966391000052
                        ],
                        [
                            121.34179742200001,
                            14.747120400000028
                        ],
                        [
                            121.32897826900012,
                            14.788200564000022
                        ],
                        [
                            121.33550040000011,
                            14.800851961000035
                        ],
                        [
                            121.33035662500004,
                            14.834802543000023
                        ],
                        [
                            121.34011224500011,
                            14.886441354000056
                        ],
                        [
                            121.33820501900004,
                            14.947222596000074
                        ],
                        [
                            121.34785653300003,
                            14.996370968000065
                        ],
                        [
                            121.35710532600001,
                            15.011749193000071
                        ],
                        [
                            121.35137018900002,
                            15.035906006000062
                        ],
                        [
                            121.36131628900011,
                            15.073161476000053
                        ],
                        [
                            121.37647404400002,
                            15.08051352900003
                        ],
                        [
                            121.37400455200009,
                            15.095887405000042
                        ],
                        [
                            121.3946038150001,
                            15.105961485000023
                        ],
                        [
                            121.40341882900009,
                            15.151331872000071
                        ],
                        [
                            121.39618145500003,
                            15.162714643000072
                        ],
                        [
                            121.40809682500003,
                            15.18293699800006
                        ],
                        [
                            121.40222658300002,
                            15.195523378000075
                        ],
                        [
                            121.4171205020001,
                            15.216888696000069
                        ],
                        [
                            121.44803852100006,
                            15.196346930000061
                        ],
                        [
                            121.46253959600006,
                            15.20075498400007
                        ],
                        [
                            121.48093849800011,
                            15.180228622000072
                        ],
                        [
                            121.48208764700007,
                            15.161830551000037
                        ],
                        [
                            121.49504063600011,
                            15.136151041000062
                        ],
                        [
                            121.49449537100008,
                            15.104047127000058
                        ],
                        [
                            121.49972819400011,
                            15.072824396000044
                        ],
                        [
                            121.51743571600002,
                            15.03882709800007
                        ],
                        [
                            121.52707271000008,
                            15.034892623000076
                        ],
                        [
                            121.5466605040001,
                            15.004197357000066
                        ],
                        [
                            121.54846263000002,
                            14.990863452000042
                        ],
                        [
                            121.56678846200009,
                            14.966509539000072
                        ],
                        [
                            121.5816605760001,
                            14.890369400000054
                        ],
                        [
                            121.61164176700004,
                            14.855757702000062
                        ],
                        [
                            121.60210874300003,
                            14.827585130000045
                        ],
                        [
                            121.6241528160001,
                            14.792968250000058
                        ],
                        [
                            121.65509275700003,
                            14.776835620000043
                        ]
                    ]
                ]
            },
            "properties": {
                "Shape_Leng": 1.97840010787,
                "Shape_Area": 0.111029827799,
                "ADM3_EN": "General Nakar",
                "ADM3_PCODE": "PH045617000",
                "ADM3_REF": null,
                "ADM3ALT1EN": null,
                "ADM3ALT2EN": null,
                "ADM2_EN": "Quezon",
                "ADM2_PCODE": "PH045600000",
                "ADM1_EN": "Region IV-A",
                "ADM1_PCODE": "PH040000000",
                "ADM0_EN": "Philippines (the)",
                "ADM0_PCODE": "PH",
                "date": "2016/06/15",
                "validOn": "2018/01/30"
            }
        },
        {
            "type": "Feature",
            "geometry": {
                "type": "Polygon",
                "coordinates": [
                    [
                        [
                            122.42633569700001,
                            14.107850184000029
                        ],
                        [
                            122.43918759900009,
                            14.07196915000003
                        ],
                        [
                            122.42737125200006,
                            14.038637210000047
                        ],
                        [
                            122.41091132200006,
                            14.036969071000044
                        ],
                        [
                            122.39890611500005,
                            14.048569574000055
                        ],
                        [
                            122.3805856350001,
                            14.047715664000066
                        ],
                        [
                            122.37889612900005,
                            14.019892672000026
                        ],
                        [
                            122.37070199900006,
                            14.008418036000023
                        ],
                        [
                            122.37655894600005,
                            13.983134281000048
                        ],
                        [
                            122.39775358800011,
                            13.978553409000028
                        ],
                        [
                            122.41417496800011,
                            13.962553123000077
                        ],
                        [
                            122.42148935400007,
                            13.943531610000036
                        ],
                        [
                            122.4236599940001,
                            13.930051547000062
                        ],
                        [
                            122.45138254200003,
                            13.905343278000032
                        ],
                        [
                            122.48560219,
                            13.848332600000049
                        ],
                        [
                            122.4994093580001,
                            13.844463133000033
                        ],
                        [
                            122.5128250570001,
                            13.78447325600007
                        ],
                        [
                            122.5099840470001,
                            13.768092543000023
                        ],
                        [
                            122.48816683000007,
                            13.766596164000077
                        ],
                        [
                            122.4776244200001,
                            13.781554700000072
                        ],
                        [
                            122.44320631000005,
                            13.801875110000026
                        ],
                        [
                            122.4288671060001,
                            13.799994970000057
                        ],
                        [
                            122.39459851600009,
                            13.816908215000069
                        ],
                        [
                            122.39931081700001,
                            13.862356607000038
                        ],
                        [
                            122.39046151100001,
                            13.903254024000034
                        ],
                        [
                            122.39220582500002,
                            13.914257084000042
                        ],
                        [
                            122.36356508400002,
                            13.95192479900004
                        ],
                        [
                            122.34554429600007,
                            13.983544847000076
                        ],
                        [
                            122.3420730470001,
                            14.006002907000038
                        ],
                        [
                            122.35322745200006,
                            14.010249066000029
                        ],
                        [
                            122.35872746000007,
                            14.045398240000054
                        ],
                        [
                            122.38376856000002,
                            14.066641330000039
                        ],
                        [
                            122.39616586800003,
                            14.084713977000035
                        ],
                        [
                            122.42633569700001,
                            14.107850184000029
                        ]
                    ]
                ]
            },
            "properties": {
                "Shape_Leng": 1.20717980197,
                "Shape_Area": 0.018877330281,
                "ADM3_EN": "Guinayangan",
                "ADM3_PCODE": "PH045618000",
                "ADM3_REF": null,
                "ADM3ALT1EN": null,
                "ADM3ALT2EN": null,
                "ADM2_EN": "Quezon",
                "ADM2_PCODE": "PH045600000",
                "ADM1_EN": "Region IV-A",
                "ADM1_PCODE": "PH040000000",
                "ADM0_EN": "Philippines (the)",
                "ADM0_PCODE": "PH",
                "date": "2016/06/15",
                "validOn": "2018/01/30"
            }
        },
        {
            "type": "Feature",
            "geometry": {
                "type": "Polygon",
                "coordinates": [
                    [
                        [
                            122.2085577360001,
                            13.902770277000059
                        ],
                        [
                            122.21073245000002,
                            13.902402981000023
                        ],
                        [
                            122.21109738500002,
                            13.902187853000044
                        ],
                        [
                            122.20749349100004,
                            13.86610225000004
                        ],
                        [
                            122.19600707100005,
                            13.807625871000027
                        ],
                        [
                            122.17461782900011,
                            13.809618942000043
                        ],
                        [
                            122.14589235100004,
                            13.790698330000055
                        ],
                        [
                            122.13533421700004,
                            13.806437846000051
                        ],
                        [
                            122.14147549100005,
                            13.822411868000074
                        ],
                        [
                            122.11496398200006,
                            13.846540696000034
                        ],
                        [
                            122.11281621500007,
                            13.860568304000026
                        ],
                        [
                            122.0743895920001,
                            13.848206968000056
                        ],
                        [
                            122.06194636500004,
                            13.82755127300004
                        ],
                        [
                            122.05981618900012,
                            13.849701861000028
                        ],
                        [
                            122.04202825300001,
                            13.866098562000047
                        ],
                        [
                            122.0435519880001,
                            13.881369025000026
                        ],
                        [
                            122.02960651,
                            13.897467604000042
                        ],
                        [
                            122.0399468920001,
                            13.91420942800005
                        ],
                        [
                            122.02650609500006,
                            13.953961507000031
                        ],
                        [
                            122.0577496090001,
                            13.940079560000072
                        ],
                        [
                            122.11191195200001,
                            13.92645956900003
                        ],
                        [
                            122.1372896470001,
                            13.912853584000061
                        ],
                        [
                            122.1558126650001,
                            13.920074615000033
                        ],
                        [
                            122.19006348700009,
                            13.915188245000024
                        ],
                        [
                            122.2085577360001,
                            13.902770277000059
                        ]
                    ]
                ]
            },
            "properties": {
                "Shape_Leng": 0.989366732679,
                "Shape_Area": 0.0154924977193,
                "ADM3_EN": "Gumaca",
                "ADM3_PCODE": "PH045619000",
                "ADM3_REF": null,
                "ADM3ALT1EN": null,
                "ADM3ALT2EN": null,
                "ADM2_EN": "Quezon",
                "ADM2_PCODE": "PH045600000",
                "ADM1_EN": "Region IV-A",
                "ADM1_PCODE": "PH040000000",
                "ADM0_EN": "Philippines (the)",
                "ADM0_PCODE": "PH",
                "date": "2016/06/15",
                "validOn": "2018/01/30"
            }
        },
        {
            "type": "Feature",
            "geometry": {
                "type": "Polygon",
                "coordinates": [
                    [
                        [
                            121.65509275700003,
                            14.776835620000043
                        ],
                        [
                            121.6774056370001,
                            14.752004167000052
                        ],
                        [
                            121.70985591200008,
                            14.72612904500005
                        ],
                        [
                            121.73378365000008,
                            14.696942254000078
                        ],
                        [
                            121.72265856600006,
                            14.690831028000048
                        ],
                        [
                            121.70013697800005,
                            14.701876612000035
                        ],
                        [
                            121.6591560810001,
                            14.683677999000054
                        ],
                        [
                            121.62180099700004,
                            14.683538629000054
                        ],
                        [
                            121.61991873200009,
                            14.68267710400005
                        ],
                        [
                            121.58956427700002,
                            14.69215164700006
                        ],
                        [
                            121.55926447800005,
                            14.658260650000045
                        ],
                        [
                            121.53808107800012,
                            14.626556439000069
                        ],
                        [
                            121.4862675490001,
                            14.540874504000044
                        ],
                        [
                            121.48067421200005,
                            14.556779521000067
                        ],
                        [
                            121.45200518700005,
                            14.595771359000025
                        ],
                        [
                            121.46679153600007,
                            14.61483105900004
                        ],
                        [
                            121.49460805500007,
                            14.617915974000027
                        ],
                        [
                            121.51717698000004,
                            14.680572304000066
                        ],
                        [
                            121.52727209900002,
                            14.691335572000071
                        ],
                        [
                            121.564487331,
                            14.699572537000051
                        ],
                        [
                            121.585920396,
                            14.699529186000063
                        ],
                        [
                            121.5995973580001,
                            14.711954663000029
                        ],
                        [
                            121.60978803800003,
                            14.746638727000061
                        ],
                        [
                            121.628939048,
                            14.747918713000047
                        ],
                        [
                            121.65509275700003,
                            14.776835620000043
                        ]
                    ]
                ]
            },
            "properties": {
                "Shape_Leng": 1.12099580228,
                "Shape_Area": 0.014454343619,
                "ADM3_EN": "Infanta",
                "ADM3_PCODE": "PH045620000",
                "ADM3_REF": null,
                "ADM3ALT1EN": null,
                "ADM3ALT2EN": null,
                "ADM2_EN": "Quezon",
                "ADM2_PCODE": "PH045600000",
                "ADM1_EN": "Region IV-A",
                "ADM1_PCODE": "PH040000000",
                "ADM0_EN": "Philippines (the)",
                "ADM0_PCODE": "PH",
                "date": "2016/06/15",
                "validOn": "2018/01/30"
            }
        },
        {
            "type": "Feature",
            "geometry": {
                "type": "Polygon",
                "coordinates": [
                    [
                        [
                            122.40357791800011,
                            14.733756070000027
                        ],
                        [
                            122.42955647800011,
                            14.713420409000037
                        ],
                        [
                            122.43611228700001,
                            14.695217537000076
                        ],
                        [
                            122.42118011800005,
                            14.687132906000045
                        ],
                        [
                            122.37528000700001,
                            14.679606041000056
                        ],
                        [
                            122.35017878000008,
                            14.681508049000058
                        ],
                        [
                            122.32153507500004,
                            14.674668697000072
                        ],
                        [
                            122.30986313000005,
                            14.689345514000024
                        ],
                        [
                            122.33304913800009,
                            14.710965414000043
                        ],
                        [
                            122.35882520300004,
                            14.712029398000027
                        ],
                        [
                            122.38171471900012,
                            14.72960845800003
                        ],
                        [
                            122.40357791800011,
                            14.733756070000027
                        ]
                    ]
                ]
            },
            "properties": {
                "Shape_Leng": 0.343929361868,
                "Shape_Area": 0.00435218187981,
                "ADM3_EN": "Jomalig",
                "ADM3_PCODE": "PH045621000",
                "ADM3_REF": null,
                "ADM3ALT1EN": null,
                "ADM3ALT2EN": null,
                "ADM2_EN": "Quezon",
                "ADM2_PCODE": "PH045600000",
                "ADM1_EN": "Region IV-A",
                "ADM1_PCODE": "PH040000000",
                "ADM0_EN": "Philippines (the)",
                "ADM0_PCODE": "PH",
                "date": "2016/06/15",
                "validOn": "2018/01/30"
            }
        },
        {
            "type": "Feature",
            "geometry": {
                "type": "Polygon",
                "coordinates": [
                    [
                        [
                            122.39046151100001,
                            13.903254024000034
                        ],
                        [
                            122.39931081700001,
                            13.862356607000038
                        ],
                        [
                            122.39459851600009,
                            13.816908215000069
                        ],
                        [
                            122.39408512400007,
                            13.79358064400003
                        ],
                        [
                            122.36897294500011,
                            13.775393232000056
                        ],
                        [
                            122.35997673500003,
                            13.75167594800007
                        ],
                        [
                            122.3682881420001,
                            13.73596475200003
                        ],
                        [
                            122.36459273300011,
                            13.718106762000048
                        ],
                        [
                            122.30087028300011,
                            13.729351789000077
                        ],
                        [
                            122.27495242000009,
                            13.74842049700004
                        ],
                        [
                            122.19600707100005,
                            13.807625871000027
                        ],
                        [
                            122.20749349100004,
                            13.86610225000004
                        ],
                        [
                            122.21109738500002,
                            13.902187853000044
                        ],
                        [
                            122.2319227370001,
                            13.89536828100006
                        ],
                        [
                            122.24377755700004,
                            13.911964510000075
                        ],
                        [
                            122.24800402300002,
                            13.933704464000073
                        ],
                        [
                            122.23812119100012,
                            13.946429891000037
                        ],
                        [
                            122.22021023100001,
                            13.947387869000067
                        ],
                        [
                            122.19359634000011,
                            13.96799826800003
                        ],
                        [
                            122.18276956400007,
                            13.984435279000024
                        ],
                        [
                            122.20057448300008,
                            13.98959295000003
                        ],
                        [
                            122.20467944100005,
                            13.983354331000044
                        ],
                        [
                            122.22016635600005,
                            13.971850988000028
                        ],
                        [
                            122.26045325100006,
                            13.946824610000021
                        ],
                        [
                            122.26867128600009,
                            13.926231151000025
                        ],
                        [
                            122.32075637200012,
                            13.898040844000036
                        ],
                        [
                            122.39046151100001,
                            13.903254024000034
                        ]
                    ]
                ]
            },
            "properties": {
                "Shape_Leng": 1.23179205363,
                "Shape_Area": 0.0315441771476,
                "ADM3_EN": "Lopez",
                "ADM3_PCODE": "PH045622000",
                "ADM3_REF": null,
                "ADM3ALT1EN": null,
                "ADM3ALT2EN": null,
                "ADM2_EN": "Quezon",
                "ADM2_PCODE": "PH045600000",
                "ADM1_EN": "Region IV-A",
                "ADM1_PCODE": "PH040000000",
                "ADM0_EN": "Philippines (the)",
                "ADM0_PCODE": "PH",
                "date": "2016/06/15",
                "validOn": "2018/01/30"
            }
        },
        {
            "type": "Feature",
            "geometry": {
                "type": "Polygon",
                "coordinates": [
                    [
                        [
                            121.59066469700008,
                            14.160782652000023
                        ],
                        [
                            121.6076347290001,
                            14.159124298000052
                        ],
                        [
                            121.60775927500003,
                            14.139488804000052
                        ],
                        [
                            121.64514172500003,
                            14.120246111000029
                        ],
                        [
                            121.67309038100007,
                            14.120494946000065
                        ],
                        [
                            121.67516082200007,
                            14.10562541400003
                        ],
                        [
                            121.65765618400007,
                            14.101296310000066
                        ],
                        [
                            121.62754504000009,
                            14.095633750000047
                        ],
                        [
                            121.59249005000004,
                            14.074022231000072
                        ],
                        [
                            121.58835060700005,
                            14.063216940000075
                        ],
                        [
                            121.52721787100006,
                            14.061032169000043
                        ],
                        [
                            121.5060186400001,
                            14.057448725000029
                        ],
                        [
                            121.48737778300006,
                            14.068562180000072
                        ],
                        [
                            121.51515174200006,
                            14.109498573000053
                        ],
                        [
                            121.52919053500011,
                            14.163656280000055
                        ],
                        [
                            121.5441269260001,
                            14.17447531700003
                        ],
                        [
                            121.55521025700011,
                            14.162746059000028
                        ],
                        [
                            121.59066469700008,
                            14.160782652000023
                        ]
                    ]
                ]
            },
            "properties": {
                "Shape_Leng": 0.627208366894,
                "Shape_Area": 0.011571557728,
                "ADM3_EN": "Lucban",
                "ADM3_PCODE": "PH045623000",
                "ADM3_REF": null,
                "ADM3ALT1EN": null,
                "ADM3ALT2EN": null,
                "ADM2_EN": "Quezon",
                "ADM2_PCODE": "PH045600000",
                "ADM1_EN": "Region IV-A",
                "ADM1_PCODE": "PH040000000",
                "ADM0_EN": "Philippines (the)",
                "ADM0_PCODE": "PH",
                "date": "2016/06/15",
                "validOn": "2018/01/30"
            }
        },
        {
            "type": "Feature",
            "geometry": {
                "type": "Polygon",
                "coordinates": [
                    [
                        [
                            121.63451588900011,
                            13.983814993000067
                        ],
                        [
                            121.65307225400011,
                            13.94919290200005
                        ],
                        [
                            121.69218227300007,
                            13.923115556000027
                        ],
                        [
                            121.64210939300006,
                            13.907356496000034
                        ],
                        [
                            121.62595450200001,
                            13.907978107000076
                        ],
                        [
                            121.61215150800001,
                            13.894430111000077
                        ],
                        [
                            121.58440324300011,
                            13.890172180000036
                        ],
                        [
                            121.573554392,
                            13.899745947000042
                        ],
                        [
                            121.57266497400008,
                            13.920795439000074
                        ],
                        [
                            121.55469601200002,
                            13.946192129000053
                        ],
                        [
                            121.61572440500004,
                            13.986227043000042
                        ],
                        [
                            121.63451588900011,
                            13.983814993000067
                        ]
                    ]
                ]
            },
            "properties": {
                "Shape_Leng": 0.558905340149,
                "Shape_Area": 0.00699161957635,
                "ADM3_EN": "Lucena City",
                "ADM3_PCODE": "PH045624000",
                "ADM3_REF": null,
                "ADM3ALT1EN": "Capital",
                "ADM3ALT2EN": null,
                "ADM2_EN": "Quezon",
                "ADM2_PCODE": "PH045600000",
                "ADM1_EN": "Region IV-A",
                "ADM1_PCODE": "PH040000000",
                "ADM0_EN": "Philippines (the)",
                "ADM0_PCODE": "PH",
                "date": "2016/06/15",
                "validOn": "2018/01/30"
            }
        },
        {
            "type": "Feature",
            "geometry": {
                "type": "Polygon",
                "coordinates": [
                    [
                        [
                            122.19600707100005,
                            13.807625871000027
                        ],
                        [
                            122.27495242000009,
                            13.74842049700004
                        ],
                        [
                            122.24617737500012,
                            13.745195194000075
                        ],
                        [
                            122.2337800580001,
                            13.732695731000035
                        ],
                        [
                            122.18032023800004,
                            13.718495713000038
                        ],
                        [
                            122.17064776200004,
                            13.725888588000032
                        ],
                        [
                            122.15305796400003,
                            13.714943190000042
                        ],
                        [
                            122.13773675000004,
                            13.720908896000026
                        ],
                        [
                            122.11679706400002,
                            13.758666577000042
                        ],
                        [
                            122.14589235100004,
                            13.790698330000055
                        ],
                        [
                            122.17461782900011,
                            13.809618942000043
                        ],
                        [
                            122.19600707100005,
                            13.807625871000027
                        ]
                    ]
                ]
            },
            "properties": {
                "Shape_Leng": 0.534912559063,
                "Shape_Area": 0.0086931325328,
                "ADM3_EN": "Macalelon",
                "ADM3_PCODE": "PH045625000",
                "ADM3_REF": null,
                "ADM3ALT1EN": null,
                "ADM3ALT2EN": null,
                "ADM2_EN": "Quezon",
                "ADM2_PCODE": "PH045600000",
                "ADM1_EN": "Region IV-A",
                "ADM1_PCODE": "PH040000000",
                "ADM0_EN": "Philippines (the)",
                "ADM0_PCODE": "PH",
                "date": "2016/06/15",
                "validOn": "2018/01/30"
            }
        },
        {
            "type": "Feature",
            "geometry": {
                "type": "MultiPolygon",
                "coordinates": [
                    [
                        [
                            [
                                121.82630932500001,
                                14.306325829000059
                            ],
                            [
                                121.84859243000005,
                                14.286829042000022
                            ],
                            [
                                121.83179600100004,
                                14.259762241000033
                            ],
                            [
                                121.80723218600008,
                                14.271115683000062
                            ],
                            [
                                121.80551447700009,
                                14.295245410000064
                            ],
                            [
                                121.82630932500001,
                                14.306325829000059
                            ]
                        ]
                    ],
                    [
                        [
                            [
                                121.83228877500005,
                                14.078139540000052
                            ],
                            [
                                121.82567703200004,
                                14.060358534000045
                            ],
                            [
                                121.80612397300001,
                                14.048523415000034
                            ],
                            [
                                121.74190521000003,
                                14.056684970000049
                            ],
                            [
                                121.7544892730001,
                                14.060963303000051
                            ],
                            [
                                121.74513246200002,
                                14.08293020700006
                            ],
                            [
                                121.71877251600006,
                                14.095071302000065
                            ],
                            [
                                121.65765618400007,
                                14.101296310000066
                            ],
                            [
                                121.67516082200007,
                                14.10562541400003
                            ],
                            [
                                121.67309038100007,
                                14.120494946000065
                            ],
                            [
                                121.64514172500003,
                                14.120246111000029
                            ],
                            [
                                121.6831161660001,
                                14.175645996000071
                            ],
                            [
                                121.64574822700001,
                                14.199271658000043
                            ],
                            [
                                121.65032538700007,
                                14.225399948000074
                            ],
                            [
                                121.63412066400008,
                                14.267710321000038
                            ],
                            [
                                121.63451880200012,
                                14.289790898000035
                            ],
                            [
                                121.6275000490001,
                                14.328186472000027
                            ],
                            [
                                121.62574545700011,
                                14.392501353000057
                            ],
                            [
                                121.59878249400003,
                                14.395479325000053
                            ],
                            [
                                121.59814709800003,
                                14.414351769000064
                            ],
                            [
                                121.65213712100001,
                                14.442300119000038
                            ],
                            [
                                121.663318537,
                                14.392045971000073
                            ],
                            [
                                121.68206498000006,
                                14.379099813000039
                            ],
                            [
                                121.72766816,
                                14.326294499000028
                            ],
                            [
                                121.73415384000009,
                                14.290611389000048
                            ],
                            [
                                121.73333296500005,
                                14.265962218000027
                            ],
                            [
                                121.75812446200007,
                                14.247578691000058
                            ],
                            [
                                121.75308791400005,
                                14.207676924000054
                            ],
                            [
                                121.73368478600003,
                                14.190967012000044
                            ],
                            [
                                121.73211506000007,
                                14.172736651000037
                            ],
                            [
                                121.74884068100005,
                                14.145731341000044
                            ],
                            [
                                121.77888026300002,
                                14.117427925000072
                            ],
                            [
                                121.83228877500005,
                                14.078139540000052
                            ]
                        ]
                    ]
                ]
            },
            "properties": {
                "Shape_Leng": 1.59254887357,
                "Shape_Area": 0.0343021224222,
                "ADM3_EN": "Mauban",
                "ADM3_PCODE": "PH045627000",
                "ADM3_REF": null,
                "ADM3ALT1EN": null,
                "ADM3ALT2EN": null,
                "ADM2_EN": "Quezon",
                "ADM2_PCODE": "PH045600000",
                "ADM1_EN": "Region IV-A",
                "ADM1_PCODE": "PH040000000",
                "ADM0_EN": "Philippines (the)",
                "ADM0_PCODE": "PH",
                "date": "2016/06/15",
                "validOn": "2018/01/30"
            }
        },
        {
            "type": "Feature",
            "geometry": {
                "type": "Polygon",
                "coordinates": [
                    [
                        [
                            122.55510235600002,
                            13.446350444000075
                        ],
                        [
                            122.5173748520001,
                            13.427702454000041
                        ],
                        [
                            122.49032907800006,
                            13.40301835200006
                        ],
                        [
                            122.4903396310001,
                            13.403092508000043
                        ],
                        [
                            122.49034782000001,
                            13.403174272000058
                        ],
                        [
                            122.41318926500003,
                            13.484109706000027
                        ],
                        [
                            122.40071531500007,
                            13.523970587000065
                        ],
                        [
                            122.36623832200007,
                            13.548256811000044
                        ],
                        [
                            122.38282134600001,
                            13.57391848800006
                        ],
                        [
                            122.37532609300001,
                            13.592987840000035
                        ],
                        [
                            122.39600480800004,
                            13.618436485000075
                        ],
                        [
                            122.40372301600007,
                            13.651040740000042
                        ],
                        [
                            122.43926783200004,
                            13.644753815000058
                        ],
                        [
                            122.45688004400006,
                            13.610660451000058
                        ],
                        [
                            122.47985676700011,
                            13.579296015000068
                        ],
                        [
                            122.52434087900008,
                            13.507935045000067
                        ],
                        [
                            122.53380357800006,
                            13.505869896000036
                        ],
                        [
                            122.548505384,
                            13.478067734000035
                        ],
                        [
                            122.55510235600002,
                            13.446350444000075
                        ]
                    ]
                ]
            },
            "properties": {
                "Shape_Leng": 0.817506985152,
                "Shape_Area": 0.0230635039729,
                "ADM3_EN": "Mulanay",
                "ADM3_PCODE": "PH045628000",
                "ADM3_REF": null,
                "ADM3ALT1EN": null,
                "ADM3ALT2EN": null,
                "ADM2_EN": "Quezon",
                "ADM2_PCODE": "PH045600000",
                "ADM1_EN": "Region IV-A",
                "ADM1_PCODE": "PH040000000",
                "ADM0_EN": "Philippines (the)",
                "ADM0_PCODE": "PH",
                "date": "2016/06/15",
                "validOn": "2018/01/30"
            }
        },
        {
            "type": "Feature",
            "geometry": {
                "type": "Polygon",
                "coordinates": [
                    [
                        [
                            121.9197626890001,
                            13.92348381000005
                        ],
                        [
                            121.90709214600008,
                            13.909323221000022
                        ],
                        [
                            121.90817604400002,
                            13.886060311000051
                        ],
                        [
                            121.88881026100012,
                            13.87823701700006
                        ],
                        [
                            121.8711045980001,
                            13.896312285000022
                        ],
                        [
                            121.8572096480001,
                            13.887257591000036
                        ],
                        [
                            121.84551963100012,
                            13.901451176000023
                        ],
                        [
                            121.83045305000007,
                            13.900417123000068
                        ],
                        [
                            121.80963326300002,
                            13.913540819000048
                        ],
                        [
                            121.81659586900003,
                            13.941522666000026
                        ],
                        [
                            121.79960523300008,
                            13.945714519000035
                        ],
                        [
                            121.80017177900004,
                            13.973334684000065
                        ],
                        [
                            121.81970356200009,
                            13.988250443000027
                        ],
                        [
                            121.85511118600004,
                            13.959179188000064
                        ],
                        [
                            121.87140393200002,
                            13.922366130000057
                        ],
                        [
                            121.90028437,
                            13.929538739000066
                        ],
                        [
                            121.9197626890001,
                            13.92348381000005
                        ]
                    ]
                ]
            },
            "properties": {
                "Shape_Leng": 0.735571673355,
                "Shape_Area": 0.00633154964,
                "ADM3_EN": "Padre Burgos",
                "ADM3_PCODE": "PH045629000",
                "ADM3_REF": null,
                "ADM3ALT1EN": null,
                "ADM3ALT2EN": null,
                "ADM2_EN": "Quezon",
                "ADM2_PCODE": "PH045600000",
                "ADM1_EN": "Region IV-A",
                "ADM1_PCODE": "PH040000000",
                "ADM0_EN": "Philippines (the)",
                "ADM0_PCODE": "PH",
                "date": "2016/06/15",
                "validOn": "2018/01/30"
            }
        },
        {
            "type": "Feature",
            "geometry": {
                "type": "MultiPolygon",
                "coordinates": [
                    [
                        [
                            [
                                121.7853478400001,
                                13.910605631000067
                            ],
                            [
                                121.78489754200007,
                                13.909502893000024
                            ],
                            [
                                121.75382303600009,
                                13.883622510000066
                            ],
                            [
                                121.73945740300007,
                                13.899090826000077
                            ],
                            [
                                121.75615508800001,
                                13.942874669000048
                            ],
                            [
                                121.78865056000006,
                                13.93555196400007
                            ],
                            [
                                121.7853478400001,
                                13.910605631000067
                            ]
                        ]
                    ],
                    [
                        [
                            [
                                121.74018860000001,
                                14.055376050000064
                            ],
                            [
                                121.79233931700003,
                                14.00830643200004
                            ],
                            [
                                121.81970356200009,
                                13.988250443000027
                            ],
                            [
                                121.80017177900004,
                                13.973334684000065
                            ],
                            [
                                121.79960523300008,
                                13.945714519000035
                            ],
                            [
                                121.79957053800001,
                                13.945750343000043
                            ],
                            [
                                121.79938839500005,
                                13.94627147400007
                            ],
                            [
                                121.77266409800006,
                                13.94528856200003
                            ],
                            [
                                121.76129736900009,
                                13.961736553000037
                            ],
                            [
                                121.71564828100009,
                                13.970735347000073
                            ],
                            [
                                121.69538957800012,
                                13.961661904000039
                            ],
                            [
                                121.69829214900005,
                                13.931453048000037
                            ],
                            [
                                121.69218227300007,
                                13.923115556000027
                            ],
                            [
                                121.65307225400011,
                                13.94919290200005
                            ],
                            [
                                121.63451588900011,
                                13.983814993000067
                            ],
                            [
                                121.65723708400003,
                                14.018140638000034
                            ],
                            [
                                121.68533675000003,
                                14.02735769900005
                            ],
                            [
                                121.70803322400002,
                                14.046516504000067
                            ],
                            [
                                121.74018860000001,
                                14.055376050000064
                            ]
                        ]
                    ]
                ]
            },
            "properties": {
                "Shape_Leng": 1.13606036463,
                "Shape_Area": 0.0146582044286,
                "ADM3_EN": "Pagbilao",
                "ADM3_PCODE": "PH045630000",
                "ADM3_REF": null,
                "ADM3ALT1EN": null,
                "ADM3ALT2EN": null,
                "ADM2_EN": "Quezon",
                "ADM2_PCODE": "PH045600000",
                "ADM1_EN": "Region IV-A",
                "ADM1_PCODE": "PH040000000",
                "ADM0_EN": "Philippines (the)",
                "ADM0_PCODE": "PH",
                "date": "2016/06/15",
                "validOn": "2018/01/30"
            }
        },
        {
            "type": "Feature",
            "geometry": {
                "type": "Polygon",
                "coordinates": [
                    [
                        [
                            121.94665304000011,
                            15.043452866000052
                        ],
                        [
                            121.93954857800009,
                            15.025081175000025
                        ],
                        [
                            121.93945001400004,
                            14.96874675600003
                        ],
                        [
                            121.92253128900006,
                            14.944445316000042
                        ],
                        [
                            121.9199094390001,
                            14.904371056000059
                        ],
                        [
                            121.86601260900011,
                            14.886091838000027
                        ],
                        [
                            121.84911075200012,
                            14.912626057000068
                        ],
                        [
                            121.8521689590001,
                            14.921810150000056
                        ],
                        [
                            121.81999082200002,
                            14.936966738000024
                        ],
                        [
                            121.80142751700009,
                            14.935976593000078
                        ],
                        [
                            121.81795829400005,
                            14.974184152000078
                        ],
                        [
                            121.8134272420001,
                            14.981719722000037
                        ],
                        [
                            121.83716326500007,
                            15.039383293000071
                        ],
                        [
                            121.85625065200009,
                            15.039718821000065
                        ],
                        [
                            121.89112799500003,
                            15.030265070000041
                        ],
                        [
                            121.93156122200003,
                            15.056389934000038
                        ],
                        [
                            121.94665304000011,
                            15.043452866000052
                        ]
                    ]
                ]
            },
            "properties": {
                "Shape_Leng": 1.14547553964,
                "Shape_Area": 0.0150951790886,
                "ADM3_EN": "Panukulan",
                "ADM3_PCODE": "PH045631000",
                "ADM3_REF": null,
                "ADM3ALT1EN": null,
                "ADM3ALT2EN": null,
                "ADM2_EN": "Quezon",
                "ADM2_PCODE": "PH045600000",
                "ADM1_EN": "Region IV-A",
                "ADM1_PCODE": "PH040000000",
                "ADM0_EN": "Philippines (the)",
                "ADM0_PCODE": "PH",
                "date": "2016/06/15",
                "validOn": "2018/01/30"
            }
        },
        {
            "type": "Feature",
            "geometry": {
                "type": "Polygon",
                "coordinates": [
                    [
                        [
                            122.18363433200011,
                            14.845124357000032
                        ],
                        [
                            122.21218319200011,
                            14.832923038000047
                        ],
                        [
                            122.19060851300003,
                            14.811190815000032
                        ],
                        [
                            122.23481612300009,
                            14.786541191000026
                        ],
                        [
                            122.26101084600009,
                            14.783598576000031
                        ],
                        [
                            122.25818536100007,
                            14.727114745000051
                        ],
                        [
                            122.22928445800005,
                            14.750925411000026
                        ],
                        [
                            122.19125779800004,
                            14.763788591000036
                        ],
                        [
                            122.13613356700012,
                            14.798503331000063
                        ],
                        [
                            122.10594970600005,
                            14.806769321000047
                        ],
                        [
                            122.09626915800004,
                            14.832393060000072
                        ],
                        [
                            122.12305275100005,
                            14.841031216000033
                        ],
                        [
                            122.1331594400001,
                            14.828476545000058
                        ],
                        [
                            122.18363433200011,
                            14.845124357000032
                        ]
                    ]
                ]
            },
            "properties": {
                "Shape_Leng": 1.15777493436,
                "Shape_Area": 0.00805425072984,
                "ADM3_EN": "Patnanungan",
                "ADM3_PCODE": "PH045632000",
                "ADM3_REF": null,
                "ADM3ALT1EN": null,
                "ADM3ALT2EN": null,
                "ADM2_EN": "Quezon",
                "ADM2_PCODE": "PH045600000",
                "ADM1_EN": "Region IV-A",
                "ADM1_PCODE": "PH040000000",
                "ADM0_EN": "Philippines (the)",
                "ADM0_PCODE": "PH",
                "date": "2016/06/15",
                "validOn": "2018/01/30"
            }
        },
        {
            "type": "Feature",
            "geometry": {
                "type": "Polygon",
                "coordinates": [
                    [
                        [
                            121.98732315500001,
                            14.184869560000038
                        ],
                        [
                            122.00350862900007,
                            14.146893917000057
                        ],
                        [
                            121.97461881800007,
                            14.122781505000034
                        ],
                        [
                            121.94503155500001,
                            14.158566670000027
                        ],
                        [
                            121.92962557100009,
                            14.187418743000023
                        ],
                        [
                            121.91354023300005,
                            14.19601911500007
                        ],
                        [
                            121.92888247600001,
                            14.235675481000044
                        ],
                        [
                            121.98732315500001,
                            14.184869560000038
                        ]
                    ]
                ]
            },
            "properties": {
                "Shape_Leng": 0.351666154553,
                "Shape_Area": 0.00438964631697,
                "ADM3_EN": "Perez",
                "ADM3_PCODE": "PH045633000",
                "ADM3_REF": null,
                "ADM3ALT1EN": null,
                "ADM3ALT2EN": null,
                "ADM2_EN": "Quezon",
                "ADM2_PCODE": "PH045600000",
                "ADM1_EN": "Region IV-A",
                "ADM1_PCODE": "PH040000000",
                "ADM0_EN": "Philippines (the)",
                "ADM0_PCODE": "PH",
                "date": "2016/06/15",
                "validOn": "2018/01/30"
            }
        },
        {
            "type": "Feature",
            "geometry": {
                "type": "Polygon",
                "coordinates": [
                    [
                        [
                            122.14589235100004,
                            13.790698330000055
                        ],
                        [
                            122.11679706400002,
                            13.758666577000042
                        ],
                        [
                            122.09022455000002,
                            13.78050134700004
                        ],
                        [
                            122.07391599300001,
                            13.78630302700003
                        ],
                        [
                            122.05601823000006,
                            13.775167195000051
                        ],
                        [
                            122.02805819200012,
                            13.793591344000049
                        ],
                        [
                            122.02819058500006,
                            13.806748809000055
                        ],
                        [
                            122.03979670100011,
                            13.826993751000032
                        ],
                        [
                            122.06194636500004,
                            13.82755127300004
                        ],
                        [
                            122.0743895920001,
                            13.848206968000056
                        ],
                        [
                            122.11281621500007,
                            13.860568304000026
                        ],
                        [
                            122.11496398200006,
                            13.846540696000034
                        ],
                        [
                            122.14147549100005,
                            13.822411868000074
                        ],
                        [
                            122.13533421700004,
                            13.806437846000051
                        ],
                        [
                            122.14589235100004,
                            13.790698330000055
                        ]
                    ]
                ]
            },
            "properties": {
                "Shape_Leng": 0.599020081522,
                "Shape_Area": 0.00664652840888,
                "ADM3_EN": "Pitogo",
                "ADM3_PCODE": "PH045634000",
                "ADM3_REF": null,
                "ADM3ALT1EN": null,
                "ADM3ALT2EN": null,
                "ADM2_EN": "Quezon",
                "ADM2_PCODE": "PH045600000",
                "ADM1_EN": "Region IV-A",
                "ADM1_PCODE": "PH040000000",
                "ADM0_EN": "Philippines (the)",
                "ADM0_PCODE": "PH",
                "date": "2016/06/15",
                "validOn": "2018/01/30"
            }
        },
        {
            "type": "Feature",
            "geometry": {
                "type": "Polygon",
                "coordinates": [
                    [
                        [
                            121.98927759500009,
                            13.977468980000026
                        ],
                        [
                            122.02650609500006,
                            13.953961507000031
                        ],
                        [
                            122.0399468920001,
                            13.91420942800005
                        ],
                        [
                            122.0140547520001,
                            13.915391040000031
                        ],
                        [
                            121.99414355700003,
                            13.937114735000023
                        ],
                        [
                            122.00060498900007,
                            13.947068885000022
                        ],
                        [
                            121.98537082900009,
                            13.964723426000035
                        ],
                        [
                            121.98927759500009,
                            13.977468980000026
                        ]
                    ]
                ]
            },
            "properties": {
                "Shape_Leng": 0.263930539895,
                "Shape_Area": 0.00154268082318,
                "ADM3_EN": "Plaridel",
                "ADM3_PCODE": "PH045635000",
                "ADM3_REF": null,
                "ADM3ALT1EN": null,
                "ADM3ALT2EN": null,
                "ADM2_EN": "Quezon",
                "ADM2_PCODE": "PH045600000",
                "ADM1_EN": "Region IV-A",
                "ADM1_PCODE": "PH040000000",
                "ADM0_EN": "Philippines (the)",
                "ADM0_PCODE": "PH",
                "date": "2016/06/15",
                "validOn": "2018/01/30"
            }
        },
        {
            "type": "Feature",
            "geometry": {
                "type": "Polygon",
                "coordinates": [
                    [
                        [
                            122.02334991200007,
                            14.785022371000025
                        ],
                        [
                            122.03641732100004,
                            14.717337928000063
                        ],
                        [
                            122.01056856800005,
                            14.674729756000033
                        ],
                        [
                            121.94980680100002,
                            14.628587202000062
                        ],
                        [
                            121.91659065200008,
                            14.638357765000023
                        ],
                        [
                            121.90290726400008,
                            14.67931952500004
                        ],
                        [
                            121.90324063300011,
                            14.706294076000063
                        ],
                        [
                            121.93342029500002,
                            14.70599945500004
                        ],
                        [
                            121.93655507900007,
                            14.729109401000073
                        ],
                        [
                            121.91431616800003,
                            14.777936713000031
                        ],
                        [
                            121.9120789430001,
                            14.796126048000076
                        ],
                        [
                            121.88869981100004,
                            14.817900287000043
                        ],
                        [
                            121.87851026700002,
                            14.835420355000053
                        ],
                        [
                            121.8726937130001,
                            14.876895735000062
                        ],
                        [
                            121.86601260900011,
                            14.886091838000027
                        ],
                        [
                            121.9199094390001,
                            14.904371056000059
                        ],
                        [
                            121.91605549100007,
                            14.839830833000065
                        ],
                        [
                            121.96072369700005,
                            14.781479783000066
                        ],
                        [
                            121.99198066300005,
                            14.780223670000055
                        ],
                        [
                            122.02334991200007,
                            14.785022371000025
                        ]
                    ]
                ]
            },
            "properties": {
                "Shape_Leng": 1.06558976695,
                "Shape_Area": 0.019726883164,
                "ADM3_EN": "Polillo",
                "ADM3_PCODE": "PH045636000",
                "ADM3_REF": null,
                "ADM3ALT1EN": null,
                "ADM3ALT2EN": null,
                "ADM2_EN": "Quezon",
                "ADM2_PCODE": "PH045600000",
                "ADM1_EN": "Region IV-A",
                "ADM1_PCODE": "PH040000000",
                "ADM0_EN": "Philippines (the)",
                "ADM0_PCODE": "PH",
                "date": "2016/06/15",
                "validOn": "2018/01/30"
            }
        },
        {
            "type": "Feature",
            "geometry": {
                "type": "Polygon",
                "coordinates": [
                    [
                        [
                            122.07315443200002,
                            14.060598890000051
                        ],
                        [
                            122.07772358200009,
                            14.071484527000052
                        ],
                        [
                            122.05866842500006,
                            14.121762216000036
                        ],
                        [
                            122.06424122700002,
                            14.127041314000053
                        ],
                        [
                            122.07746252600009,
                            14.114216487000022
                        ],
                        [
                            122.1277575470001,
                            14.087310753000054
                        ],
                        [
                            122.1393889200001,
                            14.067521443000032
                        ],
                        [
                            122.17049225500011,
                            14.04631869700006
                        ],
                        [
                            122.18538578400012,
                            14.025397548000058
                        ],
                        [
                            122.18513729200004,
                            14.00428510300003
                        ],
                        [
                            122.16675787600002,
                            14.000324443000068
                        ],
                        [
                            122.12683292800011,
                            14.019546355000045
                        ],
                        [
                            122.09008065800003,
                            14.05193868400005
                        ],
                        [
                            122.07315443200002,
                            14.060598890000051
                        ]
                    ]
                ]
            },
            "properties": {
                "Shape_Leng": 0.548506654494,
                "Shape_Area": 0.00633532611217,
                "ADM3_EN": "Quezon",
                "ADM3_PCODE": "PH045637000",
                "ADM3_REF": null,
                "ADM3ALT1EN": null,
                "ADM3ALT2EN": null,
                "ADM2_EN": "Quezon",
                "ADM2_PCODE": "PH045600000",
                "ADM1_EN": "Region IV-A",
                "ADM1_PCODE": "PH040000000",
                "ADM0_EN": "Philippines (the)",
                "ADM0_PCODE": "PH",
                "date": "2016/06/15",
                "validOn": "2018/01/30"
            }
        },
        {
            "type": "Feature",
            "geometry": {
                "type": "MultiPolygon",
                "coordinates": [
                    [
                        [
                            [
                                121.6591560810001,
                                14.683677999000054
                            ],
                            [
                                121.62933098100007,
                                14.659126463000064
                            ],
                            [
                                121.62180099700004,
                                14.683538629000054
                            ],
                            [
                                121.6591560810001,
                                14.683677999000054
                            ]
                        ]
                    ],
                    [
                        [
                            [
                                121.61991873200009,
                                14.68267710400005
                            ],
                            [
                                121.60376832600002,
                                14.652083388000051
                            ],
                            [
                                121.60907693200011,
                                14.641233602000057
                            ],
                            [
                                121.60862523000003,
                                14.599226437000027
                            ],
                            [
                                121.61866553100003,
                                14.589663571000074
                            ],
                            [
                                121.62814511400006,
                                14.534903568000061
                            ],
                            [
                                121.62370647700004,
                                14.522929201000068
                            ],
                            [
                                121.65213712100001,
                                14.442300119000038
                            ],
                            [
                                121.59814709800003,
                                14.414351769000064
                            ],
                            [
                                121.59878249400003,
                                14.395479325000053
                            ],
                            [
                                121.62574545700011,
                                14.392501353000057
                            ],
                            [
                                121.6275000490001,
                                14.328186472000027
                            ],
                            [
                                121.63451880200012,
                                14.289790898000035
                            ],
                            [
                                121.60825957700001,
                                14.29685296200006
                            ],
                            [
                                121.57002646300009,
                                14.398442990000035
                            ],
                            [
                                121.52409879000004,
                                14.469167303000063
                            ],
                            [
                                121.55047443500007,
                                14.492387305000022
                            ],
                            [
                                121.53463026500003,
                                14.509421780000025
                            ],
                            [
                                121.52956397300011,
                                14.53286397200003
                            ],
                            [
                                121.4862675490001,
                                14.540874504000044
                            ],
                            [
                                121.53808107800012,
                                14.626556439000069
                            ],
                            [
                                121.55926447800005,
                                14.658260650000045
                            ],
                            [
                                121.58956427700002,
                                14.69215164700006
                            ],
                            [
                                121.61991873200009,
                                14.68267710400005
                            ]
                        ]
                    ]
                ]
            },
            "properties": {
                "Shape_Leng": 1.43547525464,
                "Shape_Area": 0.02941119655,
                "ADM3_EN": "Real",
                "ADM3_PCODE": "PH045638000",
                "ADM3_REF": null,
                "ADM3ALT1EN": null,
                "ADM3ALT2EN": null,
                "ADM2_EN": "Quezon",
                "ADM2_PCODE": "PH045600000",
                "ADM1_EN": "Region IV-A",
                "ADM1_PCODE": "PH040000000",
                "ADM0_EN": "Philippines (the)",
                "ADM0_PCODE": "PH",
                "date": "2016/06/15",
                "validOn": "2018/01/30"
            }
        },
        {
            "type": "Feature",
            "geometry": {
                "type": "Polygon",
                "coordinates": [
                    [
                        [
                            121.64514172500003,
                            14.120246111000029
                        ],
                        [
                            121.60775927500003,
                            14.139488804000052
                        ],
                        [
                            121.6076347290001,
                            14.159124298000052
                        ],
                        [
                            121.59066469700008,
                            14.160782652000023
                        ],
                        [
                            121.60319213900004,
                            14.190359066000042
                        ],
                        [
                            121.5899512520001,
                            14.199159350000059
                        ],
                        [
                            121.61794271500003,
                            14.234942428000068
                        ],
                        [
                            121.6178985460001,
                            14.249101967000058
                        ],
                        [
                            121.63412066400008,
                            14.267710321000038
                        ],
                        [
                            121.65032538700007,
                            14.225399948000074
                        ],
                        [
                            121.64574822700001,
                            14.199271658000043
                        ],
                        [
                            121.6831161660001,
                            14.175645996000071
                        ],
                        [
                            121.64514172500003,
                            14.120246111000029
                        ]
                    ]
                ]
            },
            "properties": {
                "Shape_Leng": 0.463842966095,
                "Shape_Area": 0.00681183202263,
                "ADM3_EN": "Sampaloc",
                "ADM3_PCODE": "PH045639000",
                "ADM3_REF": null,
                "ADM3ALT1EN": null,
                "ADM3ALT2EN": null,
                "ADM2_EN": "Quezon",
                "ADM2_PCODE": "PH045600000",
                "ADM1_EN": "Region IV-A",
                "ADM1_PCODE": "PH040000000",
                "ADM0_EN": "Philippines (the)",
                "ADM0_PCODE": "PH",
                "date": "2016/06/15",
                "validOn": "2018/01/30"
            }
        },
        {
            "type": "Feature",
            "geometry": {
                "type": "MultiPolygon",
                "coordinates": [
                    [
                        [
                            [
                                122.7216452990001,
                                13.36484783900005
                            ],
                            [
                                122.72438691000002,
                                13.324930615000028
                            ],
                            [
                                122.71257620100005,
                                13.327404485000045
                            ],
                            [
                                122.71495184200012,
                                13.357957386000066
                            ],
                            [
                                122.7216452990001,
                                13.36484783900005
                            ]
                        ]
                    ],
                    [
                        [
                            [
                                122.6495392920001,
                                13.444670402000042
                            ],
                            [
                                122.66306359500004,
                                13.419275066000068
                            ],
                            [
                                122.677769753,
                                13.371168242000067
                            ],
                            [
                                122.67708590100005,
                                13.275539310000056
                            ],
                            [
                                122.69101056400007,
                                13.267999849000034
                            ],
                            [
                                122.70291340200004,
                                13.225475459000052
                            ],
                            [
                                122.663525907,
                                13.21107921600003
                            ],
                            [
                                122.65363410100008,
                                13.236469003000025
                            ],
                            [
                                122.65493235100007,
                                13.25756524600007
                            ],
                            [
                                122.64413169700003,
                                13.265083255000036
                            ],
                            [
                                122.63986669300004,
                                13.29194130600007
                            ],
                            [
                                122.62178655800005,
                                13.318126156000062
                            ],
                            [
                                122.596792047,
                                13.316646112000058
                            ],
                            [
                                122.5931143040001,
                                13.359718290000046
                            ],
                            [
                                122.58458537000001,
                                13.369745677000026
                            ],
                            [
                                122.586728676,
                                13.422256203000074
                            ],
                            [
                                122.6495392920001,
                                13.444670402000042
                            ]
                        ]
                    ]
                ]
            },
            "properties": {
                "Shape_Leng": 0.899533322613,
                "Shape_Area": 0.0146452577283,
                "ADM3_EN": "San Andres",
                "ADM3_PCODE": "PH045640000",
                "ADM3_REF": null,
                "ADM3ALT1EN": null,
                "ADM3ALT2EN": null,
                "ADM2_EN": "Quezon",
                "ADM2_PCODE": "PH045600000",
                "ADM1_EN": "Region IV-A",
                "ADM1_PCODE": "PH040000000",
                "ADM0_EN": "Philippines (the)",
                "ADM0_PCODE": "PH",
                "date": "2016/06/15",
                "validOn": "2018/01/30"
            }
        },
        {
            "type": "Feature",
            "geometry": {
                "type": "Polygon",
                "coordinates": [
                    [
                        [
                            121.37428327600003,
                            13.866905087000077
                        ],
                        [
                            121.34806799100011,
                            13.862572201000035
                        ],
                        [
                            121.33214587900011,
                            13.869742202000054
                        ],
                        [
                            121.30795183300006,
                            13.867019690000063
                        ],
                        [
                            121.27160968300007,
                            13.878059858000029
                        ],
                        [
                            121.23998049000011,
                            13.905983692000063
                        ],
                        [
                            121.23724036700003,
                            13.934252107000077
                        ],
                        [
                            121.24213681300012,
                            13.948381851000022
                        ],
                        [
                            121.26223797300008,
                            13.94339578000006
                        ],
                        [
                            121.27354411800002,
                            13.919190444000037
                        ],
                        [
                            121.28458657500005,
                            13.914717042000063
                        ],
                        [
                            121.32345305100012,
                            13.929500389000054
                        ],
                        [
                            121.33397684300007,
                            13.892935604000058
                        ],
                        [
                            121.36169233100009,
                            13.881540061000067
                        ],
                        [
                            121.37428327600003,
                            13.866905087000077
                        ]
                    ]
                ]
            },
            "properties": {
                "Shape_Leng": 0.455914500856,
                "Shape_Area": 0.0052166028859,
                "ADM3_EN": "San Antonio",
                "ADM3_PCODE": "PH045641000",
                "ADM3_REF": null,
                "ADM3ALT1EN": null,
                "ADM3ALT2EN": null,
                "ADM2_EN": "Quezon",
                "ADM2_PCODE": "PH045600000",
                "ADM1_EN": "Region IV-A",
                "ADM1_PCODE": "PH040000000",
                "ADM0_EN": "Philippines (the)",
                "ADM0_PCODE": "PH",
                "date": "2016/06/15",
                "validOn": "2018/01/30"
            }
        },
        {
            "type": "Feature",
            "geometry": {
                "type": "Polygon",
                "coordinates": [
                    [
                        [
                            122.586728676,
                            13.422256203000074
                        ],
                        [
                            122.58458537000001,
                            13.369745677000026
                        ],
                        [
                            122.5931143040001,
                            13.359718290000046
                        ],
                        [
                            122.596792047,
                            13.316646112000058
                        ],
                        [
                            122.62178655800005,
                            13.318126156000062
                        ],
                        [
                            122.63986669300004,
                            13.29194130600007
                        ],
                        [
                            122.64413169700003,
                            13.265083255000036
                        ],
                        [
                            122.65493235100007,
                            13.25756524600007
                        ],
                        [
                            122.65363410100008,
                            13.236469003000025
                        ],
                        [
                            122.663525907,
                            13.21107921600003
                        ],
                        [
                            122.64297067500002,
                            13.196679473000074
                        ],
                        [
                            122.62208313100007,
                            13.17144793600005
                        ],
                        [
                            122.59878267800002,
                            13.162089163000076
                        ],
                        [
                            122.56464192300007,
                            13.178826008000044
                        ],
                        [
                            122.53933971600009,
                            13.218898771000056
                        ],
                        [
                            122.50319771900001,
                            13.246563469000023
                        ],
                        [
                            122.51468655800011,
                            13.257053776000078
                        ],
                        [
                            122.51157066700011,
                            13.290989930000023
                        ],
                        [
                            122.52241547200003,
                            13.309181935000026
                        ],
                        [
                            122.51616277000005,
                            13.350051128000075
                        ],
                        [
                            122.48932020600012,
                            13.396159208000029
                        ],
                        [
                            122.49032907800006,
                            13.40301835200006
                        ],
                        [
                            122.5173748520001,
                            13.427702454000041
                        ],
                        [
                            122.55510235600002,
                            13.446350444000075
                        ],
                        [
                            122.586728676,
                            13.422256203000074
                        ]
                    ]
                ]
            },
            "properties": {
                "Shape_Leng": 1.00189882789,
                "Shape_Area": 0.0263763462833,
                "ADM3_EN": "San Francisco",
                "ADM3_PCODE": "PH045642000",
                "ADM3_REF": null,
                "ADM3ALT1EN": "Aurora",
                "ADM3ALT2EN": null,
                "ADM2_EN": "Quezon",
                "ADM2_PCODE": "PH045600000",
                "ADM1_EN": "Region IV-A",
                "ADM1_PCODE": "PH040000000",
                "ADM0_EN": "Philippines (the)",
                "ADM0_PCODE": "PH",
                "date": "2016/06/15",
                "validOn": "2018/01/30"
            }
        },
        {
            "type": "Feature",
            "geometry": {
                "type": "Polygon",
                "coordinates": [
                    [
                        [
                            122.50120651200007,
                            13.67107356300005
                        ],
                        [
                            122.4968001850001,
                            13.648013676000062
                        ],
                        [
                            122.52707417300007,
                            13.613742401000025
                        ],
                        [
                            122.54987068600008,
                            13.59514329500007
                        ],
                        [
                            122.54547268200008,
                            13.582016703000022
                        ],
                        [
                            122.56996793000008,
                            13.577362703000063
                        ],
                        [
                            122.63422480100007,
                            13.528953963000049
                        ],
                        [
                            122.62313947900009,
                            13.512962862000052
                        ],
                        [
                            122.60723489700001,
                            13.522154787000034
                        ],
                        [
                            122.5797621050001,
                            13.563344994000033
                        ],
                        [
                            122.56464320700002,
                            13.551563702000067
                        ],
                        [
                            122.57942176900008,
                            13.530269143000055
                        ],
                        [
                            122.60081670000011,
                            13.52183483300007
                        ],
                        [
                            122.60255800800007,
                            13.502847802000076
                        ],
                        [
                            122.6188670900001,
                            13.489154326000062
                        ],
                        [
                            122.6495392920001,
                            13.444670402000042
                        ],
                        [
                            122.586728676,
                            13.422256203000074
                        ],
                        [
                            122.55510235600002,
                            13.446350444000075
                        ],
                        [
                            122.548505384,
                            13.478067734000035
                        ],
                        [
                            122.53380357800006,
                            13.505869896000036
                        ],
                        [
                            122.52434087900008,
                            13.507935045000067
                        ],
                        [
                            122.47985676700011,
                            13.579296015000068
                        ],
                        [
                            122.45688004400006,
                            13.610660451000058
                        ],
                        [
                            122.43926783200004,
                            13.644753815000058
                        ],
                        [
                            122.40372301600007,
                            13.651040740000042
                        ],
                        [
                            122.4003048730001,
                            13.660564538000074
                        ],
                        [
                            122.41499266700009,
                            13.688576389000048
                        ],
                        [
                            122.43701000400006,
                            13.697030683000037
                        ],
                        [
                            122.45347031800009,
                            13.693294562000062
                        ],
                        [
                            122.46041540700003,
                            13.677917040000068
                        ],
                        [
                            122.48070285300003,
                            13.667638857000043
                        ],
                        [
                            122.50120651200007,
                            13.67107356300005
                        ]
                    ]
                ]
            },
            "properties": {
                "Shape_Leng": 1.29104998101,
                "Shape_Area": 0.0202659471574,
                "ADM3_EN": "San Narciso",
                "ADM3_PCODE": "PH045644000",
                "ADM3_REF": null,
                "ADM3ALT1EN": null,
                "ADM3ALT2EN": null,
                "ADM2_EN": "Quezon",
                "ADM2_PCODE": "PH045600000",
                "ADM1_EN": "Region IV-A",
                "ADM1_PCODE": "PH040000000",
                "ADM0_EN": "Philippines (the)",
                "ADM0_PCODE": "PH",
                "date": "2016/06/15",
                "validOn": "2018/01/30"
            }
        },
        {
            "type": "Feature",
            "geometry": {
                "type": "Polygon",
                "coordinates": [
                    [
                        [
                            121.55469601200002,
                            13.946192129000053
                        ],
                        [
                            121.57266497400008,
                            13.920795439000074
                        ],
                        [
                            121.573554392,
                            13.899745947000042
                        ],
                        [
                            121.58440324300011,
                            13.890172180000036
                        ],
                        [
                            121.58439502100009,
                            13.890098800000032
                        ],
                        [
                            121.58415527200009,
                            13.889955342000064
                        ],
                        [
                            121.55392163300007,
                            13.871936233000042
                        ],
                        [
                            121.49649541400004,
                            13.853481067000075
                        ],
                        [
                            121.46849276000012,
                            13.833888615000035
                        ],
                        [
                            121.46074617700003,
                            13.817077942000026
                        ],
                        [
                            121.42720971500012,
                            13.838078787000029
                        ],
                        [
                            121.44161425200002,
                            13.859514170000068
                        ],
                        [
                            121.44398598700002,
                            13.887014016000023
                        ],
                        [
                            121.45581955600005,
                            13.896684933000074
                        ],
                        [
                            121.46647282800006,
                            13.960459741000022
                        ],
                        [
                            121.45917102700002,
                            13.984178150000048
                        ],
                        [
                            121.46843026900001,
                            13.995028511000044
                        ],
                        [
                            121.47868212900005,
                            14.06108342400006
                        ],
                        [
                            121.49406640900008,
                            14.054904308000062
                        ],
                        [
                            121.54790793100005,
                            13.971324965000065
                        ],
                        [
                            121.55469601200002,
                            13.946192129000053
                        ]
                    ]
                ]
            },
            "properties": {
                "Shape_Leng": 0.818994811156,
                "Shape_Area": 0.0178830725391,
                "ADM3_EN": "Sariaya",
                "ADM3_PCODE": "PH045645000",
                "ADM3_REF": null,
                "ADM3ALT1EN": null,
                "ADM3ALT2EN": null,
                "ADM2_EN": "Quezon",
                "ADM2_PCODE": "PH045600000",
                "ADM1_EN": "Region IV-A",
                "ADM1_PCODE": "PH040000000",
                "ADM0_EN": "Philippines (the)",
                "ADM0_PCODE": "PH",
                "date": "2016/06/15",
                "validOn": "2018/01/30"
            }
        },
        {
            "type": "Feature",
            "geometry": {
                "type": "Polygon",
                "coordinates": [
                    [
                        [
                            122.42148935400007,
                            13.943531610000036
                        ],
                        [
                            122.41417496800011,
                            13.962553123000077
                        ],
                        [
                            122.39775358800011,
                            13.978553409000028
                        ],
                        [
                            122.37655894600005,
                            13.983134281000048
                        ],
                        [
                            122.37070199900006,
                            14.008418036000023
                        ],
                        [
                            122.37889612900005,
                            14.019892672000026
                        ],
                        [
                            122.3805856350001,
                            14.047715664000066
                        ],
                        [
                            122.39890611500005,
                            14.048569574000055
                        ],
                        [
                            122.41091132200006,
                            14.036969071000044
                        ],
                        [
                            122.42737125200006,
                            14.038637210000047
                        ],
                        [
                            122.43918759900009,
                            14.07196915000003
                        ],
                        [
                            122.42633569700001,
                            14.107850184000029
                        ],
                        [
                            122.45199363600011,
                            14.150213563000023
                        ],
                        [
                            122.538911374,
                            14.116739880000068
                        ],
                        [
                            122.6416175170001,
                            14.070068482000067
                        ],
                        [
                            122.71850226100003,
                            14.042740808000076
                        ],
                        [
                            122.79251799700012,
                            14.013752262000025
                        ],
                        [
                            122.66522009700009,
                            13.983192314000064
                        ],
                        [
                            122.6201502670001,
                            13.967995488000042
                        ],
                        [
                            122.58387379100009,
                            13.96181139500004
                        ],
                        [
                            122.53344986000002,
                            13.943367887000022
                        ],
                        [
                            122.50600176000012,
                            13.927294166000024
                        ],
                        [
                            122.46922141700009,
                            13.934145212000033
                        ],
                        [
                            122.44896102300004,
                            13.926515023000036
                        ],
                        [
                            122.43633539600012,
                            13.944239149000055
                        ],
                        [
                            122.42148935400007,
                            13.943531610000036
                        ]
                    ]
                ]
            },
            "properties": {
                "Shape_Leng": 1.38084914396,
                "Shape_Area": 0.0461653908658,
                "ADM3_EN": "Tagkawayan",
                "ADM3_PCODE": "PH045646000",
                "ADM3_REF": null,
                "ADM3ALT1EN": null,
                "ADM3ALT2EN": null,
                "ADM2_EN": "Quezon",
                "ADM2_PCODE": "PH045600000",
                "ADM1_EN": "Region IV-A",
                "ADM1_PCODE": "PH040000000",
                "ADM0_EN": "Philippines (the)",
                "ADM0_PCODE": "PH",
                "date": "2016/06/15",
                "validOn": "2018/01/30"
            }
        },
        {
            "type": "Feature",
            "geometry": {
                "type": "Polygon",
                "coordinates": [
                    [
                        [
                            121.65765618400007,
                            14.101296310000066
                        ],
                        [
                            121.71877251600006,
                            14.095071302000065
                        ],
                        [
                            121.74513246200002,
                            14.08293020700006
                        ],
                        [
                            121.7544892730001,
                            14.060963303000051
                        ],
                        [
                            121.74190521000003,
                            14.056684970000049
                        ],
                        [
                            121.74018860000001,
                            14.055376050000064
                        ],
                        [
                            121.70803322400002,
                            14.046516504000067
                        ],
                        [
                            121.68533675000003,
                            14.02735769900005
                        ],
                        [
                            121.65723708400003,
                            14.018140638000034
                        ],
                        [
                            121.63451588900011,
                            13.983814993000067
                        ],
                        [
                            121.61572440500004,
                            13.986227043000042
                        ],
                        [
                            121.55469601200002,
                            13.946192129000053
                        ],
                        [
                            121.54790793100005,
                            13.971324965000065
                        ],
                        [
                            121.49406640900008,
                            14.054904308000062
                        ],
                        [
                            121.47868212900005,
                            14.06108342400006
                        ],
                        [
                            121.47859448800011,
                            14.064792674000046
                        ],
                        [
                            121.48737778300006,
                            14.068562180000072
                        ],
                        [
                            121.5060186400001,
                            14.057448725000029
                        ],
                        [
                            121.52721787100006,
                            14.061032169000043
                        ],
                        [
                            121.58835060700005,
                            14.063216940000075
                        ],
                        [
                            121.59249005000004,
                            14.074022231000072
                        ],
                        [
                            121.62754504000009,
                            14.095633750000047
                        ],
                        [
                            121.65765618400007,
                            14.101296310000066
                        ]
                    ]
                ]
            },
            "properties": {
                "Shape_Leng": 0.885046672419,
                "Shape_Area": 0.0188205018618,
                "ADM3_EN": "City of Tayabas",
                "ADM3_PCODE": "PH045647000",
                "ADM3_REF": null,
                "ADM3ALT1EN": null,
                "ADM3ALT2EN": null,
                "ADM2_EN": "Quezon",
                "ADM2_PCODE": "PH045600000",
                "ADM1_EN": "Region IV-A",
                "ADM1_PCODE": "PH040000000",
                "ADM0_EN": "Philippines (the)",
                "ADM0_PCODE": "PH",
                "date": "2016/06/15",
                "validOn": "2018/01/30"
            }
        },
        {
            "type": "Feature",
            "geometry": {
                "type": "Polygon",
                "coordinates": [
                    [
                        [
                            121.40066449000005,
                            13.973196815000051
                        ],
                        [
                            121.3836678020001,
                            13.939571090000072
                        ],
                        [
                            121.369948055,
                            13.901719100000037
                        ],
                        [
                            121.39636026500011,
                            13.855445344000032
                        ],
                        [
                            121.39811067200003,
                            13.845612200000062
                        ],
                        [
                            121.37892195100005,
                            13.850860930000067
                        ],
                        [
                            121.37428327600003,
                            13.866905087000077
                        ],
                        [
                            121.36169233100009,
                            13.881540061000067
                        ],
                        [
                            121.33397684300007,
                            13.892935604000058
                        ],
                        [
                            121.32345305100012,
                            13.929500389000054
                        ],
                        [
                            121.28458657500005,
                            13.914717042000063
                        ],
                        [
                            121.27354411800002,
                            13.919190444000037
                        ],
                        [
                            121.26223797300008,
                            13.94339578000006
                        ],
                        [
                            121.24213681300012,
                            13.948381851000022
                        ],
                        [
                            121.24647366500005,
                            13.963490883000077
                        ],
                        [
                            121.27842933000011,
                            13.974127137000039
                        ],
                        [
                            121.29666784200003,
                            13.971803668000064
                        ],
                        [
                            121.3293513110001,
                            13.985808889000054
                        ],
                        [
                            121.34016482200002,
                            14.003546805000042
                        ],
                        [
                            121.34944853000002,
                            13.987899814000059
                        ],
                        [
                            121.40066449000005,
                            13.973196815000051
                        ]
                    ]
                ]
            },
            "properties": {
                "Shape_Leng": 0.651995361515,
                "Shape_Area": 0.00998640629954,
                "ADM3_EN": "Tiaong",
                "ADM3_PCODE": "PH045648000",
                "ADM3_REF": null,
                "ADM3ALT1EN": null,
                "ADM3ALT2EN": null,
                "ADM2_EN": "Quezon",
                "ADM2_PCODE": "PH045600000",
                "ADM1_EN": "Region IV-A",
                "ADM1_PCODE": "PH040000000",
                "ADM0_EN": "Philippines (the)",
                "ADM0_PCODE": "PH",
                "date": "2016/06/15",
                "validOn": "2018/01/30"
            }
        },
        {
            "type": "Feature",
            "geometry": {
                "type": "Polygon",
                "coordinates": [
                    [
                        [
                            122.02960651,
                            13.897467604000042
                        ],
                        [
                            122.0435519880001,
                            13.881369025000026
                        ],
                        [
                            122.04202825300001,
                            13.866098562000047
                        ],
                        [
                            122.05981618900012,
                            13.849701861000028
                        ],
                        [
                            122.06194636500004,
                            13.82755127300004
                        ],
                        [
                            122.03979670100011,
                            13.826993751000032
                        ],
                        [
                            122.02819058500006,
                            13.806748809000055
                        ],
                        [
                            121.98111445600011,
                            13.80631926500007
                        ],
                        [
                            121.97394871600011,
                            13.839920198000073
                        ],
                        [
                            121.94890565800006,
                            13.851504222000074
                        ],
                        [
                            121.94873607400007,
                            13.851527278000049
                        ],
                        [
                            121.9486850940001,
                            13.851599521000026
                        ],
                        [
                            121.94167107600003,
                            13.886329171000057
                        ],
                        [
                            121.9487582050001,
                            13.90857068400004
                        ],
                        [
                            121.94201369900009,
                            13.917526572000043
                        ],
                        [
                            121.97566718100006,
                            13.908232550000037
                        ],
                        [
                            122.00377590200003,
                            13.912808093000024
                        ],
                        [
                            122.02960651,
                            13.897467604000042
                        ]
                    ]
                ]
            },
            "properties": {
                "Shape_Leng": 0.595337912688,
                "Shape_Area": 0.00898222467539,
                "ADM3_EN": "Unisan",
                "ADM3_PCODE": "PH045649000",
                "ADM3_REF": null,
                "ADM3ALT1EN": null,
                "ADM3ALT2EN": null,
                "ADM2_EN": "Quezon",
                "ADM2_PCODE": "PH045600000",
                "ADM1_EN": "Region IV-A",
                "ADM1_PCODE": "PH040000000",
                "ADM0_EN": "Philippines (the)",
                "ADM0_PCODE": "PH",
                "date": "2016/06/15",
                "validOn": "2018/01/30"
            }
        },
        {
            "type": "Feature",
            "geometry": {
                "type": "Polygon",
                "coordinates": [
                    [
                        [
                            121.19275197000002,
                            14.541406298000027
                        ],
                        [
                            121.15166974400006,
                            14.517946848000065
                        ],
                        [
                            121.1393416200001,
                            14.533752162000042
                        ],
                        [
                            121.16027291600005,
                            14.55132218700004
                        ],
                        [
                            121.1956145580001,
                            14.561239108000052
                        ],
                        [
                            121.19275197000002,
                            14.541406298000027
                        ]
                    ]
                ]
            },
            "properties": {
                "Shape_Leng": 0.196762099179,
                "Shape_Area": 0.00122964565319,
                "ADM3_EN": "Angono",
                "ADM3_PCODE": "PH045801000",
                "ADM3_REF": null,
                "ADM3ALT1EN": null,
                "ADM3ALT2EN": null,
                "ADM2_EN": "Rizal",
                "ADM2_PCODE": "PH045800000",
                "ADM1_EN": "Region IV-A",
                "ADM1_PCODE": "PH040000000",
                "ADM0_EN": "Philippines (the)",
                "ADM0_PCODE": "PH",
                "date": "2016/06/15",
                "validOn": "2018/01/30"
            }
        },
        {
            "type": "Feature",
            "geometry": {
                "type": "Polygon",
                "coordinates": [
                    [
                        [
                            121.30926809400012,
                            14.760710379000045
                        ],
                        [
                            121.32744675000004,
                            14.666455564000046
                        ],
                        [
                            121.30598436000002,
                            14.608537793000039
                        ],
                        [
                            121.2576238470001,
                            14.589898967000067
                        ],
                        [
                            121.25118844300005,
                            14.585690880000072
                        ],
                        [
                            121.1956145580001,
                            14.561239108000052
                        ],
                        [
                            121.16027291600005,
                            14.55132218700004
                        ],
                        [
                            121.15007450100006,
                            14.591704900000025
                        ],
                        [
                            121.11167269900011,
                            14.636065219000045
                        ],
                        [
                            121.13337563300001,
                            14.653693069000042
                        ],
                        [
                            121.21591587900002,
                            14.688906407000047
                        ],
                        [
                            121.24447308800006,
                            14.767508446000022
                        ],
                        [
                            121.30926809400012,
                            14.760710379000045
                        ]
                    ]
                ]
            },
            "properties": {
                "Shape_Leng": 1.12237662029,
                "Shape_Area": 0.0220954923729,
                "ADM3_EN": "City of Antipolo",
                "ADM3_PCODE": "PH045802000",
                "ADM3_REF": null,
                "ADM3ALT1EN": null,
                "ADM3ALT2EN": null,
                "ADM2_EN": "Rizal",
                "ADM2_PCODE": "PH045800000",
                "ADM1_EN": "Region IV-A",
                "ADM1_PCODE": "PH040000000",
                "ADM0_EN": "Philippines (the)",
                "ADM0_PCODE": "PH",
                "date": "2016/06/15",
                "validOn": "2018/01/30"
            }
        },
        {
            "type": "Feature",
            "geometry": {
                "type": "Polygon",
                "coordinates": [
                    [
                        [
                            121.30598436000002,
                            14.608537793000039
                        ],
                        [
                            121.27125233000004,
                            14.505050396000058
                        ],
                        [
                            121.26073972400002,
                            14.504787419000024
                        ],
                        [
                            121.2576238470001,
                            14.589898967000067
                        ],
                        [
                            121.30598436000002,
                            14.608537793000039
                        ]
                    ]
                ]
            },
            "properties": {
                "Shape_Leng": 0.451857621988,
                "Shape_Area": 0.00453122372488,
                "ADM3_EN": "Baras",
                "ADM3_PCODE": "PH045803000",
                "ADM3_REF": null,
                "ADM3ALT1EN": null,
                "ADM3ALT2EN": null,
                "ADM2_EN": "Rizal",
                "ADM2_PCODE": "PH045800000",
                "ADM1_EN": "Region IV-A",
                "ADM1_PCODE": "PH040000000",
                "ADM0_EN": "Philippines (the)",
                "ADM0_PCODE": "PH",
                "date": "2016/06/15",
                "validOn": "2018/01/30"
            }
        },
        {
            "type": "Feature",
            "geometry": {
                "type": "MultiPolygon",
                "coordinates": [
                    [
                        [
                            [
                                121.22501106400011,
                                14.401833348000025
                            ],
                            [
                                121.24243183500005,
                                14.315529783000045
                            ],
                            [
                                121.21514231600008,
                                14.346864679000078
                            ],
                            [
                                121.22501106400011,
                                14.401833348000025
                            ]
                        ]
                    ],
                    [
                        [
                            [
                                121.20766762000005,
                                14.535486674000026
                            ],
                            [
                                121.21007697300001,
                                14.509812422000039
                            ],
                            [
                                121.21758986000009,
                                14.416261389000056
                            ],
                            [
                                121.15166974400006,
                                14.517946848000065
                            ],
                            [
                                121.19275197000002,
                                14.541406298000027
                            ],
                            [
                                121.20766762000005,
                                14.535486674000026
                            ]
                        ]
                    ]
                ]
            },
            "properties": {
                "Shape_Leng": 0.786160378425,
                "Shape_Area": 0.00452410805471,
                "ADM3_EN": "Binangonan",
                "ADM3_PCODE": "PH045804000",
                "ADM3_REF": null,
                "ADM3ALT1EN": null,
                "ADM3ALT2EN": null,
                "ADM2_EN": "Rizal",
                "ADM2_PCODE": "PH045800000",
                "ADM1_EN": "Region IV-A",
                "ADM1_PCODE": "PH040000000",
                "ADM0_EN": "Philippines (the)",
                "ADM0_PCODE": "PH",
                "date": "2016/06/15",
                "validOn": "2018/01/30"
            }
        },
        {
            "type": "Feature",
            "geometry": {
                "type": "Polygon",
                "coordinates": [
                    [
                        [
                            121.11167269900011,
                            14.636065219000045
                        ],
                        [
                            121.15007450100006,
                            14.591704900000025
                        ],
                        [
                            121.10868212700007,
                            14.547775977000072
                        ],
                        [
                            121.11167269900011,
                            14.636065219000045
                        ]
                    ]
                ]
            },
            "properties": {
                "Shape_Leng": 0.360575815596,
                "Shape_Area": 0.00175918677622,
                "ADM3_EN": "Cainta",
                "ADM3_PCODE": "PH045805000",
                "ADM3_REF": null,
                "ADM3ALT1EN": null,
                "ADM3ALT2EN": null,
                "ADM2_EN": "Rizal",
                "ADM2_PCODE": "PH045800000",
                "ADM1_EN": "Region IV-A",
                "ADM1_PCODE": "PH040000000",
                "ADM0_EN": "Philippines (the)",
                "ADM0_PCODE": "PH",
                "date": "2016/06/15",
                "validOn": "2018/01/30"
            }
        },
        {
            "type": "Feature",
            "geometry": {
                "type": "Polygon",
                "coordinates": [
                    [
                        [
                            121.23955914600003,
                            14.498433514000055
                        ],
                        [
                            121.21758986000009,
                            14.416261389000056
                        ],
                        [
                            121.21007697300001,
                            14.509812422000039
                        ],
                        [
                            121.23955914600003,
                            14.498433514000055
                        ]
                    ]
                ]
            },
            "properties": {
                "Shape_Leng": 0.594177904164,
                "Shape_Area": 0.00203061044203,
                "ADM3_EN": "Cardona",
                "ADM3_PCODE": "PH045806000",
                "ADM3_REF": null,
                "ADM3ALT1EN": null,
                "ADM3ALT2EN": null,
                "ADM2_EN": "Rizal",
                "ADM2_PCODE": "PH045800000",
                "ADM1_EN": "Region IV-A",
                "ADM1_PCODE": "PH040000000",
                "ADM0_EN": "Philippines (the)",
                "ADM0_PCODE": "PH",
                "date": "2016/06/15",
                "validOn": "2018/01/30"
            }
        },
        {
            "type": "Feature",
            "geometry": null,
            "properties": {
                "Shape_Leng": 0.329612656997,
                "Shape_Area": 0.00365960672918,
                "ADM3_EN": "Jala-Jala",
                "ADM3_PCODE": "PH045807000",
                "ADM3_REF": null,
                "ADM3ALT1EN": null,
                "ADM3ALT2EN": null,
                "ADM2_EN": "Rizal",
                "ADM2_PCODE": "PH045800000",
                "ADM1_EN": "Region IV-A",
                "ADM1_PCODE": "PH040000000",
                "ADM0_EN": "Philippines (the)",
                "ADM0_PCODE": "PH",
                "date": "2016/06/15",
                "validOn": "2018/01/30"
            }
        },
        {
            "type": "Feature",
            "geometry": {
                "type": "Polygon",
                "coordinates": [
                    [
                        [
                            121.33437876000005,
                            14.768529387000058
                        ],
                        [
                            121.30926809400012,
                            14.760710379000045
                        ],
                        [
                            121.24447308800006,
                            14.767508446000022
                        ],
                        [
                            121.21591587900002,
                            14.688906407000047
                        ],
                        [
                            121.12562594200006,
                            14.717823816000077
                        ],
                        [
                            121.1368658130001,
                            14.801465402000076
                        ],
                        [
                            121.33035662500004,
                            14.834802543000023
                        ],
                        [
                            121.33437876000005,
                            14.768529387000058
                        ]
                    ]
                ]
            },
            "properties": {
                "Shape_Leng": 0.912827464714,
                "Shape_Area": 0.019730275022,
                "ADM3_EN": "Rodriguez",
                "ADM3_PCODE": "PH045808000",
                "ADM3_REF": null,
                "ADM3ALT1EN": "Montalban",
                "ADM3ALT2EN": null,
                "ADM2_EN": "Rizal",
                "ADM2_PCODE": "PH045800000",
                "ADM1_EN": "Region IV-A",
                "ADM1_PCODE": "PH040000000",
                "ADM0_EN": "Philippines (the)",
                "ADM0_PCODE": "PH",
                "date": "2016/06/15",
                "validOn": "2018/01/30"
            }
        },
        {
            "type": "Feature",
            "geometry": {
                "type": "Polygon",
                "coordinates": [
                    [
                        [
                            121.2576238470001,
                            14.589898967000067
                        ],
                        [
                            121.26073972400002,
                            14.504787419000024
                        ],
                        [
                            121.23955914600003,
                            14.498433514000055
                        ],
                        [
                            121.21007697300001,
                            14.509812422000039
                        ],
                        [
                            121.20766762000005,
                            14.535486674000026
                        ],
                        [
                            121.25118844300005,
                            14.585690880000072
                        ],
                        [
                            121.2576238470001,
                            14.589898967000067
                        ]
                    ]
                ]
            },
            "properties": {
                "Shape_Leng": 0.300832537262,
                "Shape_Area": 0.00289855970648,
                "ADM3_EN": "Morong",
                "ADM3_PCODE": "PH045809000",
                "ADM3_REF": null,
                "ADM3ALT1EN": null,
                "ADM3ALT2EN": null,
                "ADM2_EN": "Rizal",
                "ADM2_PCODE": "PH045800000",
                "ADM1_EN": "Region IV-A",
                "ADM1_PCODE": "PH040000000",
                "ADM0_EN": "Philippines (the)",
                "ADM0_PCODE": "PH",
                "date": "2016/06/15",
                "validOn": "2018/01/30"
            }
        },
        {
            "type": "Feature",
            "geometry": {
                "type": "Polygon",
                "coordinates": [
                    [
                        [
                            121.37051031100009,
                            14.504429723000044
                        ],
                        [
                            121.36919831600005,
                            14.375142206000078
                        ],
                        [
                            121.33271179000008,
                            14.383751965000044
                        ],
                        [
                            121.32510470500006,
                            14.46085707900005
                        ],
                        [
                            121.29310758500003,
                            14.483611361000044
                        ],
                        [
                            121.37051031100009,
                            14.504429723000044
                        ]
                    ]
                ]
            },
            "properties": {
                "Shape_Leng": 0.50204472229,
                "Shape_Area": 0.00557536139552,
                "ADM3_EN": "Pililla",
                "ADM3_PCODE": "PH045810000",
                "ADM3_REF": null,
                "ADM3ALT1EN": null,
                "ADM3ALT2EN": null,
                "ADM2_EN": "Rizal",
                "ADM2_PCODE": "PH045800000",
                "ADM1_EN": "Region IV-A",
                "ADM1_PCODE": "PH040000000",
                "ADM0_EN": "Philippines (the)",
                "ADM0_PCODE": "PH",
                "date": "2016/06/15",
                "validOn": "2018/01/30"
            }
        },
        {
            "type": "Feature",
            "geometry": {
                "type": "Polygon",
                "coordinates": [
                    [
                        [
                            121.21591587900002,
                            14.688906407000047
                        ],
                        [
                            121.13337563300001,
                            14.653693069000042
                        ],
                        [
                            121.12562594200006,
                            14.717823816000077
                        ],
                        [
                            121.21591587900002,
                            14.688906407000047
                        ]
                    ]
                ]
            },
            "properties": {
                "Shape_Leng": 0.404361384934,
                "Shape_Area": 0.00482649478386,
                "ADM3_EN": "San Mateo",
                "ADM3_PCODE": "PH045811000",
                "ADM3_REF": null,
                "ADM3ALT1EN": null,
                "ADM3ALT2EN": null,
                "ADM2_EN": "Rizal",
                "ADM2_PCODE": "PH045800000",
                "ADM1_EN": "Region IV-A",
                "ADM1_PCODE": "PH040000000",
                "ADM0_EN": "Philippines (the)",
                "ADM0_PCODE": "PH",
                "date": "2016/06/15",
                "validOn": "2018/01/30"
            }
        },
        {
            "type": "Feature",
            "geometry": {
                "type": "Polygon",
                "coordinates": [
                    [
                        [
                            121.37051031100009,
                            14.504429723000044
                        ],
                        [
                            121.29310758500003,
                            14.483611361000044
                        ],
                        [
                            121.27125233000004,
                            14.505050396000058
                        ],
                        [
                            121.30598436000002,
                            14.608537793000039
                        ],
                        [
                            121.32744675000004,
                            14.666455564000046
                        ],
                        [
                            121.30926809400012,
                            14.760710379000045
                        ],
                        [
                            121.33437876000005,
                            14.768529387000058
                        ],
                        [
                            121.35387583300007,
                            14.722557836000021
                        ],
                        [
                            121.40480679900008,
                            14.690213882000023
                        ],
                        [
                            121.40486651800006,
                            14.63926604900007
                        ],
                        [
                            121.44173702300009,
                            14.62248246400003
                        ],
                        [
                            121.44938626100009,
                            14.56961988200004
                        ],
                        [
                            121.37051031100009,
                            14.504429723000044
                        ]
                    ]
                ]
            },
            "properties": {
                "Shape_Leng": 1.05372079189,
                "Shape_Area": 0.0238054331842,
                "ADM3_EN": "Tanay",
                "ADM3_PCODE": "PH045812000",
                "ADM3_REF": null,
                "ADM3ALT1EN": null,
                "ADM3ALT2EN": null,
                "ADM2_EN": "Rizal",
                "ADM2_PCODE": "PH045800000",
                "ADM1_EN": "Region IV-A",
                "ADM1_PCODE": "PH040000000",
                "ADM0_EN": "Philippines (the)",
                "ADM0_PCODE": "PH",
                "date": "2016/06/15",
                "validOn": "2018/01/30"
            }
        },
        {
            "type": "Feature",
            "geometry": {
                "type": "Polygon",
                "coordinates": [
                    [
                        [
                            121.16027291600005,
                            14.55132218700004
                        ],
                        [
                            121.1393416200001,
                            14.533752162000042
                        ],
                        [
                            121.10868212700007,
                            14.547775977000072
                        ],
                        [
                            121.15007450100006,
                            14.591704900000025
                        ],
                        [
                            121.16027291600005,
                            14.55132218700004
                        ]
                    ]
                ]
            },
            "properties": {
                "Shape_Leng": 0.301004561203,
                "Shape_Area": 0.00238140466499,
                "ADM3_EN": "Taytay",
                "ADM3_PCODE": "PH045813000",
                "ADM3_REF": null,
                "ADM3ALT1EN": null,
                "ADM3ALT2EN": null,
                "ADM2_EN": "Rizal",
                "ADM2_PCODE": "PH045800000",
                "ADM1_EN": "Region IV-A",
                "ADM1_PCODE": "PH040000000",
                "ADM0_EN": "Philippines (the)",
                "ADM0_PCODE": "PH",
                "date": "2016/06/15",
                "validOn": "2018/01/30"
            }
        },
        {
            "type": "Feature",
            "geometry": {
                "type": "Polygon",
                "coordinates": [
                    [
                        [
                            121.25118844300005,
                            14.585690880000072
                        ],
                        [
                            121.20766762000005,
                            14.535486674000026
                        ],
                        [
                            121.19275197000002,
                            14.541406298000027
                        ],
                        [
                            121.1956145580001,
                            14.561239108000052
                        ],
                        [
                            121.25118844300005,
                            14.585690880000072
                        ]
                    ]
                ]
            },
            "properties": {
                "Shape_Leng": 0.209718410199,
                "Shape_Area": 0.00163886228156,
                "ADM3_EN": "Teresa",
                "ADM3_PCODE": "PH045814000",
                "ADM3_REF": null,
                "ADM3ALT1EN": null,
                "ADM3ALT2EN": null,
                "ADM2_EN": "Rizal",
                "ADM2_PCODE": "PH045800000",
                "ADM1_EN": "Region IV-A",
                "ADM1_PCODE": "PH040000000",
                "ADM0_EN": "Philippines (the)",
                "ADM0_PCODE": "PH",
                "date": "2016/06/15",
                "validOn": "2018/01/30"
            }
        },
        {
            "type": "Feature",
            "geometry": {
                "type": "Polygon",
                "coordinates": [
                    [
                        [
                            121.05966011600003,
                            14.59007071800005
                        ],
                        [
                            121.05139764300009,
                            14.567941174000055
                        ],
                        [
                            121.02603883000006,
                            14.59479852000004
                        ],
                        [
                            121.05924493500004,
                            14.601644073000045
                        ],
                        [
                            121.05966011600003,
                            14.59007071800005
                        ]
                    ]
                ]
            },
            "properties": {
                "Shape_Leng": 0.141519563419,
                "Shape_Area": 0.000948954134076,
                "ADM3_EN": "City of Mandaluyong",
                "ADM3_PCODE": "PH137401000",
                "ADM3_REF": null,
                "ADM3ALT1EN": null,
                "ADM3ALT2EN": null,
                "ADM2_EN": "NCR, Second District",
                "ADM2_PCODE": "PH137400000",
                "ADM1_EN": "National Capital Region",
                "ADM1_PCODE": "PH130000000",
                "ADM0_EN": "Philippines (the)",
                "ADM0_PCODE": "PH",
                "date": "2016/06/15",
                "validOn": "2018/01/30"
            }
        },
        {
            "type": "Feature",
            "geometry": {
                "type": "Polygon",
                "coordinates": [
                    [
                        [
                            121.10187866500007,
                            14.620657343000062
                        ],
                        [
                            121.07903023100005,
                            14.617969850000065
                        ],
                        [
                            121.10670234300005,
                            14.675499389000038
                        ],
                        [
                            121.10187866500007,
                            14.620657343000062
                        ]
                    ]
                ]
            },
            "properties": {
                "Shape_Leng": 0.25701684045,
                "Shape_Area": 0.00192389849153,
                "ADM3_EN": "City of Marikina",
                "ADM3_PCODE": "PH137402000",
                "ADM3_REF": null,
                "ADM3ALT1EN": null,
                "ADM3ALT2EN": null,
                "ADM2_EN": "NCR, Second District",
                "ADM2_PCODE": "PH137400000",
                "ADM1_EN": "National Capital Region",
                "ADM1_PCODE": "PH130000000",
                "ADM0_EN": "Philippines (the)",
                "ADM0_PCODE": "PH",
                "date": "2016/06/15",
                "validOn": "2018/01/30"
            }
        },
        {
            "type": "Feature",
            "geometry": {
                "type": "Polygon",
                "coordinates": [
                    [
                        [
                            121.10187866500007,
                            14.620657343000062
                        ],
                        [
                            121.05139764300009,
                            14.567941174000055
                        ],
                        [
                            121.05966011600003,
                            14.59007071800005
                        ],
                        [
                            121.07903023100005,
                            14.617969850000065
                        ],
                        [
                            121.10187866500007,
                            14.620657343000062
                        ]
                    ]
                ]
            },
            "properties": {
                "Shape_Leng": 0.344847549341,
                "Shape_Area": 0.00262556408687,
                "ADM3_EN": "City of Pasig",
                "ADM3_PCODE": "PH137403000",
                "ADM3_REF": null,
                "ADM3ALT1EN": null,
                "ADM3ALT2EN": null,
                "ADM2_EN": "NCR, Second District",
                "ADM2_PCODE": "PH137400000",
                "ADM1_EN": "National Capital Region",
                "ADM1_PCODE": "PH130000000",
                "ADM0_EN": "Philippines (the)",
                "ADM0_PCODE": "PH",
                "date": "2016/06/15",
                "validOn": "2018/01/30"
            }
        },
        {
            "type": "Feature",
            "geometry": {
                "type": "Polygon",
                "coordinates": [
                    [
                        [
                            121.10670234300005,
                            14.675499389000038
                        ],
                        [
                            121.07903023100005,
                            14.617969850000065
                        ],
                        [
                            121.05966011600003,
                            14.59007071800005
                        ],
                        [
                            121.05924493500004,
                            14.601644073000045
                        ],
                        [
                            121.01962265700001,
                            14.603057785000033
                        ],
                        [
                            120.98988594100001,
                            14.62564046500006
                        ],
                        [
                            121.02265398600002,
                            14.687140174000035
                        ],
                        [
                            121.01443080100012,
                            14.719158309000022
                        ],
                        [
                            121.12478007000004,
                            14.766289029000063
                        ],
                        [
                            121.10670234300005,
                            14.675499389000038
                        ]
                    ]
                ]
            },
            "properties": {
                "Shape_Leng": 0.773902307136,
                "Shape_Area": 0.0136303409711,
                "ADM3_EN": "Quezon City",
                "ADM3_PCODE": "PH137404000",
                "ADM3_REF": null,
                "ADM3ALT1EN": null,
                "ADM3ALT2EN": null,
                "ADM2_EN": "NCR, Second District",
                "ADM2_PCODE": "PH137400000",
                "ADM1_EN": "National Capital Region",
                "ADM1_PCODE": "PH130000000",
                "ADM0_EN": "Philippines (the)",
                "ADM0_PCODE": "PH",
                "date": "2016/06/15",
                "validOn": "2018/01/30"
            }
        },
        {
            "type": "Feature",
            "geometry": {
                "type": "Polygon",
                "coordinates": [
                    [
                        [
                            121.05924493500004,
                            14.601644073000045
                        ],
                        [
                            121.02603883000006,
                            14.59479852000004
                        ],
                        [
                            121.01962265700001,
                            14.603057785000033
                        ],
                        [
                            121.05924493500004,
                            14.601644073000045
                        ]
                    ]
                ]
            },
            "properties": {
                "Shape_Leng": 0.114846642251,
                "Shape_Area": 0.000484686128588,
                "ADM3_EN": "City of San Juan",
                "ADM3_PCODE": "PH137405000",
                "ADM3_REF": null,
                "ADM3ALT1EN": null,
                "ADM3ALT2EN": null,
                "ADM2_EN": "NCR, Second District",
                "ADM2_PCODE": "PH137400000",
                "ADM1_EN": "National Capital Region",
                "ADM1_PCODE": "PH130000000",
                "ADM0_EN": "Philippines (the)",
                "ADM0_PCODE": "PH",
                "date": "2016/06/15",
                "validOn": "2018/01/30"
            }
        },
        {
            "type": "Feature",
            "geometry": {
                "type": "MultiPolygon",
                "coordinates": [
                    [
                        [
                            [
                                121.02257449100011,
                                14.690437151000026
                            ],
                            [
                                120.99127371600002,
                                14.639904883000042
                            ],
                            [
                                120.96862458800001,
                                14.63559090800004
                            ],
                            [
                                120.9622596260001,
                                14.645016088000034
                            ],
                            [
                                120.99614758700011,
                                14.675312473000076
                            ],
                            [
                                121.02257449100011,
                                14.690437151000026
                            ]
                        ]
                    ],
                    [
                        [
                            [
                                121.014809635,
                                14.709835197000075
                            ],
                            [
                                121.00086528200006,
                                14.75352332400007
                            ],
                            [
                                121.02796889500007,
                                14.781271736000065
                            ],
                            [
                                121.09759307400009,
                                14.768762164000066
                            ],
                            [
                                121.07503917800011,
                                14.740194067000061
                            ],
                            [
                                121.04083690900006,
                                14.742111187000035
                            ],
                            [
                                121.014809635,
                                14.709835197000075
                            ]
                        ]
                    ]
                ]
            },
            "properties": {
                "Shape_Leng": 0.692757642766,
                "Shape_Area": 0.00446774515978,
                "ADM3_EN": "Caloocan City",
                "ADM3_PCODE": "PH137501000",
                "ADM3_REF": null,
                "ADM3ALT1EN": null,
                "ADM3ALT2EN": null,
                "ADM2_EN": "NCR, Third District",
                "ADM2_PCODE": "PH137500000",
                "ADM1_EN": "National Capital Region",
                "ADM1_PCODE": "PH130000000",
                "ADM0_EN": "Philippines (the)",
                "ADM0_PCODE": "PH",
                "date": "2016/06/15",
                "validOn": "2018/01/30"
            }
        },
        {
            "type": "Feature",
            "geometry": {
                "type": "Polygon",
                "coordinates": [
                    [
                        [
                            120.9273320850001,
                            14.702649063000024
                        ],
                        [
                            120.95312750500011,
                            14.694240067000067
                        ],
                        [
                            120.99614758700011,
                            14.675312473000076
                        ],
                        [
                            120.9622596260001,
                            14.645016088000034
                        ],
                        [
                            120.9273320850001,
                            14.702649063000024
                        ]
                    ]
                ]
            },
            "properties": {
                "Shape_Leng": 0.262034407525,
                "Shape_Area": 0.00132294847378,
                "ADM3_EN": "City of Malabon",
                "ADM3_PCODE": "PH137502000",
                "ADM3_REF": null,
                "ADM3ALT1EN": null,
                "ADM3ALT2EN": null,
                "ADM2_EN": "NCR, Third District",
                "ADM2_PCODE": "PH137500000",
                "ADM1_EN": "National Capital Region",
                "ADM1_PCODE": "PH130000000",
                "ADM0_EN": "Philippines (the)",
                "ADM0_PCODE": "PH",
                "date": "2016/06/15",
                "validOn": "2018/01/30"
            }
        },
        {
            "type": "Feature",
            "geometry": {
                "type": "Polygon",
                "coordinates": [
                    [
                        [
                            120.9273320850001,
                            14.702649063000024
                        ],
                        [
                            120.9622596260001,
                            14.645016088000034
                        ],
                        [
                            120.96862458800001,
                            14.63559090800004
                        ],
                        [
                            120.95403416800002,
                            14.636900788000048
                        ],
                        [
                            120.92536221600005,
                            14.683986922000031
                        ],
                        [
                            120.9273320850001,
                            14.702649063000024
                        ]
                    ]
                ]
            },
            "properties": {
                "Shape_Leng": 0.301352299468,
                "Shape_Area": 0.000883984421659,
                "ADM3_EN": "City of Navotas",
                "ADM3_PCODE": "PH137503000",
                "ADM3_REF": null,
                "ADM3ALT1EN": null,
                "ADM3ALT2EN": null,
                "ADM2_EN": "NCR, Third District",
                "ADM2_PCODE": "PH137500000",
                "ADM1_EN": "National Capital Region",
                "ADM1_PCODE": "PH130000000",
                "ADM0_EN": "Philippines (the)",
                "ADM0_PCODE": "PH",
                "date": "2016/06/15",
                "validOn": "2018/01/30"
            }
        },
        {
            "type": "Feature",
            "geometry": {
                "type": "Polygon",
                "coordinates": [
                    [
                        [
                            121.00086528200006,
                            14.75352332400007
                        ],
                        [
                            121.014809635,
                            14.709835197000075
                        ],
                        [
                            121.02257449100011,
                            14.690437151000026
                        ],
                        [
                            120.99614758700011,
                            14.675312473000076
                        ],
                        [
                            120.95312750500011,
                            14.694240067000067
                        ],
                        [
                            120.95955042500009,
                            14.719873626000037
                        ],
                        [
                            121.00086528200006,
                            14.75352332400007
                        ]
                    ]
                ]
            },
            "properties": {
                "Shape_Leng": 0.413527803343,
                "Shape_Area": 0.00390677552682,
                "ADM3_EN": "City of Valenzuela",
                "ADM3_PCODE": "PH137504000",
                "ADM3_REF": null,
                "ADM3ALT1EN": null,
                "ADM3ALT2EN": null,
                "ADM2_EN": "NCR, Third District",
                "ADM2_PCODE": "PH137500000",
                "ADM1_EN": "National Capital Region",
                "ADM1_PCODE": "PH130000000",
                "ADM0_EN": "Philippines (the)",
                "ADM0_PCODE": "PH",
                "date": "2016/06/15",
                "validOn": "2018/01/30"
            }
        },
        {
            "type": "Feature",
            "geometry": {
                "type": "Polygon",
                "coordinates": [
                    [
                        [
                            121.02433824500008,
                            14.436169403000065
                        ],
                        [
                            121.01269010200008,
                            14.406896132000043
                        ],
                        [
                            121.01078450300008,
                            14.374852788000055
                        ],
                        [
                            120.9660033990001,
                            14.465722366000023
                        ],
                        [
                            120.98077125600003,
                            14.487464576000036
                        ],
                        [
                            120.99281317200007,
                            14.48273574600006
                        ],
                        [
                            121.02433824500008,
                            14.436169403000065
                        ]
                    ]
                ]
            },
            "properties": {
                "Shape_Leng": 0.362306024501,
                "Shape_Area": 0.00274450989627,
                "ADM3_EN": "City of Las Pi\u00f1as",
                "ADM3_PCODE": "PH137601000",
                "ADM3_REF": "City of Las Pinas",
                "ADM3ALT1EN": null,
                "ADM3ALT2EN": null,
                "ADM2_EN": "NCR, Fourth District",
                "ADM2_PCODE": "PH137600000",
                "ADM1_EN": "National Capital Region",
                "ADM1_PCODE": "PH130000000",
                "ADM0_EN": "Philippines (the)",
                "ADM0_PCODE": "PH",
                "date": "2016/06/15",
                "validOn": "2018/01/30"
            }
        },
        {
            "type": "Feature",
            "geometry": {
                "type": "Polygon",
                "coordinates": [
                    [
                        [
                            121.06431954100003,
                            14.551917179000043
                        ],
                        [
                            121.06641223400004,
                            14.537754094000036
                        ],
                        [
                            121.0222366910001,
                            14.530536428000062
                        ],
                        [
                            120.9988221540001,
                            14.561716357000023
                        ],
                        [
                            121.01643006400002,
                            14.579198222000059
                        ],
                        [
                            121.05041966400006,
                            14.56840210300004
                        ],
                        [
                            121.06431954100003,
                            14.551917179000043
                        ]
                    ]
                ]
            },
            "properties": {
                "Shape_Leng": 0.260316500066,
                "Shape_Area": 0.0020935361892,
                "ADM3_EN": "City of Makati",
                "ADM3_PCODE": "PH137602000",
                "ADM3_REF": null,
                "ADM3ALT1EN": null,
                "ADM3ALT2EN": null,
                "ADM2_EN": "NCR, Fourth District",
                "ADM2_PCODE": "PH137600000",
                "ADM1_EN": "National Capital Region",
                "ADM1_PCODE": "PH130000000",
                "ADM0_EN": "Philippines (the)",
                "ADM0_PCODE": "PH",
                "date": "2016/06/15",
                "validOn": "2018/01/30"
            }
        },
        {
            "type": "Feature",
            "geometry": {
                "type": "Polygon",
                "coordinates": [
                    [
                        [
                            121.05738463300008,
                            14.466723355000056
                        ],
                        [
                            121.05188986700011,
                            14.436265553000055
                        ],
                        [
                            121.05228134600009,
                            14.370942866000064
                        ],
                        [
                            121.00759085400011,
                            14.355170370000053
                        ],
                        [
                            121.01078450300008,
                            14.374852788000055
                        ],
                        [
                            121.01269010200008,
                            14.406896132000043
                        ],
                        [
                            121.02433824500008,
                            14.436169403000065
                        ],
                        [
                            121.04668523700002,
                            14.467856441000038
                        ],
                        [
                            121.05738463300008,
                            14.466723355000056
                        ]
                    ]
                ]
            },
            "properties": {
                "Shape_Leng": 0.391298030987,
                "Shape_Area": 0.0032829191823,
                "ADM3_EN": "City of Muntinlupa",
                "ADM3_PCODE": "PH137603000",
                "ADM3_REF": null,
                "ADM3ALT1EN": null,
                "ADM3ALT2EN": null,
                "ADM2_EN": "NCR, Fourth District",
                "ADM2_PCODE": "PH137600000",
                "ADM1_EN": "National Capital Region",
                "ADM1_PCODE": "PH130000000",
                "ADM0_EN": "Philippines (the)",
                "ADM0_PCODE": "PH",
                "date": "2016/06/15",
                "validOn": "2018/01/30"
            }
        },
        {
            "type": "Feature",
            "geometry": {
                "type": "Polygon",
                "coordinates": [
                    [
                        [
                            121.03527359400005,
                            14.506378342000062
                        ],
                        [
                            121.04668523700002,
                            14.467856441000038
                        ],
                        [
                            121.02433824500008,
                            14.436169403000065
                        ],
                        [
                            120.99281317200007,
                            14.48273574600006
                        ],
                        [
                            120.98077125600003,
                            14.487464576000036
                        ],
                        [
                            120.9780115530001,
                            14.489099628000076
                        ],
                        [
                            120.97626195400005,
                            14.49011177400007
                        ],
                        [
                            120.97914223700002,
                            14.529580794000026
                        ],
                        [
                            121.00111301800007,
                            14.511842245000025
                        ],
                        [
                            121.03527359400005,
                            14.506378342000062
                        ]
                    ]
                ]
            },
            "properties": {
                "Shape_Leng": 0.431593916464,
                "Shape_Area": 0.00375827282353,
                "ADM3_EN": "City of Para\u00f1aque",
                "ADM3_PCODE": "PH137604000",
                "ADM3_REF": "City of Paranaque",
                "ADM3ALT1EN": null,
                "ADM3ALT2EN": null,
                "ADM2_EN": "NCR, Fourth District",
                "ADM2_PCODE": "PH137600000",
                "ADM1_EN": "National Capital Region",
                "ADM1_PCODE": "PH130000000",
                "ADM0_EN": "Philippines (the)",
                "ADM0_PCODE": "PH",
                "date": "2016/06/15",
                "validOn": "2018/01/30"
            }
        },
        {
            "type": "Feature",
            "geometry": {
                "type": "Polygon",
                "coordinates": [
                    [
                        [
                            120.9988221540001,
                            14.561716357000023
                        ],
                        [
                            121.0222366910001,
                            14.530536428000062
                        ],
                        [
                            121.03527359400005,
                            14.506378342000062
                        ],
                        [
                            121.00111301800007,
                            14.511842245000025
                        ],
                        [
                            120.97914223700002,
                            14.529580794000026
                        ],
                        [
                            120.9784888480001,
                            14.555839238000033
                        ],
                        [
                            120.9988221540001,
                            14.561716357000023
                        ]
                    ]
                ]
            },
            "properties": {
                "Shape_Leng": 0.262552322957,
                "Shape_Area": 0.00149983031747,
                "ADM3_EN": "Pasay City",
                "ADM3_PCODE": "PH137605000",
                "ADM3_REF": null,
                "ADM3ALT1EN": null,
                "ADM3ALT2EN": null,
                "ADM2_EN": "NCR, Fourth District",
                "ADM2_PCODE": "PH137600000",
                "ADM1_EN": "National Capital Region",
                "ADM1_PCODE": "PH130000000",
                "ADM0_EN": "Philippines (the)",
                "ADM0_PCODE": "PH",
                "date": "2016/06/15",
                "validOn": "2018/01/30"
            }
        },
        {
            "type": "Feature",
            "geometry": {
                "type": "Polygon",
                "coordinates": [
                    [
                        [
                            121.07805766000001,
                            14.546894164000037
                        ],
                        [
                            121.06641223400004,
                            14.537754094000036
                        ],
                        [
                            121.06431954100003,
                            14.551917179000043
                        ],
                        [
                            121.07805766000001,
                            14.546894164000037
                        ]
                    ]
                ]
            },
            "properties": {
                "Shape_Leng": 0.0681929080662,
                "Shape_Area": 0.000134956092333,
                "ADM3_EN": "Pateros",
                "ADM3_PCODE": "PH137606000",
                "ADM3_REF": null,
                "ADM3ALT1EN": null,
                "ADM3ALT2EN": null,
                "ADM2_EN": "NCR, Fourth District",
                "ADM2_PCODE": "PH137600000",
                "ADM1_EN": "National Capital Region",
                "ADM1_PCODE": "PH130000000",
                "ADM0_EN": "Philippines (the)",
                "ADM0_PCODE": "PH",
                "date": "2016/06/15",
                "validOn": "2018/01/30"
            }
        },
        {
            "type": "Feature",
            "geometry": {
                "type": "Polygon",
                "coordinates": [
                    [
                        [
                            121.05738463300008,
                            14.466723355000056
                        ],
                        [
                            121.04668523700002,
                            14.467856441000038
                        ],
                        [
                            121.03527359400005,
                            14.506378342000062
                        ],
                        [
                            121.0222366910001,
                            14.530536428000062
                        ],
                        [
                            121.06641223400004,
                            14.537754094000036
                        ],
                        [
                            121.07805766000001,
                            14.546894164000037
                        ],
                        [
                            121.10384570800011,
                            14.530768855000076
                        ],
                        [
                            121.08809898400011,
                            14.50842463600003
                        ],
                        [
                            121.06932934800011,
                            14.506686393000052
                        ],
                        [
                            121.05738463300008,
                            14.466723355000056
                        ]
                    ]
                ]
            },
            "properties": {
                "Shape_Leng": 0.358175683546,
                "Shape_Area": 0.00298765545488,
                "ADM3_EN": "Taguig City",
                "ADM3_PCODE": "PH137607000",
                "ADM3_REF": null,
                "ADM3ALT1EN": null,
                "ADM3ALT2EN": null,
                "ADM2_EN": "NCR, Fourth District",
                "ADM2_PCODE": "PH137600000",
                "ADM1_EN": "National Capital Region",
                "ADM1_PCODE": "PH130000000",
                "ADM0_EN": "Philippines (the)",
                "ADM0_PCODE": "PH",
                "date": "2016/06/15",
                "validOn": "2018/01/30"
            }
        }
    ]
}